[2026-03-25 05:37:56] local.ERROR: Please provide a valid cache path. {"user_id":null,"url":"http://localhost","exception":"[object] (InvalidArgumentException(code: 0): Please provide a valid cache path. at C:/Users/Mugahed/Desktop/MyMetier/vendor/laravel/framework/src/Illuminate/View/Compilers/Compiler.php:75)
[stacktrace]
#0 C:/Users/Mugahed/Desktop/MyMetier/vendor/laravel/framework/src/Illuminate/View/ViewServiceProvider.php(97): Illuminate/View/Compilers/Compiler->__construct(Object(Illuminate/Filesystem/Filesystem), false, '', true, 'php', true)
#1 C:/Users/Mugahed/Desktop/MyMetier/vendor/laravel/framework/src/Illuminate/Container/Container.php(1118): Illuminate/View/ViewServiceProvider->{closure:Illuminate/View/ViewServiceProvider::registerBladeCompiler():96}(Object(Illuminate/Foundation/Application), Array)
#2 C:/Users/Mugahed/Desktop/MyMetier/vendor/laravel/framework/src/Illuminate/Container/Container.php(936): Illuminate/Container/Container->build(Object(Closure))
#3 C:/Users/Mugahed/Desktop/MyMetier/vendor/laravel/framework/src/Illuminate/Foundation/Application.php(1078): Illuminate/Container/Container->resolve('blade.compiler', Array, true)
#4 C:/Users/Mugahed/Desktop/MyMetier/vendor/laravel/framework/src/Illuminate/Container/Container.php(864): Illuminate/Foundation/Application->resolve('blade.compiler', Array)
#5 C:/Users/Mugahed/Desktop/MyMetier/vendor/laravel/framework/src/Illuminate/Foundation/Application.php(1058): Illuminate/Container/Container->make('blade.compiler', Array)
#6 C:/Users/Mugahed/Desktop/MyMetier/vendor/laravel/framework/src/Illuminate/Container/Container.php(1810): Illuminate/Foundation/Application->make('blade.compiler')
#7 C:/Users/Mugahed/Desktop/MyMetier/vendor/laravel/framework/src/Illuminate/Support/Facades/Facade.php(240): Illuminate/Container/Container->offsetGet('blade.compiler')
#8 C:/Users/Mugahed/Desktop/MyMetier/vendor/laravel/framework/src/Illuminate/Support/Facades/Facade.php(211): Illuminate/Support/Facades/Facade::resolveFacadeInstance('blade.compiler')
#9 C:/Users/Mugahed/Desktop/MyMetier/vendor/laravel/framework/src/Illuminate/Support/Facades/Facade.php(357): Illuminate/Support/Facades/Facade::getFacadeRoot()
#10 C:/Users/Mugahed/Desktop/MyMetier/vendor/blade-ui-kit/blade-icons/src/BladeIconsServiceProvider.php(118): Illuminate/Support/Facades/Facade::__callStatic('directive', Array)
#11 C:/Users/Mugahed/Desktop/MyMetier/vendor/blade-ui-kit/blade-icons/src/BladeIconsServiceProvider.php(27): BladeUI/Icons/BladeIconsServiceProvider->bootDirectives()
#12 C:/Users/Mugahed/Desktop/MyMetier/vendor/laravel/framework/src/Illuminate/Container/BoundMethod.php(36): BladeUI/Icons/BladeIconsServiceProvider->boot()
#13 C:/Users/Mugahed/Desktop/MyMetier/vendor/laravel/framework/src/Illuminate/Container/Util.php(43): Illuminate/Container/BoundMethod::{closure:Illuminate/Container/BoundMethod::call():35}()
#14 C:/Users/Mugahed/Desktop/MyMetier/vendor/laravel/framework/src/Illuminate/Container/BoundMethod.php(96): Illuminate/Container/Util::unwrapIfClosure(Object(Closure))
#15 C:/Users/Mugahed/Desktop/MyMetier/vendor/laravel/framework/src/Illuminate/Container/BoundMethod.php(35): Illuminate/Container/BoundMethod::callBoundMethod(Object(Illuminate/Foundation/Application), Array, Object(Closure))
#16 C:/Users/Mugahed/Desktop/MyMetier/vendor/laravel/framework/src/Illuminate/Container/Container.php(799): Illuminate/Container/BoundMethod::call(Object(Illuminate/Foundation/Application), Array, Array, NULL)
#17 C:/Users/Mugahed/Desktop/MyMetier/vendor/laravel/framework/src/Illuminate/Foundation/Application.php(1151): Illuminate/Container/Container->call(Array)
#18 C:/Users/Mugahed/Desktop/MyMetier/vendor/laravel/framework/src/Illuminate/Foundation/Application.php(1132): Illuminate/Foundation/Application->bootProvider(Object(BladeUI/Icons/BladeIconsServiceProvider))
#19 [internal function]: Illuminate/Foundation/Application->{closure:Illuminate/Foundation/Application::boot():1131}(Object(BladeUI/Icons/BladeIconsServiceProvider), 'BladeUI//Icons//B...')
#20 C:/Users/Mugahed/Desktop/MyMetier/vendor/laravel/framework/src/Illuminate/Foundation/Application.php(1131): array_walk(Array, Object(Closure))
#21 C:/Users/Mugahed/Desktop/MyMetier/vendor/laravel/framework/src/Illuminate/Foundation/Bootstrap/BootProviders.php(17): Illuminate/Foundation/Application->boot()
#22 C:/Users/Mugahed/Desktop/MyMetier/vendor/laravel/framework/src/Illuminate/Foundation/Application.php(342): Illuminate/Foundation/Bootstrap/BootProviders->bootstrap(Object(Illuminate/Foundation/Application))
#23 C:/Users/Mugahed/Desktop/MyMetier/vendor/laravel/framework/src/Illuminate/Foundation/Console/Kernel.php(494): Illuminate/Foundation/Application->bootstrapWith(Array)
#24 C:/Users/Mugahed/Desktop/MyMetier/vendor/laravel/framework/src/Illuminate/Foundation/Console/Kernel.php(196): Illuminate/Foundation/Console/Kernel->bootstrap()
#25 C:/Users/Mugahed/Desktop/MyMetier/vendor/laravel/framework/src/Illuminate/Foundation/Application.php(1235): Illuminate/Foundation/Console/Kernel->handle(Object(Symfony/Component/Console/Input/ArgvInput), Object(Symfony/Component/Console/Output/ConsoleOutput))
#26 C:/Users/Mugahed/Desktop/MyMetier/artisan(16): Illuminate/Foundation/Application->handleCommand(Object(Symfony/Component/Console/Input/ArgvInput))
#27 {main}
"} 
[2026-03-25 05:42:28] local.ERROR: Please provide a valid cache path. {"user_id":null,"url":"http://localhost","exception":"[object] (InvalidArgumentException(code: 0): Please provide a valid cache path. at C:/Users/Mugahed/Desktop/MyMetier/vendor/laravel/framework/src/Illuminate/View/Compilers/Compiler.php:75)
[stacktrace]
#0 C:/Users/Mugahed/Desktop/MyMetier/vendor/laravel/framework/src/Illuminate/View/ViewServiceProvider.php(97): Illuminate/View/Compilers/Compiler->__construct(Object(Illuminate/Filesystem/Filesystem), false, '', true, 'php', true)
#1 C:/Users/Mugahed/Desktop/MyMetier/vendor/laravel/framework/src/Illuminate/Container/Container.php(1118): Illuminate/View/ViewServiceProvider->{closure:Illuminate/View/ViewServiceProvider::registerBladeCompiler():96}(Object(Illuminate/Foundation/Application), Array)
#2 C:/Users/Mugahed/Desktop/MyMetier/vendor/laravel/framework/src/Illuminate/Container/Container.php(936): Illuminate/Container/Container->build(Object(Closure))
#3 C:/Users/Mugahed/Desktop/MyMetier/vendor/laravel/framework/src/Illuminate/Foundation/Application.php(1078): Illuminate/Container/Container->resolve('blade.compiler', Array, true)
#4 C:/Users/Mugahed/Desktop/MyMetier/vendor/laravel/framework/src/Illuminate/Container/Container.php(864): Illuminate/Foundation/Application->resolve('blade.compiler', Array)
#5 C:/Users/Mugahed/Desktop/MyMetier/vendor/laravel/framework/src/Illuminate/Foundation/Application.php(1058): Illuminate/Container/Container->make('blade.compiler', Array)
#6 C:/Users/Mugahed/Desktop/MyMetier/vendor/laravel/framework/src/Illuminate/Container/Container.php(1810): Illuminate/Foundation/Application->make('blade.compiler')
#7 C:/Users/Mugahed/Desktop/MyMetier/vendor/laravel/framework/src/Illuminate/Support/Facades/Facade.php(240): Illuminate/Container/Container->offsetGet('blade.compiler')
#8 C:/Users/Mugahed/Desktop/MyMetier/vendor/laravel/framework/src/Illuminate/Support/Facades/Facade.php(211): Illuminate/Support/Facades/Facade::resolveFacadeInstance('blade.compiler')
#9 C:/Users/Mugahed/Desktop/MyMetier/vendor/laravel/framework/src/Illuminate/Support/Facades/Facade.php(357): Illuminate/Support/Facades/Facade::getFacadeRoot()
#10 C:/Users/Mugahed/Desktop/MyMetier/vendor/blade-ui-kit/blade-icons/src/BladeIconsServiceProvider.php(118): Illuminate/Support/Facades/Facade::__callStatic('directive', Array)
#11 C:/Users/Mugahed/Desktop/MyMetier/vendor/blade-ui-kit/blade-icons/src/BladeIconsServiceProvider.php(27): BladeUI/Icons/BladeIconsServiceProvider->bootDirectives()
#12 C:/Users/Mugahed/Desktop/MyMetier/vendor/laravel/framework/src/Illuminate/Container/BoundMethod.php(36): BladeUI/Icons/BladeIconsServiceProvider->boot()
#13 C:/Users/Mugahed/Desktop/MyMetier/vendor/laravel/framework/src/Illuminate/Container/Util.php(43): Illuminate/Container/BoundMethod::{closure:Illuminate/Container/BoundMethod::call():35}()
#14 C:/Users/Mugahed/Desktop/MyMetier/vendor/laravel/framework/src/Illuminate/Container/BoundMethod.php(96): Illuminate/Container/Util::unwrapIfClosure(Object(Closure))
#15 C:/Users/Mugahed/Desktop/MyMetier/vendor/laravel/framework/src/Illuminate/Container/BoundMethod.php(35): Illuminate/Container/BoundMethod::callBoundMethod(Object(Illuminate/Foundation/Application), Array, Object(Closure))
#16 C:/Users/Mugahed/Desktop/MyMetier/vendor/laravel/framework/src/Illuminate/Container/Container.php(799): Illuminate/Container/BoundMethod::call(Object(Illuminate/Foundation/Application), Array, Array, NULL)
#17 C:/Users/Mugahed/Desktop/MyMetier/vendor/laravel/framework/src/Illuminate/Foundation/Application.php(1151): Illuminate/Container/Container->call(Array)
#18 C:/Users/Mugahed/Desktop/MyMetier/vendor/laravel/framework/src/Illuminate/Foundation/Application.php(1132): Illuminate/Foundation/Application->bootProvider(Object(BladeUI/Icons/BladeIconsServiceProvider))
#19 [internal function]: Illuminate/Foundation/Application->{closure:Illuminate/Foundation/Application::boot():1131}(Object(BladeUI/Icons/BladeIconsServiceProvider), 'BladeUI//Icons//B...')
#20 C:/Users/Mugahed/Desktop/MyMetier/vendor/laravel/framework/src/Illuminate/Foundation/Application.php(1131): array_walk(Array, Object(Closure))
#21 C:/Users/Mugahed/Desktop/MyMetier/vendor/laravel/framework/src/Illuminate/Foundation/Bootstrap/BootProviders.php(17): Illuminate/Foundation/Application->boot()
#22 C:/Users/Mugahed/Desktop/MyMetier/vendor/laravel/framework/src/Illuminate/Foundation/Application.php(342): Illuminate/Foundation/Bootstrap/BootProviders->bootstrap(Object(Illuminate/Foundation/Application))
#23 C:/Users/Mugahed/Desktop/MyMetier/vendor/laravel/framework/src/Illuminate/Foundation/Console/Kernel.php(494): Illuminate/Foundation/Application->bootstrapWith(Array)
#24 C:/Users/Mugahed/Desktop/MyMetier/vendor/laravel/framework/src/Illuminate/Foundation/Console/Kernel.php(196): Illuminate/Foundation/Console/Kernel->bootstrap()
#25 C:/Users/Mugahed/Desktop/MyMetier/vendor/laravel/framework/src/Illuminate/Foundation/Application.php(1235): Illuminate/Foundation/Console/Kernel->handle(Object(Symfony/Component/Console/Input/ArgvInput), Object(Symfony/Component/Console/Output/ConsoleOutput))
#26 C:/Users/Mugahed/Desktop/MyMetier/artisan(16): Illuminate/Foundation/Application->handleCommand(Object(Symfony/Component/Console/Input/ArgvInput))
#27 {main}
"} 
[2026-03-25 05:45:07] local.ERROR: Database file at path [C:\Users\Mugahed\Desktop\MyMetier\database\database.sqlite] does not exist. Ensure this is an absolute path to the database. (Connection: sqlite, Database: C:\Users\Mugahed\Desktop\MyMetier\database\database.sqlite, SQL: delete from "cache") {"user_id":null,"url":"http://localhost","exception":"[object] (Illuminate\\Database\\QueryException(code: 0): Database file at path [C:\\Users\\Mugahed\\Desktop\\MyMetier\\database\\database.sqlite] does not exist. Ensure this is an absolute path to the database. (Connection: sqlite, Database: C:\\Users\\Mugahed\\Desktop\\MyMetier\\database\\database.sqlite, SQL: delete from \"cache\") at C:/Users/Mugahed/Desktop/MyMetier/vendor/laravel/framework/src/Illuminate/Database/Connection.php:841)
[stacktrace]
#0 C:/Users/Mugahed/Desktop/MyMetier/vendor/laravel/framework/src/Illuminate/Database/Connection.php(797): Illuminate/Database/Connection->runQueryCallback('delete from \"ca...', Array, Object(Closure))
#1 C:/Users/Mugahed/Desktop/MyMetier/vendor/laravel/framework/src/Illuminate/Database/Connection.php(600): Illuminate/Database/Connection->run('delete from \"ca...', Array, Object(Closure))
#2 C:/Users/Mugahed/Desktop/MyMetier/vendor/laravel/framework/src/Illuminate/Database/Connection.php(564): Illuminate/Database/Connection->affectingStatement('delete from \"ca...', Array)
#3 C:/Users/Mugahed/Desktop/MyMetier/vendor/laravel/framework/src/Illuminate/Database/Query/Builder.php(4509): Illuminate/Database/Connection->delete('delete from \"ca...', Array)
#4 C:/Users/Mugahed/Desktop/MyMetier/vendor/laravel/framework/src/Illuminate/Cache/DatabaseStore.php(450): Illuminate/Database/Query/Builder->delete()
#5 C:/Users/Mugahed/Desktop/MyMetier/vendor/laravel/framework/src/Illuminate/Cache/Repository.php(1003): Illuminate/Cache/DatabaseStore->flush()
#6 C:/Users/Mugahed/Desktop/MyMetier/vendor/laravel/framework/src/Illuminate/Cache/Console/ClearCommand.php(73): Illuminate/Cache/Repository->__call('flush', Array)
#7 C:/Users/Mugahed/Desktop/MyMetier/vendor/laravel/framework/src/Illuminate/Container/BoundMethod.php(36): Illuminate/Cache/Console/ClearCommand->handle()
#8 C:/Users/Mugahed/Desktop/MyMetier/vendor/laravel/framework/src/Illuminate/Container/Util.php(43): Illuminate/Container/BoundMethod::{closure:Illuminate/Container/BoundMethod::call():35}()
#9 C:/Users/Mugahed/Desktop/MyMetier/vendor/laravel/framework/src/Illuminate/Container/BoundMethod.php(96): Illuminate/Container/Util::unwrapIfClosure(Object(Closure))
#10 C:/Users/Mugahed/Desktop/MyMetier/vendor/laravel/framework/src/Illuminate/Container/BoundMethod.php(35): Illuminate/Container/BoundMethod::callBoundMethod(Object(Illuminate/Foundation/Application), Array, Object(Closure))
#11 C:/Users/Mugahed/Desktop/MyMetier/vendor/laravel/framework/src/Illuminate/Container/Container.php(799): Illuminate/Container/BoundMethod::call(Object(Illuminate/Foundation/Application), Array, Array, NULL)
#12 C:/Users/Mugahed/Desktop/MyMetier/vendor/laravel/framework/src/Illuminate/Console/Command.php(273): Illuminate/Container/Container->call(Array)
#13 C:/Users/Mugahed/Desktop/MyMetier/vendor/symfony/console/Command/Command.php(291): Illuminate/Console/Command->execute(Object(Symfony/Component/Console/Input/ArrayInput), Object(Illuminate/Console/OutputStyle))
#14 C:/Users/Mugahed/Desktop/MyMetier/vendor/laravel/framework/src/Illuminate/Console/Command.php(242): Symfony/Component/Console/Command/Command->run(Object(Symfony/Component/Console/Input/ArrayInput), Object(Illuminate/Console/OutputStyle))
#15 C:/Users/Mugahed/Desktop/MyMetier/vendor/laravel/framework/src/Illuminate/Console/Concerns/CallsCommands.php(68): Illuminate/Console/Command->run(Object(Symfony/Component/Console/Input/ArrayInput), Object(Symfony/Component/Console/Output/NullOutput))
#16 C:/Users/Mugahed/Desktop/MyMetier/vendor/laravel/framework/src/Illuminate/Console/Concerns/CallsCommands.php(41): Illuminate/Console/Command->runCommand('cache:clear', Array, Object(Symfony/Component/Console/Output/NullOutput))
#17 C:/Users/Mugahed/Desktop/MyMetier/vendor/laravel/framework/src/Illuminate/Console/Concerns/CallsCommands.php(53): Illuminate/Console/Command->callSilent('cache:clear', Array)
#18 C:/Users/Mugahed/Desktop/MyMetier/vendor/laravel/framework/src/Illuminate/Foundation/Console/OptimizeClearCommand.php(48): Illuminate/Console/Command->callSilently('cache:clear')
#19 C:/Users/Mugahed/Desktop/MyMetier/vendor/laravel/framework/src/Illuminate/Console/View/Components/Task.php(43): Illuminate/Foundation/Console/OptimizeClearCommand->{closure:Illuminate/Foundation/Console/OptimizeClearCommand::handle():48}()
#20 C:/Users/Mugahed/Desktop/MyMetier/vendor/laravel/framework/src/Illuminate/Console/View/Components/Factory.php(59): Illuminate/Console/View/Components/Task->render('cache', Object(Closure))
#21 C:/Users/Mugahed/Desktop/MyMetier/vendor/laravel/framework/src/Illuminate/Foundation/Console/OptimizeClearCommand.php(48): Illuminate/Console/View/Components/Factory->__call('task', Array)
#22 C:/Users/Mugahed/Desktop/MyMetier/vendor/laravel/framework/src/Illuminate/Container/BoundMethod.php(36): Illuminate/Foundation/Console/OptimizeClearCommand->handle()
#23 C:/Users/Mugahed/Desktop/MyMetier/vendor/laravel/framework/src/Illuminate/Container/Util.php(43): Illuminate/Container/BoundMethod::{closure:Illuminate/Container/BoundMethod::call():35}()
#24 C:/Users/Mugahed/Desktop/MyMetier/vendor/laravel/framework/src/Illuminate/Container/BoundMethod.php(96): Illuminate/Container/Util::unwrapIfClosure(Object(Closure))
#25 C:/Users/Mugahed/Desktop/MyMetier/vendor/laravel/framework/src/Illuminate/Container/BoundMethod.php(35): Illuminate/Container/BoundMethod::callBoundMethod(Object(Illuminate/Foundation/Application), Array, Object(Closure))
#26 C:/Users/Mugahed/Desktop/MyMetier/vendor/laravel/framework/src/Illuminate/Container/Container.php(799): Illuminate/Container/BoundMethod::call(Object(Illuminate/Foundation/Application), Array, Array, NULL)
#27 C:/Users/Mugahed/Desktop/MyMetier/vendor/laravel/framework/src/Illuminate/Console/Command.php(273): Illuminate/Container/Container->call(Array)
#28 C:/Users/Mugahed/Desktop/MyMetier/vendor/symfony/console/Command/Command.php(291): Illuminate/Console/Command->execute(Object(Symfony/Component/Console/Input/ArgvInput), Object(Illuminate/Console/OutputStyle))
#29 C:/Users/Mugahed/Desktop/MyMetier/vendor/laravel/framework/src/Illuminate/Console/Command.php(242): Symfony/Component/Console/Command/Command->run(Object(Symfony/Component/Console/Input/ArgvInput), Object(Illuminate/Console/OutputStyle))
#30 C:/Users/Mugahed/Desktop/MyMetier/vendor/symfony/console/Application.php(1107): Illuminate/Console/Command->run(Object(Symfony/Component/Console/Input/ArgvInput), Object(Symfony/Component/Console/Output/ConsoleOutput))
#31 C:/Users/Mugahed/Desktop/MyMetier/vendor/symfony/console/Application.php(356): Symfony/Component/Console/Application->doRunCommand(Object(Illuminate/Foundation/Console/OptimizeClearCommand), Object(Symfony/Component/Console/Input/ArgvInput), Object(Symfony/Component/Console/Output/ConsoleOutput))
#32 C:/Users/Mugahed/Desktop/MyMetier/vendor/symfony/console/Application.php(195): Symfony/Component/Console/Application->doRun(Object(Symfony/Component/Console/Input/ArgvInput), Object(Symfony/Component/Console/Output/ConsoleOutput))
#33 C:/Users/Mugahed/Desktop/MyMetier/vendor/laravel/framework/src/Illuminate/Foundation/Console/Kernel.php(198): Symfony/Component/Console/Application->run(Object(Symfony/Component/Console/Input/ArgvInput), Object(Symfony/Component/Console/Output/ConsoleOutput))
#34 C:/Users/Mugahed/Desktop/MyMetier/vendor/laravel/framework/src/Illuminate/Foundation/Application.php(1235): Illuminate/Foundation/Console/Kernel->handle(Object(Symfony/Component/Console/Input/ArgvInput), Object(Symfony/Component/Console/Output/ConsoleOutput))
#35 C:/Users/Mugahed/Desktop/MyMetier/artisan(16): Illuminate/Foundation/Application->handleCommand(Object(Symfony/Component/Console/Input/ArgvInput))
#36 {main}

[previous exception] [object] (Illuminate\\Database\\SQLiteDatabaseDoesNotExistException(code: 0): Database file at path [C:\\Users\\Mugahed\\Desktop\\MyMetier\\database\\database.sqlite] does not exist. Ensure this is an absolute path to the database. at C:/Users/Mugahed/Desktop/MyMetier/vendor/laravel/framework/src/Illuminate/Database/Connectors/SQLiteConnector.php:60)
[stacktrace]
#0 C:/Users/Mugahed/Desktop/MyMetier/vendor/laravel/framework/src/Illuminate/Database/Connectors/SQLiteConnector.php(19): Illuminate/Database/Connectors/SQLiteConnector->parseDatabasePath(false)
#1 C:/Users/Mugahed/Desktop/MyMetier/vendor/laravel/framework/src/Illuminate/Database/Connectors/ConnectionFactory.php(225): Illuminate/Database/Connectors/SQLiteConnector->connect(Array)
#2 [internal function]: Illuminate/Database/Connectors/ConnectionFactory->{closure:Illuminate/Database/Connectors/ConnectionFactory::createPdoResolverWithoutHosts():225}()
#3 C:/Users/Mugahed/Desktop/MyMetier/vendor/laravel/framework/src/Illuminate/Database/Connection.php(1260): call_user_func(Object(Closure))
#4 C:/Users/Mugahed/Desktop/MyMetier/vendor/laravel/framework/src/Illuminate/Database/Connection.php(608): Illuminate/Database/Connection->getPdo()
#5 C:/Users/Mugahed/Desktop/MyMetier/vendor/laravel/framework/src/Illuminate/Database/Connection.php(830): Illuminate/Database/Connection->{closure:Illuminate/Database/Connection::affectingStatement():600}('delete from \"ca...', Array)
#6 C:/Users/Mugahed/Desktop/MyMetier/vendor/laravel/framework/src/Illuminate/Database/Connection.php(797): Illuminate/Database/Connection->runQueryCallback('delete from \"ca...', Array, Object(Closure))
#7 C:/Users/Mugahed/Desktop/MyMetier/vendor/laravel/framework/src/Illuminate/Database/Connection.php(600): Illuminate/Database/Connection->run('delete from \"ca...', Array, Object(Closure))
#8 C:/Users/Mugahed/Desktop/MyMetier/vendor/laravel/framework/src/Illuminate/Database/Connection.php(564): Illuminate/Database/Connection->affectingStatement('delete from \"ca...', Array)
#9 C:/Users/Mugahed/Desktop/MyMetier/vendor/laravel/framework/src/Illuminate/Database/Query/Builder.php(4509): Illuminate/Database/Connection->delete('delete from \"ca...', Array)
#10 C:/Users/Mugahed/Desktop/MyMetier/vendor/laravel/framework/src/Illuminate/Cache/DatabaseStore.php(450): Illuminate/Database/Query/Builder->delete()
#11 C:/Users/Mugahed/Desktop/MyMetier/vendor/laravel/framework/src/Illuminate/Cache/Repository.php(1003): Illuminate/Cache/DatabaseStore->flush()
#12 C:/Users/Mugahed/Desktop/MyMetier/vendor/laravel/framework/src/Illuminate/Cache/Console/ClearCommand.php(73): Illuminate/Cache/Repository->__call('flush', Array)
#13 C:/Users/Mugahed/Desktop/MyMetier/vendor/laravel/framework/src/Illuminate/Container/BoundMethod.php(36): Illuminate/Cache/Console/ClearCommand->handle()
#14 C:/Users/Mugahed/Desktop/MyMetier/vendor/laravel/framework/src/Illuminate/Container/Util.php(43): Illuminate/Container/BoundMethod::{closure:Illuminate/Container/BoundMethod::call():35}()
#15 C:/Users/Mugahed/Desktop/MyMetier/vendor/laravel/framework/src/Illuminate/Container/BoundMethod.php(96): Illuminate/Container/Util::unwrapIfClosure(Object(Closure))
#16 C:/Users/Mugahed/Desktop/MyMetier/vendor/laravel/framework/src/Illuminate/Container/BoundMethod.php(35): Illuminate/Container/BoundMethod::callBoundMethod(Object(Illuminate/Foundation/Application), Array, Object(Closure))
#17 C:/Users/Mugahed/Desktop/MyMetier/vendor/laravel/framework/src/Illuminate/Container/Container.php(799): Illuminate/Container/BoundMethod::call(Object(Illuminate/Foundation/Application), Array, Array, NULL)
#18 C:/Users/Mugahed/Desktop/MyMetier/vendor/laravel/framework/src/Illuminate/Console/Command.php(273): Illuminate/Container/Container->call(Array)
#19 C:/Users/Mugahed/Desktop/MyMetier/vendor/symfony/console/Command/Command.php(291): Illuminate/Console/Command->execute(Object(Symfony/Component/Console/Input/ArrayInput), Object(Illuminate/Console/OutputStyle))
#20 C:/Users/Mugahed/Desktop/MyMetier/vendor/laravel/framework/src/Illuminate/Console/Command.php(242): Symfony/Component/Console/Command/Command->run(Object(Symfony/Component/Console/Input/ArrayInput), Object(Illuminate/Console/OutputStyle))
#21 C:/Users/Mugahed/Desktop/MyMetier/vendor/laravel/framework/src/Illuminate/Console/Concerns/CallsCommands.php(68): Illuminate/Console/Command->run(Object(Symfony/Component/Console/Input/ArrayInput), Object(Symfony/Component/Console/Output/NullOutput))
#22 C:/Users/Mugahed/Desktop/MyMetier/vendor/laravel/framework/src/Illuminate/Console/Concerns/CallsCommands.php(41): Illuminate/Console/Command->runCommand('cache:clear', Array, Object(Symfony/Component/Console/Output/NullOutput))
#23 C:/Users/Mugahed/Desktop/MyMetier/vendor/laravel/framework/src/Illuminate/Console/Concerns/CallsCommands.php(53): Illuminate/Console/Command->callSilent('cache:clear', Array)
#24 C:/Users/Mugahed/Desktop/MyMetier/vendor/laravel/framework/src/Illuminate/Foundation/Console/OptimizeClearCommand.php(48): Illuminate/Console/Command->callSilently('cache:clear')
#25 C:/Users/Mugahed/Desktop/MyMetier/vendor/laravel/framework/src/Illuminate/Console/View/Components/Task.php(43): Illuminate/Foundation/Console/OptimizeClearCommand->{closure:Illuminate/Foundation/Console/OptimizeClearCommand::handle():48}()
#26 C:/Users/Mugahed/Desktop/MyMetier/vendor/laravel/framework/src/Illuminate/Console/View/Components/Factory.php(59): Illuminate/Console/View/Components/Task->render('cache', Object(Closure))
#27 C:/Users/Mugahed/Desktop/MyMetier/vendor/laravel/framework/src/Illuminate/Foundation/Console/OptimizeClearCommand.php(48): Illuminate/Console/View/Components/Factory->__call('task', Array)
#28 C:/Users/Mugahed/Desktop/MyMetier/vendor/laravel/framework/src/Illuminate/Container/BoundMethod.php(36): Illuminate/Foundation/Console/OptimizeClearCommand->handle()
#29 C:/Users/Mugahed/Desktop/MyMetier/vendor/laravel/framework/src/Illuminate/Container/Util.php(43): Illuminate/Container/BoundMethod::{closure:Illuminate/Container/BoundMethod::call():35}()
#30 C:/Users/Mugahed/Desktop/MyMetier/vendor/laravel/framework/src/Illuminate/Container/BoundMethod.php(96): Illuminate/Container/Util::unwrapIfClosure(Object(Closure))
#31 C:/Users/Mugahed/Desktop/MyMetier/vendor/laravel/framework/src/Illuminate/Container/BoundMethod.php(35): Illuminate/Container/BoundMethod::callBoundMethod(Object(Illuminate/Foundation/Application), Array, Object(Closure))
#32 C:/Users/Mugahed/Desktop/MyMetier/vendor/laravel/framework/src/Illuminate/Container/Container.php(799): Illuminate/Container/BoundMethod::call(Object(Illuminate/Foundation/Application), Array, Array, NULL)
#33 C:/Users/Mugahed/Desktop/MyMetier/vendor/laravel/framework/src/Illuminate/Console/Command.php(273): Illuminate/Container/Container->call(Array)
#34 C:/Users/Mugahed/Desktop/MyMetier/vendor/symfony/console/Command/Command.php(291): Illuminate/Console/Command->execute(Object(Symfony/Component/Console/Input/ArgvInput), Object(Illuminate/Console/OutputStyle))
#35 C:/Users/Mugahed/Desktop/MyMetier/vendor/laravel/framework/src/Illuminate/Console/Command.php(242): Symfony/Component/Console/Command/Command->run(Object(Symfony/Component/Console/Input/ArgvInput), Object(Illuminate/Console/OutputStyle))
#36 C:/Users/Mugahed/Desktop/MyMetier/vendor/symfony/console/Application.php(1107): Illuminate/Console/Command->run(Object(Symfony/Component/Console/Input/ArgvInput), Object(Symfony/Component/Console/Output/ConsoleOutput))
#37 C:/Users/Mugahed/Desktop/MyMetier/vendor/symfony/console/Application.php(356): Symfony/Component/Console/Application->doRunCommand(Object(Illuminate/Foundation/Console/OptimizeClearCommand), Object(Symfony/Component/Console/Input/ArgvInput), Object(Symfony/Component/Console/Output/ConsoleOutput))
#38 C:/Users/Mugahed/Desktop/MyMetier/vendor/symfony/console/Application.php(195): Symfony/Component/Console/Application->doRun(Object(Symfony/Component/Console/Input/ArgvInput), Object(Symfony/Component/Console/Output/ConsoleOutput))
#39 C:/Users/Mugahed/Desktop/MyMetier/vendor/laravel/framework/src/Illuminate/Foundation/Console/Kernel.php(198): Symfony/Component/Console/Application->run(Object(Symfony/Component/Console/Input/ArgvInput), Object(Symfony/Component/Console/Output/ConsoleOutput))
#40 C:/Users/Mugahed/Desktop/MyMetier/vendor/laravel/framework/src/Illuminate/Foundation/Application.php(1235): Illuminate/Foundation/Console/Kernel->handle(Object(Symfony/Component/Console/Input/ArgvInput), Object(Symfony/Component/Console/Output/ConsoleOutput))
#41 C:/Users/Mugahed/Desktop/MyMetier/artisan(16): Illuminate/Foundation/Application->handleCommand(Object(Symfony/Component/Console/Input/ArgvInput))
#42 {main}
"} 
[2026-03-25 06:16:27] local.ERROR: SQLSTATE[HY000]: General error: 1 no such table: cache (Connection: sqlite, Database: C:\Users\Mugahed\Desktop\MyMetier\database\database.sqlite, SQL: delete from "cache") {"user_id":null,"url":"http://localhost","exception":"[object] (Illuminate\\Database\\QueryException(code: HY000): SQLSTATE[HY000]: General error: 1 no such table: cache (Connection: sqlite, Database: C:\\Users\\Mugahed\\Desktop\\MyMetier\\database\\database.sqlite, SQL: delete from \"cache\") at C:/Users/Mugahed/Desktop/MyMetier/vendor/laravel/framework/src/Illuminate/Database/Connection.php:841)
[stacktrace]
#0 C:/Users/Mugahed/Desktop/MyMetier/vendor/laravel/framework/src/Illuminate/Database/Connection.php(797): Illuminate/Database/Connection->runQueryCallback('delete from \"ca...', Array, Object(Closure))
#1 C:/Users/Mugahed/Desktop/MyMetier/vendor/laravel/framework/src/Illuminate/Database/Connection.php(600): Illuminate/Database/Connection->run('delete from \"ca...', Array, Object(Closure))
#2 C:/Users/Mugahed/Desktop/MyMetier/vendor/laravel/framework/src/Illuminate/Database/Connection.php(564): Illuminate/Database/Connection->affectingStatement('delete from \"ca...', Array)
#3 C:/Users/Mugahed/Desktop/MyMetier/vendor/laravel/framework/src/Illuminate/Database/Query/Builder.php(4509): Illuminate/Database/Connection->delete('delete from \"ca...', Array)
#4 C:/Users/Mugahed/Desktop/MyMetier/vendor/laravel/framework/src/Illuminate/Cache/DatabaseStore.php(450): Illuminate/Database/Query/Builder->delete()
#5 C:/Users/Mugahed/Desktop/MyMetier/vendor/laravel/framework/src/Illuminate/Cache/Repository.php(1003): Illuminate/Cache/DatabaseStore->flush()
#6 C:/Users/Mugahed/Desktop/MyMetier/vendor/laravel/framework/src/Illuminate/Cache/Console/ClearCommand.php(73): Illuminate/Cache/Repository->__call('flush', Array)
#7 C:/Users/Mugahed/Desktop/MyMetier/vendor/laravel/framework/src/Illuminate/Container/BoundMethod.php(36): Illuminate/Cache/Console/ClearCommand->handle()
#8 C:/Users/Mugahed/Desktop/MyMetier/vendor/laravel/framework/src/Illuminate/Container/Util.php(43): Illuminate/Container/BoundMethod::{closure:Illuminate/Container/BoundMethod::call():35}()
#9 C:/Users/Mugahed/Desktop/MyMetier/vendor/laravel/framework/src/Illuminate/Container/BoundMethod.php(96): Illuminate/Container/Util::unwrapIfClosure(Object(Closure))
#10 C:/Users/Mugahed/Desktop/MyMetier/vendor/laravel/framework/src/Illuminate/Container/BoundMethod.php(35): Illuminate/Container/BoundMethod::callBoundMethod(Object(Illuminate/Foundation/Application), Array, Object(Closure))
#11 C:/Users/Mugahed/Desktop/MyMetier/vendor/laravel/framework/src/Illuminate/Container/Container.php(799): Illuminate/Container/BoundMethod::call(Object(Illuminate/Foundation/Application), Array, Array, NULL)
#12 C:/Users/Mugahed/Desktop/MyMetier/vendor/laravel/framework/src/Illuminate/Console/Command.php(273): Illuminate/Container/Container->call(Array)
#13 C:/Users/Mugahed/Desktop/MyMetier/vendor/symfony/console/Command/Command.php(291): Illuminate/Console/Command->execute(Object(Symfony/Component/Console/Input/ArrayInput), Object(Illuminate/Console/OutputStyle))
#14 C:/Users/Mugahed/Desktop/MyMetier/vendor/laravel/framework/src/Illuminate/Console/Command.php(242): Symfony/Component/Console/Command/Command->run(Object(Symfony/Component/Console/Input/ArrayInput), Object(Illuminate/Console/OutputStyle))
#15 C:/Users/Mugahed/Desktop/MyMetier/vendor/laravel/framework/src/Illuminate/Console/Concerns/CallsCommands.php(68): Illuminate/Console/Command->run(Object(Symfony/Component/Console/Input/ArrayInput), Object(Symfony/Component/Console/Output/NullOutput))
#16 C:/Users/Mugahed/Desktop/MyMetier/vendor/laravel/framework/src/Illuminate/Console/Concerns/CallsCommands.php(41): Illuminate/Console/Command->runCommand('cache:clear', Array, Object(Symfony/Component/Console/Output/NullOutput))
#17 C:/Users/Mugahed/Desktop/MyMetier/vendor/laravel/framework/src/Illuminate/Console/Concerns/CallsCommands.php(53): Illuminate/Console/Command->callSilent('cache:clear', Array)
#18 C:/Users/Mugahed/Desktop/MyMetier/vendor/laravel/framework/src/Illuminate/Foundation/Console/OptimizeClearCommand.php(48): Illuminate/Console/Command->callSilently('cache:clear')
#19 C:/Users/Mugahed/Desktop/MyMetier/vendor/laravel/framework/src/Illuminate/Console/View/Components/Task.php(43): Illuminate/Foundation/Console/OptimizeClearCommand->{closure:Illuminate/Foundation/Console/OptimizeClearCommand::handle():48}()
#20 C:/Users/Mugahed/Desktop/MyMetier/vendor/laravel/framework/src/Illuminate/Console/View/Components/Factory.php(59): Illuminate/Console/View/Components/Task->render('cache', Object(Closure))
#21 C:/Users/Mugahed/Desktop/MyMetier/vendor/laravel/framework/src/Illuminate/Foundation/Console/OptimizeClearCommand.php(48): Illuminate/Console/View/Components/Factory->__call('task', Array)
#22 C:/Users/Mugahed/Desktop/MyMetier/vendor/laravel/framework/src/Illuminate/Container/BoundMethod.php(36): Illuminate/Foundation/Console/OptimizeClearCommand->handle()
#23 C:/Users/Mugahed/Desktop/MyMetier/vendor/laravel/framework/src/Illuminate/Container/Util.php(43): Illuminate/Container/BoundMethod::{closure:Illuminate/Container/BoundMethod::call():35}()
#24 C:/Users/Mugahed/Desktop/MyMetier/vendor/laravel/framework/src/Illuminate/Container/BoundMethod.php(96): Illuminate/Container/Util::unwrapIfClosure(Object(Closure))
#25 C:/Users/Mugahed/Desktop/MyMetier/vendor/laravel/framework/src/Illuminate/Container/BoundMethod.php(35): Illuminate/Container/BoundMethod::callBoundMethod(Object(Illuminate/Foundation/Application), Array, Object(Closure))
#26 C:/Users/Mugahed/Desktop/MyMetier/vendor/laravel/framework/src/Illuminate/Container/Container.php(799): Illuminate/Container/BoundMethod::call(Object(Illuminate/Foundation/Application), Array, Array, NULL)
#27 C:/Users/Mugahed/Desktop/MyMetier/vendor/laravel/framework/src/Illuminate/Console/Command.php(273): Illuminate/Container/Container->call(Array)
#28 C:/Users/Mugahed/Desktop/MyMetier/vendor/symfony/console/Command/Command.php(291): Illuminate/Console/Command->execute(Object(Symfony/Component/Console/Input/ArgvInput), Object(Illuminate/Console/OutputStyle))
#29 C:/Users/Mugahed/Desktop/MyMetier/vendor/laravel/framework/src/Illuminate/Console/Command.php(242): Symfony/Component/Console/Command/Command->run(Object(Symfony/Component/Console/Input/ArgvInput), Object(Illuminate/Console/OutputStyle))
#30 C:/Users/Mugahed/Desktop/MyMetier/vendor/symfony/console/Application.php(1107): Illuminate/Console/Command->run(Object(Symfony/Component/Console/Input/ArgvInput), Object(Symfony/Component/Console/Output/ConsoleOutput))
#31 C:/Users/Mugahed/Desktop/MyMetier/vendor/symfony/console/Application.php(356): Symfony/Component/Console/Application->doRunCommand(Object(Illuminate/Foundation/Console/OptimizeClearCommand), Object(Symfony/Component/Console/Input/ArgvInput), Object(Symfony/Component/Console/Output/ConsoleOutput))
#32 C:/Users/Mugahed/Desktop/MyMetier/vendor/symfony/console/Application.php(195): Symfony/Component/Console/Application->doRun(Object(Symfony/Component/Console/Input/ArgvInput), Object(Symfony/Component/Console/Output/ConsoleOutput))
#33 C:/Users/Mugahed/Desktop/MyMetier/vendor/laravel/framework/src/Illuminate/Foundation/Console/Kernel.php(198): Symfony/Component/Console/Application->run(Object(Symfony/Component/Console/Input/ArgvInput), Object(Symfony/Component/Console/Output/ConsoleOutput))
#34 C:/Users/Mugahed/Desktop/MyMetier/vendor/laravel/framework/src/Illuminate/Foundation/Application.php(1235): Illuminate/Foundation/Console/Kernel->handle(Object(Symfony/Component/Console/Input/ArgvInput), Object(Symfony/Component/Console/Output/ConsoleOutput))
#35 C:/Users/Mugahed/Desktop/MyMetier/artisan(16): Illuminate/Foundation/Application->handleCommand(Object(Symfony/Component/Console/Input/ArgvInput))
#36 {main}

[previous exception] [object] (PDOException(code: HY000): SQLSTATE[HY000]: General error: 1 no such table: cache at C:/Users/Mugahed/Desktop/MyMetier/vendor/laravel/framework/src/Illuminate/Database/Connection.php:608)
[stacktrace]
#0 C:/Users/Mugahed/Desktop/MyMetier/vendor/laravel/framework/src/Illuminate/Database/Connection.php(608): PDO->prepare('delete from \"ca...')
#1 C:/Users/Mugahed/Desktop/MyMetier/vendor/laravel/framework/src/Illuminate/Database/Connection.php(830): Illuminate/Database/Connection->{closure:Illuminate/Database/Connection::affectingStatement():600}('delete from \"ca...', Array)
#2 C:/Users/Mugahed/Desktop/MyMetier/vendor/laravel/framework/src/Illuminate/Database/Connection.php(797): Illuminate/Database/Connection->runQueryCallback('delete from \"ca...', Array, Object(Closure))
#3 C:/Users/Mugahed/Desktop/MyMetier/vendor/laravel/framework/src/Illuminate/Database/Connection.php(600): Illuminate/Database/Connection->run('delete from \"ca...', Array, Object(Closure))
#4 C:/Users/Mugahed/Desktop/MyMetier/vendor/laravel/framework/src/Illuminate/Database/Connection.php(564): Illuminate/Database/Connection->affectingStatement('delete from \"ca...', Array)
#5 C:/Users/Mugahed/Desktop/MyMetier/vendor/laravel/framework/src/Illuminate/Database/Query/Builder.php(4509): Illuminate/Database/Connection->delete('delete from \"ca...', Array)
#6 C:/Users/Mugahed/Desktop/MyMetier/vendor/laravel/framework/src/Illuminate/Cache/DatabaseStore.php(450): Illuminate/Database/Query/Builder->delete()
#7 C:/Users/Mugahed/Desktop/MyMetier/vendor/laravel/framework/src/Illuminate/Cache/Repository.php(1003): Illuminate/Cache/DatabaseStore->flush()
#8 C:/Users/Mugahed/Desktop/MyMetier/vendor/laravel/framework/src/Illuminate/Cache/Console/ClearCommand.php(73): Illuminate/Cache/Repository->__call('flush', Array)
#9 C:/Users/Mugahed/Desktop/MyMetier/vendor/laravel/framework/src/Illuminate/Container/BoundMethod.php(36): Illuminate/Cache/Console/ClearCommand->handle()
#10 C:/Users/Mugahed/Desktop/MyMetier/vendor/laravel/framework/src/Illuminate/Container/Util.php(43): Illuminate/Container/BoundMethod::{closure:Illuminate/Container/BoundMethod::call():35}()
#11 C:/Users/Mugahed/Desktop/MyMetier/vendor/laravel/framework/src/Illuminate/Container/BoundMethod.php(96): Illuminate/Container/Util::unwrapIfClosure(Object(Closure))
#12 C:/Users/Mugahed/Desktop/MyMetier/vendor/laravel/framework/src/Illuminate/Container/BoundMethod.php(35): Illuminate/Container/BoundMethod::callBoundMethod(Object(Illuminate/Foundation/Application), Array, Object(Closure))
#13 C:/Users/Mugahed/Desktop/MyMetier/vendor/laravel/framework/src/Illuminate/Container/Container.php(799): Illuminate/Container/BoundMethod::call(Object(Illuminate/Foundation/Application), Array, Array, NULL)
#14 C:/Users/Mugahed/Desktop/MyMetier/vendor/laravel/framework/src/Illuminate/Console/Command.php(273): Illuminate/Container/Container->call(Array)
#15 C:/Users/Mugahed/Desktop/MyMetier/vendor/symfony/console/Command/Command.php(291): Illuminate/Console/Command->execute(Object(Symfony/Component/Console/Input/ArrayInput), Object(Illuminate/Console/OutputStyle))
#16 C:/Users/Mugahed/Desktop/MyMetier/vendor/laravel/framework/src/Illuminate/Console/Command.php(242): Symfony/Component/Console/Command/Command->run(Object(Symfony/Component/Console/Input/ArrayInput), Object(Illuminate/Console/OutputStyle))
#17 C:/Users/Mugahed/Desktop/MyMetier/vendor/laravel/framework/src/Illuminate/Console/Concerns/CallsCommands.php(68): Illuminate/Console/Command->run(Object(Symfony/Component/Console/Input/ArrayInput), Object(Symfony/Component/Console/Output/NullOutput))
#18 C:/Users/Mugahed/Desktop/MyMetier/vendor/laravel/framework/src/Illuminate/Console/Concerns/CallsCommands.php(41): Illuminate/Console/Command->runCommand('cache:clear', Array, Object(Symfony/Component/Console/Output/NullOutput))
#19 C:/Users/Mugahed/Desktop/MyMetier/vendor/laravel/framework/src/Illuminate/Console/Concerns/CallsCommands.php(53): Illuminate/Console/Command->callSilent('cache:clear', Array)
#20 C:/Users/Mugahed/Desktop/MyMetier/vendor/laravel/framework/src/Illuminate/Foundation/Console/OptimizeClearCommand.php(48): Illuminate/Console/Command->callSilently('cache:clear')
#21 C:/Users/Mugahed/Desktop/MyMetier/vendor/laravel/framework/src/Illuminate/Console/View/Components/Task.php(43): Illuminate/Foundation/Console/OptimizeClearCommand->{closure:Illuminate/Foundation/Console/OptimizeClearCommand::handle():48}()
#22 C:/Users/Mugahed/Desktop/MyMetier/vendor/laravel/framework/src/Illuminate/Console/View/Components/Factory.php(59): Illuminate/Console/View/Components/Task->render('cache', Object(Closure))
#23 C:/Users/Mugahed/Desktop/MyMetier/vendor/laravel/framework/src/Illuminate/Foundation/Console/OptimizeClearCommand.php(48): Illuminate/Console/View/Components/Factory->__call('task', Array)
#24 C:/Users/Mugahed/Desktop/MyMetier/vendor/laravel/framework/src/Illuminate/Container/BoundMethod.php(36): Illuminate/Foundation/Console/OptimizeClearCommand->handle()
#25 C:/Users/Mugahed/Desktop/MyMetier/vendor/laravel/framework/src/Illuminate/Container/Util.php(43): Illuminate/Container/BoundMethod::{closure:Illuminate/Container/BoundMethod::call():35}()
#26 C:/Users/Mugahed/Desktop/MyMetier/vendor/laravel/framework/src/Illuminate/Container/BoundMethod.php(96): Illuminate/Container/Util::unwrapIfClosure(Object(Closure))
#27 C:/Users/Mugahed/Desktop/MyMetier/vendor/laravel/framework/src/Illuminate/Container/BoundMethod.php(35): Illuminate/Container/BoundMethod::callBoundMethod(Object(Illuminate/Foundation/Application), Array, Object(Closure))
#28 C:/Users/Mugahed/Desktop/MyMetier/vendor/laravel/framework/src/Illuminate/Container/Container.php(799): Illuminate/Container/BoundMethod::call(Object(Illuminate/Foundation/Application), Array, Array, NULL)
#29 C:/Users/Mugahed/Desktop/MyMetier/vendor/laravel/framework/src/Illuminate/Console/Command.php(273): Illuminate/Container/Container->call(Array)
#30 C:/Users/Mugahed/Desktop/MyMetier/vendor/symfony/console/Command/Command.php(291): Illuminate/Console/Command->execute(Object(Symfony/Component/Console/Input/ArgvInput), Object(Illuminate/Console/OutputStyle))
#31 C:/Users/Mugahed/Desktop/MyMetier/vendor/laravel/framework/src/Illuminate/Console/Command.php(242): Symfony/Component/Console/Command/Command->run(Object(Symfony/Component/Console/Input/ArgvInput), Object(Illuminate/Console/OutputStyle))
#32 C:/Users/Mugahed/Desktop/MyMetier/vendor/symfony/console/Application.php(1107): Illuminate/Console/Command->run(Object(Symfony/Component/Console/Input/ArgvInput), Object(Symfony/Component/Console/Output/ConsoleOutput))
#33 C:/Users/Mugahed/Desktop/MyMetier/vendor/symfony/console/Application.php(356): Symfony/Component/Console/Application->doRunCommand(Object(Illuminate/Foundation/Console/OptimizeClearCommand), Object(Symfony/Component/Console/Input/ArgvInput), Object(Symfony/Component/Console/Output/ConsoleOutput))
#34 C:/Users/Mugahed/Desktop/MyMetier/vendor/symfony/console/Application.php(195): Symfony/Component/Console/Application->doRun(Object(Symfony/Component/Console/Input/ArgvInput), Object(Symfony/Component/Console/Output/ConsoleOutput))
#35 C:/Users/Mugahed/Desktop/MyMetier/vendor/laravel/framework/src/Illuminate/Foundation/Console/Kernel.php(198): Symfony/Component/Console/Application->run(Object(Symfony/Component/Console/Input/ArgvInput), Object(Symfony/Component/Console/Output/ConsoleOutput))
#36 C:/Users/Mugahed/Desktop/MyMetier/vendor/laravel/framework/src/Illuminate/Foundation/Application.php(1235): Illuminate/Foundation/Console/Kernel->handle(Object(Symfony/Component/Console/Input/ArgvInput), Object(Symfony/Component/Console/Output/ConsoleOutput))
#37 C:/Users/Mugahed/Desktop/MyMetier/artisan(16): Illuminate/Foundation/Application->handleCommand(Object(Symfony/Component/Console/Input/ArgvInput))
#38 {main}
"} 
[2026-03-25 06:24:46] local.DEBUG: REQUEST TIME {"url":"http://mymetier.test","time_ms":1746.78,"memory_mb":18.0} 
[2026-03-25 06:24:46] local.WARNING: SLOW REQUEST ALERT {"url":"http://mymetier.test","time_ms":1746.78,"memory_mb":18.0} 
[2026-03-25 06:24:46] local.DEBUG: REQUEST TIME {"url":"http://mymetier.test","time_ms":32.69,"memory_mb":8.0} 
[2026-03-25 06:28:20] local.DEBUG: REQUEST TIME {"url":"http://mymetier.test/login","time_ms":17846.09,"memory_mb":10.0} 
[2026-03-25 06:28:20] local.WARNING: SLOW REQUEST ALERT {"url":"http://mymetier.test/login","time_ms":17846.09,"memory_mb":10.0} 
[2026-03-25 06:28:27] local.DEBUG: REQUEST TIME {"url":"http://mymetier.test","time_ms":17.7,"memory_mb":8.0} 
[2026-03-25 06:28:30] local.DEBUG: REQUEST TIME {"url":"http://mymetier.test/register","time_ms":210.63,"memory_mb":10.0} 
[2026-03-25 06:29:10] local.DEBUG: REQUEST TIME {"url":"http://mymetier.test/livewire-f00c2fb8/update","time_ms":403.91,"memory_mb":10.0} 
[2026-03-25 06:29:11] local.DEBUG: REQUEST TIME {"url":"http://mymetier.test","time_ms":23.49,"memory_mb":8.0} 
[2026-03-25 06:29:31] local.DEBUG: REQUEST TIME {"url":"http://mymetier.test/livewire-f00c2fb8/update","time_ms":7.33,"memory_mb":8.0} 
[2026-03-25 06:29:32] local.DEBUG: REQUEST TIME {"url":"http://mymetier.test/search","time_ms":669.01,"memory_mb":10.0} 
[2026-03-25 06:29:32] local.WARNING: SLOW REQUEST ALERT {"url":"http://mymetier.test/search","time_ms":669.01,"memory_mb":10.0} 
[2026-03-25 06:29:44] local.DEBUG: REQUEST TIME {"url":"http://mymetier.test/livewire-f00c2fb8/update","time_ms":17.56,"memory_mb":8.0} 
[2026-03-25 06:29:48] local.DEBUG: REQUEST TIME {"url":"http://mymetier.test/login","time_ms":12.15,"memory_mb":8.0} 
[2026-03-25 06:29:49] local.DEBUG: REQUEST TIME {"url":"http://mymetier.test/dashboard","time_ms":1069.32,"memory_mb":10.0} 
[2026-03-25 06:29:49] local.WARNING: SLOW REQUEST ALERT {"url":"http://mymetier.test/dashboard","time_ms":1069.32,"memory_mb":10.0} 
[2026-03-25 06:30:04] local.ERROR: Property [$hasUnverifiedEmail] not found on component: [settings.profile] {"user_id":1,"url":"http://mymetier.test/settings/profile","userId":1,"exception":"[object] (Livewire\\Exceptions\\PropertyNotFoundException(code: 0): Property [$hasUnverifiedEmail] not found on component: [settings.profile] at C:/Users/Mugahed/Desktop/MyMetier/vendor/livewire/livewire/src/Component.php:139)
[stacktrace]
#0 C:/Users/Mugahed/Desktop/MyMetier/storage/framework/views/e902803f4e9c87095fc7db3fead09457.php(86): Livewire/Component->__get('hasUnverifiedEm...')
#1 C:/Users/Mugahed/Desktop/MyMetier/vendor/livewire/livewire/src/Mechanisms/ExtendBlade/ExtendedCompilerEngine.php(37): include('C://Users//Mugahe...')
#2 C:/Users/Mugahed/Desktop/MyMetier/vendor/livewire/livewire/src/Mechanisms/ExtendBlade/ExtendedCompilerEngine.php(38): App/Livewire/Settings/Profile->{closure:Livewire/Mechanisms/ExtendBlade/ExtendedCompilerEngine::evaluatePath():35}()
#3 C:/Users/Mugahed/Desktop/MyMetier/vendor/laravel/framework/src/Illuminate/View/Engines/CompilerEngine.php(76): Livewire/Mechanisms/ExtendBlade/ExtendedCompilerEngine->evaluatePath('C://Users//Mugahe...', Array)
#4 C:/Users/Mugahed/Desktop/MyMetier/vendor/livewire/livewire/src/Mechanisms/ExtendBlade/ExtendedCompilerEngine.php(16): Illuminate/View/Engines/CompilerEngine->get('C://Users//Mugahe...', Array)
#5 C:/Users/Mugahed/Desktop/MyMetier/vendor/laravel/framework/src/Illuminate/View/View.php(208): Livewire/Mechanisms/ExtendBlade/ExtendedCompilerEngine->get('C://Users//Mugahe...', Array)
#6 C:/Users/Mugahed/Desktop/MyMetier/vendor/laravel/framework/src/Illuminate/View/View.php(191): Illuminate/View/View->getContents()
#7 C:/Users/Mugahed/Desktop/MyMetier/vendor/laravel/framework/src/Illuminate/View/View.php(160): Illuminate/View/View->renderContents()
#8 C:/Users/Mugahed/Desktop/MyMetier/vendor/livewire/livewire/src/Mechanisms/HandleComponents/HandleComponents.php(409): Illuminate/View/View->render(Object(Closure))
#9 C:/Users/Mugahed/Desktop/MyMetier/vendor/livewire/livewire/src/Mechanisms/HandleComponents/HandleComponents.php(460): Livewire/Mechanisms/HandleComponents/HandleComponents->{closure:Livewire/Mechanisms/HandleComponents/HandleComponents::render():401}()
#10 C:/Users/Mugahed/Desktop/MyMetier/vendor/livewire/livewire/src/Mechanisms/HandleComponents/HandleComponents.php(401): Livewire/Mechanisms/HandleComponents/HandleComponents->trackInRenderStack(Object(App/Livewire/Settings/Profile), Object(Closure))
#11 C:/Users/Mugahed/Desktop/MyMetier/vendor/livewire/livewire/src/Mechanisms/HandleComponents/HandleComponents.php(80): Livewire/Mechanisms/HandleComponents/HandleComponents->render(Object(App/Livewire/Settings/Profile), '<div></div>')
#12 C:/Users/Mugahed/Desktop/MyMetier/vendor/livewire/livewire/src/LivewireManager.php(102): Livewire/Mechanisms/HandleComponents/HandleComponents->mount('settings.profil...', Array, NULL, Array)
#13 C:/Users/Mugahed/Desktop/MyMetier/vendor/livewire/livewire/src/Features/SupportPageComponents/HandlesPageComponents.php(19): Livewire/LivewireManager->mount('settings.profil...', Array)
#14 C:/Users/Mugahed/Desktop/MyMetier/vendor/livewire/livewire/src/Features/SupportPageComponents/SupportPageComponents.php(118): Livewire/Component->{closure:Livewire/Features/SupportPageComponents/HandlesPageComponents::__invoke():14}()
#15 C:/Users/Mugahed/Desktop/MyMetier/vendor/livewire/livewire/src/Features/SupportPageComponents/HandlesPageComponents.php(14): Livewire/Features/SupportPageComponents/SupportPageComponents::interceptTheRenderOfTheComponentAndRetreiveTheLayoutConfiguration(Object(Closure))
#16 C:/Users/Mugahed/Desktop/MyMetier/vendor/laravel/framework/src/Illuminate/Container/BoundMethod.php(36): Livewire/Component->__invoke()
#17 C:/Users/Mugahed/Desktop/MyMetier/vendor/laravel/framework/src/Illuminate/Container/Util.php(43): Illuminate/Container/BoundMethod::{closure:Illuminate/Container/BoundMethod::call():35}()
#18 C:/Users/Mugahed/Desktop/MyMetier/vendor/laravel/framework/src/Illuminate/Container/BoundMethod.php(96): Illuminate/Container/Util::unwrapIfClosure(Object(Closure))
#19 C:/Users/Mugahed/Desktop/MyMetier/vendor/laravel/framework/src/Illuminate/Container/BoundMethod.php(35): Illuminate/Container/BoundMethod::callBoundMethod(Object(Illuminate/Foundation/Application), Array, Object(Closure))
#20 C:/Users/Mugahed/Desktop/MyMetier/vendor/laravel/framework/src/Illuminate/Container/Container.php(799): Illuminate/Container/BoundMethod::call(Object(Illuminate/Foundation/Application), Array, Array, NULL)
#21 C:/Users/Mugahed/Desktop/MyMetier/vendor/livewire/livewire/src/Mechanisms/HandleRouting/LivewirePageController.php(15): Illuminate/Container/Container->call(Array)
#22 C:/Users/Mugahed/Desktop/MyMetier/vendor/laravel/framework/src/Illuminate/Routing/ControllerDispatcher.php(46): Livewire/Mechanisms/HandleRouting/LivewirePageController->__invoke()
#23 C:/Users/Mugahed/Desktop/MyMetier/vendor/laravel/framework/src/Illuminate/Routing/Route.php(269): Illuminate/Routing/ControllerDispatcher->dispatch(Object(Illuminate/Routing/Route), Object(Livewire/Mechanisms/HandleRouting/LivewirePageController), '__invoke')
#24 C:/Users/Mugahed/Desktop/MyMetier/vendor/laravel/framework/src/Illuminate/Routing/Route.php(215): Illuminate/Routing/Route->runController()
#25 C:/Users/Mugahed/Desktop/MyMetier/vendor/laravel/framework/src/Illuminate/Routing/Router.php(822): Illuminate/Routing/Route->run()
#26 C:/Users/Mugahed/Desktop/MyMetier/vendor/laravel/framework/src/Illuminate/Pipeline/Pipeline.php(180): Illuminate/Routing/Router->{closure:Illuminate/Routing/Router::runRouteWithinStack():821}(Object(Illuminate/Http/Request))
#27 C:/Users/Mugahed/Desktop/MyMetier/app/Http/Middleware/LogResponseTime.php(20): Illuminate/Pipeline/Pipeline->{closure:Illuminate/Pipeline/Pipeline::prepareDestination():178}(Object(Illuminate/Http/Request))
#28 C:/Users/Mugahed/Desktop/MyMetier/vendor/laravel/framework/src/Illuminate/Pipeline/Pipeline.php(219): App/Http/Middleware/LogResponseTime->handle(Object(Illuminate/Http/Request), Object(Closure))
#29 C:/Users/Mugahed/Desktop/MyMetier/app/Http/Middleware/RegenerateSessionAfterLogin.php(25): Illuminate/Pipeline/Pipeline->{closure:{closure:Illuminate/Pipeline/Pipeline::carry():194}:195}(Object(Illuminate/Http/Request))
#30 C:/Users/Mugahed/Desktop/MyMetier/vendor/laravel/framework/src/Illuminate/Pipeline/Pipeline.php(219): App/Http/Middleware/RegenerateSessionAfterLogin->handle(Object(Illuminate/Http/Request), Object(Closure))
#31 C:/Users/Mugahed/Desktop/MyMetier/vendor/laravel/framework/src/Illuminate/Routing/Middleware/SubstituteBindings.php(52): Illuminate/Pipeline/Pipeline->{closure:{closure:Illuminate/Pipeline/Pipeline::carry():194}:195}(Object(Illuminate/Http/Request))
#32 C:/Users/Mugahed/Desktop/MyMetier/vendor/laravel/framework/src/Illuminate/Pipeline/Pipeline.php(219): Illuminate/Routing/Middleware/SubstituteBindings->handle(Object(Illuminate/Http/Request), Object(Closure))
#33 C:/Users/Mugahed/Desktop/MyMetier/vendor/laravel/framework/src/Illuminate/Auth/Middleware/Authenticate.php(63): Illuminate/Pipeline/Pipeline->{closure:{closure:Illuminate/Pipeline/Pipeline::carry():194}:195}(Object(Illuminate/Http/Request))
#34 C:/Users/Mugahed/Desktop/MyMetier/vendor/laravel/framework/src/Illuminate/Pipeline/Pipeline.php(219): Illuminate/Auth/Middleware/Authenticate->handle(Object(Illuminate/Http/Request), Object(Closure))
#35 C:/Users/Mugahed/Desktop/MyMetier/vendor/laravel/framework/src/Illuminate/Foundation/Http/Middleware/PreventRequestForgery.php(104): Illuminate/Pipeline/Pipeline->{closure:{closure:Illuminate/Pipeline/Pipeline::carry():194}:195}(Object(Illuminate/Http/Request))
#36 C:/Users/Mugahed/Desktop/MyMetier/vendor/laravel/framework/src/Illuminate/Pipeline/Pipeline.php(219): Illuminate/Foundation/Http/Middleware/PreventRequestForgery->handle(Object(Illuminate/Http/Request), Object(Closure))
#37 C:/Users/Mugahed/Desktop/MyMetier/vendor/laravel/framework/src/Illuminate/View/Middleware/ShareErrorsFromSession.php(48): Illuminate/Pipeline/Pipeline->{closure:{closure:Illuminate/Pipeline/Pipeline::carry():194}:195}(Object(Illuminate/Http/Request))
#38 C:/Users/Mugahed/Desktop/MyMetier/vendor/laravel/framework/src/Illuminate/Pipeline/Pipeline.php(219): Illuminate/View/Middleware/ShareErrorsFromSession->handle(Object(Illuminate/Http/Request), Object(Closure))
#39 C:/Users/Mugahed/Desktop/MyMetier/vendor/laravel/framework/src/Illuminate/Session/Middleware/StartSession.php(120): Illuminate/Pipeline/Pipeline->{closure:{closure:Illuminate/Pipeline/Pipeline::carry():194}:195}(Object(Illuminate/Http/Request))
#40 C:/Users/Mugahed/Desktop/MyMetier/vendor/laravel/framework/src/Illuminate/Session/Middleware/StartSession.php(63): Illuminate/Session/Middleware/StartSession->handleStatefulRequest(Object(Illuminate/Http/Request), Object(Illuminate/Session/Store), Object(Closure))
#41 C:/Users/Mugahed/Desktop/MyMetier/vendor/laravel/framework/src/Illuminate/Pipeline/Pipeline.php(219): Illuminate/Session/Middleware/StartSession->handle(Object(Illuminate/Http/Request), Object(Closure))
#42 C:/Users/Mugahed/Desktop/MyMetier/vendor/laravel/framework/src/Illuminate/Cookie/Middleware/AddQueuedCookiesToResponse.php(36): Illuminate/Pipeline/Pipeline->{closure:{closure:Illuminate/Pipeline/Pipeline::carry():194}:195}(Object(Illuminate/Http/Request))
#43 C:/Users/Mugahed/Desktop/MyMetier/vendor/laravel/framework/src/Illuminate/Pipeline/Pipeline.php(219): Illuminate/Cookie/Middleware/AddQueuedCookiesToResponse->handle(Object(Illuminate/Http/Request), Object(Closure))
#44 C:/Users/Mugahed/Desktop/MyMetier/vendor/laravel/framework/src/Illuminate/Cookie/Middleware/EncryptCookies.php(74): Illuminate/Pipeline/Pipeline->{closure:{closure:Illuminate/Pipeline/Pipeline::carry():194}:195}(Object(Illuminate/Http/Request))
#45 C:/Users/Mugahed/Desktop/MyMetier/vendor/laravel/framework/src/Illuminate/Pipeline/Pipeline.php(219): Illuminate/Cookie/Middleware/EncryptCookies->handle(Object(Illuminate/Http/Request), Object(Closure))
#46 C:/Users/Mugahed/Desktop/MyMetier/vendor/laravel/framework/src/Illuminate/Pipeline/Pipeline.php(137): Illuminate/Pipeline/Pipeline->{closure:{closure:Illuminate/Pipeline/Pipeline::carry():194}:195}(Object(Illuminate/Http/Request))
#47 C:/Users/Mugahed/Desktop/MyMetier/vendor/laravel/framework/src/Illuminate/Routing/Router.php(821): Illuminate/Pipeline/Pipeline->then(Object(Closure))
#48 C:/Users/Mugahed/Desktop/MyMetier/vendor/laravel/framework/src/Illuminate/Routing/Router.php(800): Illuminate/Routing/Router->runRouteWithinStack(Object(Illuminate/Routing/Route), Object(Illuminate/Http/Request))
#49 C:/Users/Mugahed/Desktop/MyMetier/vendor/laravel/framework/src/Illuminate/Routing/Router.php(764): Illuminate/Routing/Router->runRoute(Object(Illuminate/Http/Request), Object(Illuminate/Routing/Route))
#50 C:/Users/Mugahed/Desktop/MyMetier/vendor/laravel/framework/src/Illuminate/Routing/Router.php(753): Illuminate/Routing/Router->dispatchToRoute(Object(Illuminate/Http/Request))
#51 C:/Users/Mugahed/Desktop/MyMetier/vendor/laravel/framework/src/Illuminate/Foundation/Http/Kernel.php(200): Illuminate/Routing/Router->dispatch(Object(Illuminate/Http/Request))
#52 C:/Users/Mugahed/Desktop/MyMetier/vendor/laravel/framework/src/Illuminate/Pipeline/Pipeline.php(180): Illuminate/Foundation/Http/Kernel->{closure:Illuminate/Foundation/Http/Kernel::dispatchToRouter():197}(Object(Illuminate/Http/Request))
#53 C:/Users/Mugahed/Desktop/MyMetier/vendor/livewire/livewire/src/Features/SupportDisablingBackButtonCache/DisableBackButtonCacheMiddleware.php(19): Illuminate/Pipeline/Pipeline->{closure:Illuminate/Pipeline/Pipeline::prepareDestination():178}(Object(Illuminate/Http/Request))
#54 C:/Users/Mugahed/Desktop/MyMetier/vendor/laravel/framework/src/Illuminate/Pipeline/Pipeline.php(219): Livewire/Features/SupportDisablingBackButtonCache/DisableBackButtonCacheMiddleware->handle(Object(Illuminate/Http/Request), Object(Closure))
#55 C:/Users/Mugahed/Desktop/MyMetier/vendor/laravel/framework/src/Illuminate/Foundation/Http/Middleware/TransformsRequest.php(21): Illuminate/Pipeline/Pipeline->{closure:{closure:Illuminate/Pipeline/Pipeline::carry():194}:195}(Object(Illuminate/Http/Request))
#56 C:/Users/Mugahed/Desktop/MyMetier/vendor/laravel/framework/src/Illuminate/Foundation/Http/Middleware/ConvertEmptyStringsToNull.php(31): Illuminate/Foundation/Http/Middleware/TransformsRequest->handle(Object(Illuminate/Http/Request), Object(Closure))
#57 C:/Users/Mugahed/Desktop/MyMetier/vendor/laravel/framework/src/Illuminate/Pipeline/Pipeline.php(219): Illuminate/Foundation/Http/Middleware/ConvertEmptyStringsToNull->handle(Object(Illuminate/Http/Request), Object(Closure))
#58 C:/Users/Mugahed/Desktop/MyMetier/vendor/laravel/framework/src/Illuminate/Foundation/Http/Middleware/TransformsRequest.php(21): Illuminate/Pipeline/Pipeline->{closure:{closure:Illuminate/Pipeline/Pipeline::carry():194}:195}(Object(Illuminate/Http/Request))
#59 C:/Users/Mugahed/Desktop/MyMetier/vendor/laravel/framework/src/Illuminate/Foundation/Http/Middleware/TrimStrings.php(51): Illuminate/Foundation/Http/Middleware/TransformsRequest->handle(Object(Illuminate/Http/Request), Object(Closure))
#60 C:/Users/Mugahed/Desktop/MyMetier/vendor/laravel/framework/src/Illuminate/Pipeline/Pipeline.php(219): Illuminate/Foundation/Http/Middleware/TrimStrings->handle(Object(Illuminate/Http/Request), Object(Closure))
#61 C:/Users/Mugahed/Desktop/MyMetier/vendor/laravel/framework/src/Illuminate/Http/Middleware/ValidatePostSize.php(27): Illuminate/Pipeline/Pipeline->{closure:{closure:Illuminate/Pipeline/Pipeline::carry():194}:195}(Object(Illuminate/Http/Request))
#62 C:/Users/Mugahed/Desktop/MyMetier/vendor/laravel/framework/src/Illuminate/Pipeline/Pipeline.php(219): Illuminate/Http/Middleware/ValidatePostSize->handle(Object(Illuminate/Http/Request), Object(Closure))
#63 C:/Users/Mugahed/Desktop/MyMetier/vendor/laravel/framework/src/Illuminate/Foundation/Http/Middleware/PreventRequestsDuringMaintenance.php(109): Illuminate/Pipeline/Pipeline->{closure:{closure:Illuminate/Pipeline/Pipeline::carry():194}:195}(Object(Illuminate/Http/Request))
#64 C:/Users/Mugahed/Desktop/MyMetier/vendor/laravel/framework/src/Illuminate/Pipeline/Pipeline.php(219): Illuminate/Foundation/Http/Middleware/PreventRequestsDuringMaintenance->handle(Object(Illuminate/Http/Request), Object(Closure))
#65 C:/Users/Mugahed/Desktop/MyMetier/vendor/laravel/framework/src/Illuminate/Http/Middleware/HandleCors.php(61): Illuminate/Pipeline/Pipeline->{closure:{closure:Illuminate/Pipeline/Pipeline::carry():194}:195}(Object(Illuminate/Http/Request))
#66 C:/Users/Mugahed/Desktop/MyMetier/vendor/laravel/framework/src/Illuminate/Pipeline/Pipeline.php(219): Illuminate/Http/Middleware/HandleCors->handle(Object(Illuminate/Http/Request), Object(Closure))
#67 C:/Users/Mugahed/Desktop/MyMetier/vendor/laravel/framework/src/Illuminate/Http/Middleware/TrustProxies.php(58): Illuminate/Pipeline/Pipeline->{closure:{closure:Illuminate/Pipeline/Pipeline::carry():194}:195}(Object(Illuminate/Http/Request))
#68 C:/Users/Mugahed/Desktop/MyMetier/vendor/laravel/framework/src/Illuminate/Pipeline/Pipeline.php(219): Illuminate/Http/Middleware/TrustProxies->handle(Object(Illuminate/Http/Request), Object(Closure))
#69 C:/Users/Mugahed/Desktop/MyMetier/vendor/laravel/framework/src/Illuminate/Foundation/Http/Middleware/InvokeDeferredCallbacks.php(22): Illuminate/Pipeline/Pipeline->{closure:{closure:Illuminate/Pipeline/Pipeline::carry():194}:195}(Object(Illuminate/Http/Request))
#70 C:/Users/Mugahed/Desktop/MyMetier/vendor/laravel/framework/src/Illuminate/Pipeline/Pipeline.php(219): Illuminate/Foundation/Http/Middleware/InvokeDeferredCallbacks->handle(Object(Illuminate/Http/Request), Object(Closure))
#71 C:/Users/Mugahed/Desktop/MyMetier/vendor/laravel/framework/src/Illuminate/Http/Middleware/ValidatePathEncoding.php(28): Illuminate/Pipeline/Pipeline->{closure:{closure:Illuminate/Pipeline/Pipeline::carry():194}:195}(Object(Illuminate/Http/Request))
#72 C:/Users/Mugahed/Desktop/MyMetier/vendor/laravel/framework/src/Illuminate/Pipeline/Pipeline.php(219): Illuminate/Http/Middleware/ValidatePathEncoding->handle(Object(Illuminate/Http/Request), Object(Closure))
#73 C:/Users/Mugahed/Desktop/MyMetier/vendor/laravel/framework/src/Illuminate/Pipeline/Pipeline.php(137): Illuminate/Pipeline/Pipeline->{closure:{closure:Illuminate/Pipeline/Pipeline::carry():194}:195}(Object(Illuminate/Http/Request))
#74 C:/Users/Mugahed/Desktop/MyMetier/vendor/laravel/framework/src/Illuminate/Foundation/Http/Kernel.php(175): Illuminate/Pipeline/Pipeline->then(Object(Closure))
#75 C:/Users/Mugahed/Desktop/MyMetier/vendor/laravel/framework/src/Illuminate/Foundation/Http/Kernel.php(144): Illuminate/Foundation/Http/Kernel->sendRequestThroughRouter(Object(Illuminate/Http/Request))
#76 C:/Users/Mugahed/Desktop/MyMetier/vendor/laravel/framework/src/Illuminate/Foundation/Application.php(1220): Illuminate/Foundation/Http/Kernel->handle(Object(Illuminate/Http/Request))
#77 C:/Users/Mugahed/Desktop/MyMetier/public/index.php(20): Illuminate/Foundation/Application->handleRequest(Object(Illuminate/Http/Request))
#78 C:/Program Files/Herd/resources/app.asar.unpacked/resources/valet/server.php(139): require('C://Users//Mugahe...')
#79 {main}
"} 
[2026-03-25 06:30:19] local.DEBUG: REQUEST TIME {"url":"http://mymetier.test/settings/profile","time_ms":20740.88,"memory_mb":14.0} 
[2026-03-25 06:30:19] local.WARNING: SLOW REQUEST ALERT {"url":"http://mymetier.test/settings/profile","time_ms":20740.88,"memory_mb":14.0} 
[2026-03-25 06:30:49] local.DEBUG: REQUEST TIME {"url":"http://mymetier.test/dashboard","time_ms":49.63,"memory_mb":10.0} 
[2026-03-25 06:31:15] local.DEBUG: REQUEST TIME {"url":"http://mymetier.test/search","time_ms":34.91,"memory_mb":10.0} 
[2026-03-25 06:31:38] local.DEBUG: REQUEST TIME {"url":"http://mymetier.test/livewire-f00c2fb8/update","time_ms":22.36,"memory_mb":8.0} 
[2026-03-25 06:31:41] local.DEBUG: REQUEST TIME {"url":"http://mymetier.test/livewire-f00c2fb8/update","time_ms":11.89,"memory_mb":10.0} 
[2026-03-25 06:32:00] local.DEBUG: REQUEST TIME {"url":"http://mymetier.test/requests","time_ms":433.23,"memory_mb":10.0} 
[2026-03-25 06:32:07] local.DEBUG: REQUEST TIME {"url":"http://mymetier.test/requests/create","time_ms":575.48,"memory_mb":8.0} 
[2026-03-25 06:32:07] local.WARNING: SLOW REQUEST ALERT {"url":"http://mymetier.test/requests/create","time_ms":575.48,"memory_mb":8.0} 
[2026-03-25 06:32:53] local.DEBUG: REQUEST TIME {"url":"http://mymetier.test/requests","time_ms":52.33,"memory_mb":8.0} 
[2026-03-25 06:33:00] local.DEBUG: REQUEST TIME {"url":"http://mymetier.test","time_ms":27.01,"memory_mb":10.0} 
[2026-03-25 06:33:09] local.DEBUG: REQUEST TIME {"url":"http://mymetier.test/livewire-f00c2fb8/update","time_ms":7.22,"memory_mb":8.0} 
[2026-03-25 06:33:09] local.DEBUG: REQUEST TIME {"url":"http://mymetier.test/search","time_ms":30.19,"memory_mb":10.0} 
[2026-03-25 06:33:15] local.DEBUG: REQUEST TIME {"url":"http://mymetier.test","time_ms":16.24,"memory_mb":8.0} 
[2026-03-25 06:33:20] local.DEBUG: REQUEST TIME {"url":"http://mymetier.test/logout","time_ms":11.7,"memory_mb":8.0} 
[2026-03-25 06:33:20] local.DEBUG: REQUEST TIME {"url":"http://mymetier.test","time_ms":12.67,"memory_mb":8.0} 
[2026-03-25 06:33:24] local.DEBUG: REQUEST TIME {"url":"http://mymetier.test/login","time_ms":45.06,"memory_mb":8.0} 
[2026-03-25 06:33:46] local.DEBUG: REQUEST TIME {"url":"http://mymetier.test/livewire-f00c2fb8/update","time_ms":331.65,"memory_mb":8.0} 
[2026-03-25 06:33:58] local.DEBUG: REQUEST TIME {"url":"http://mymetier.test/livewire-f00c2fb8/update","time_ms":335.21,"memory_mb":8.0} 
[2026-03-25 06:33:58] local.DEBUG: REQUEST TIME {"url":"http://mymetier.test","time_ms":14.06,"memory_mb":8.0} 
[2026-03-25 06:34:05] local.DEBUG: REQUEST TIME {"url":"http://mymetier.test/logout","time_ms":19.74,"memory_mb":8.0} 
[2026-03-25 06:34:05] local.DEBUG: REQUEST TIME {"url":"http://mymetier.test","time_ms":11.0,"memory_mb":8.0} 
[2026-03-25 06:34:08] local.DEBUG: REQUEST TIME {"url":"http://mymetier.test/login","time_ms":38.8,"memory_mb":8.0} 
[2026-03-25 06:34:26] local.DEBUG: REQUEST TIME {"url":"http://mymetier.test/livewire-f00c2fb8/update","time_ms":231.31,"memory_mb":8.0} 
[2026-03-25 06:36:05] local.DEBUG: REQUEST TIME {"url":"http://mymetier.test","time_ms":68.1,"memory_mb":8.0} 
[2026-03-25 06:36:09] local.DEBUG: REQUEST TIME {"url":"http://mymetier.test/search","time_ms":40.09,"memory_mb":8.0} 
[2026-03-25 06:36:14] local.DEBUG: REQUEST TIME {"url":"http://mymetier.test/requests","time_ms":56.09,"memory_mb":8.0} 
[2026-03-25 06:36:18] local.DEBUG: REQUEST TIME {"url":"http://mymetier.test","time_ms":13.4,"memory_mb":8.0} 
[2026-03-25 22:03:02] local.WARNING: SLOW QUERY {"sql":"delete from \"cache\"","time":150.43} 
[2026-03-25 22:07:16] local.ERROR: rename(C:\Users\Mugahed\Desktop\MyMetier\storage\framework\views\972807.tmp,C:\Users\Mugahed\Desktop\MyMetier\storage\framework\views/9721e44a0102645f700cb5603e554144.php): Access is denied (code: 5) (View: C:\Users\Mugahed\Desktop\MyMetier\resources\views\components\layouts\app.blade.php) {"user_id":null,"url":"http://mymetier.test/?herd=preview","exception":"[object] (Illuminate\\View\\ViewException(code: 0): rename(C:\\Users\\Mugahed\\Desktop\\MyMetier\\storage\\framework\\views\\972807.tmp,C:\\Users\\Mugahed\\Desktop\\MyMetier\\storage\\framework\\views/9721e44a0102645f700cb5603e554144.php): Access is denied (code: 5) (View: C:\\Users\\Mugahed\\Desktop\\MyMetier\\resources\\views\\components\\layouts\\app.blade.php) at C:/Users/Mugahed/Desktop/MyMetier/vendor/laravel/framework/src/Illuminate/Filesystem/Filesystem.php:233)
[stacktrace]
#0 C:/Users/Mugahed/Desktop/MyMetier/vendor/livewire/livewire/src/Mechanisms/ExtendBlade/ExtendedCompilerEngine.php(58): Illuminate/View/Engines/CompilerEngine->handleViewException(Object(ErrorException), 1)
#1 C:/Users/Mugahed/Desktop/MyMetier/vendor/laravel/framework/src/Illuminate/View/Engines/PhpEngine.php(59): Livewire/Mechanisms/ExtendBlade/ExtendedCompilerEngine->handleViewException(Object(ErrorException), 1)
#2 C:/Users/Mugahed/Desktop/MyMetier/vendor/livewire/livewire/src/Mechanisms/ExtendBlade/ExtendedCompilerEngine.php(22): Illuminate/View/Engines/PhpEngine->evaluatePath('C://Users//Mugahe...', Array)
#3 C:/Users/Mugahed/Desktop/MyMetier/vendor/laravel/framework/src/Illuminate/View/Engines/CompilerEngine.php(76): Livewire/Mechanisms/ExtendBlade/ExtendedCompilerEngine->evaluatePath('C://Users//Mugahe...', Array)
#4 C:/Users/Mugahed/Desktop/MyMetier/vendor/livewire/livewire/src/Mechanisms/ExtendBlade/ExtendedCompilerEngine.php(10): Illuminate/View/Engines/CompilerEngine->get('C://Users//Mugahe...', Array)
#5 C:/Users/Mugahed/Desktop/MyMetier/vendor/laravel/framework/src/Illuminate/View/View.php(208): Livewire/Mechanisms/ExtendBlade/ExtendedCompilerEngine->get('C://Users//Mugahe...', Array)
#6 C:/Users/Mugahed/Desktop/MyMetier/vendor/laravel/framework/src/Illuminate/View/View.php(191): Illuminate/View/View->getContents()
#7 C:/Users/Mugahed/Desktop/MyMetier/vendor/laravel/framework/src/Illuminate/View/View.php(160): Illuminate/View/View->renderContents()
#8 C:/Users/Mugahed/Desktop/MyMetier/vendor/laravel/framework/src/Illuminate/View/Compilers/BladeCompiler.php(353): Illuminate/View/View->render()
#9 C:/Users/Mugahed/Desktop/MyMetier/vendor/laravel/framework/src/Illuminate/Support/Facades/Facade.php(363): Illuminate/View/Compilers/BladeCompiler::render('    <?php $layo...', Array)
#10 C:/Users/Mugahed/Desktop/MyMetier/vendor/livewire/livewire/src/Features/SupportPageComponents/SupportPageComponents.php(154): Illuminate/Support/Facades/Facade::__callStatic('render', Array)
#11 C:/Users/Mugahed/Desktop/MyMetier/vendor/livewire/livewire/src/Features/SupportPageComponents/HandlesPageComponents.php(26): Livewire/Features/SupportPageComponents/SupportPageComponents::renderContentsIntoLayout('<div wire:snaps...', Object(Livewire/Features/SupportPageComponents/PageComponentConfig))
#12 C:/Users/Mugahed/Desktop/MyMetier/vendor/laravel/framework/src/Illuminate/Routing/ControllerDispatcher.php(46): Livewire/Component->__invoke()
#13 C:/Users/Mugahed/Desktop/MyMetier/vendor/laravel/framework/src/Illuminate/Routing/Route.php(269): Illuminate/Routing/ControllerDispatcher->dispatch(Object(Illuminate/Routing/Route), Object(App/Livewire/HomePage), '__invoke')
#14 C:/Users/Mugahed/Desktop/MyMetier/vendor/laravel/framework/src/Illuminate/Routing/Route.php(215): Illuminate/Routing/Route->runController()
#15 C:/Users/Mugahed/Desktop/MyMetier/vendor/laravel/framework/src/Illuminate/Routing/Router.php(822): Illuminate/Routing/Route->run()
#16 C:/Users/Mugahed/Desktop/MyMetier/vendor/laravel/framework/src/Illuminate/Pipeline/Pipeline.php(180): Illuminate/Routing/Router->{closure:Illuminate/Routing/Router::runRouteWithinStack():821}(Object(Illuminate/Http/Request))
#17 C:/Users/Mugahed/Desktop/MyMetier/app/Http/Middleware/LogResponseTime.php(20): Illuminate/Pipeline/Pipeline->{closure:Illuminate/Pipeline/Pipeline::prepareDestination():178}(Object(Illuminate/Http/Request))
#18 C:/Users/Mugahed/Desktop/MyMetier/vendor/laravel/framework/src/Illuminate/Pipeline/Pipeline.php(219): App/Http/Middleware/LogResponseTime->handle(Object(Illuminate/Http/Request), Object(Closure))
#19 C:/Users/Mugahed/Desktop/MyMetier/app/Http/Middleware/RegenerateSessionAfterLogin.php(25): Illuminate/Pipeline/Pipeline->{closure:{closure:Illuminate/Pipeline/Pipeline::carry():194}:195}(Object(Illuminate/Http/Request))
#20 C:/Users/Mugahed/Desktop/MyMetier/vendor/laravel/framework/src/Illuminate/Pipeline/Pipeline.php(219): App/Http/Middleware/RegenerateSessionAfterLogin->handle(Object(Illuminate/Http/Request), Object(Closure))
#21 C:/Users/Mugahed/Desktop/MyMetier/vendor/laravel/framework/src/Illuminate/Routing/Middleware/SubstituteBindings.php(52): Illuminate/Pipeline/Pipeline->{closure:{closure:Illuminate/Pipeline/Pipeline::carry():194}:195}(Object(Illuminate/Http/Request))
#22 C:/Users/Mugahed/Desktop/MyMetier/vendor/laravel/framework/src/Illuminate/Pipeline/Pipeline.php(219): Illuminate/Routing/Middleware/SubstituteBindings->handle(Object(Illuminate/Http/Request), Object(Closure))
#23 C:/Users/Mugahed/Desktop/MyMetier/vendor/laravel/framework/src/Illuminate/Foundation/Http/Middleware/PreventRequestForgery.php(104): Illuminate/Pipeline/Pipeline->{closure:{closure:Illuminate/Pipeline/Pipeline::carry():194}:195}(Object(Illuminate/Http/Request))
#24 C:/Users/Mugahed/Desktop/MyMetier/vendor/laravel/framework/src/Illuminate/Pipeline/Pipeline.php(219): Illuminate/Foundation/Http/Middleware/PreventRequestForgery->handle(Object(Illuminate/Http/Request), Object(Closure))
#25 C:/Users/Mugahed/Desktop/MyMetier/vendor/laravel/framework/src/Illuminate/View/Middleware/ShareErrorsFromSession.php(48): Illuminate/Pipeline/Pipeline->{closure:{closure:Illuminate/Pipeline/Pipeline::carry():194}:195}(Object(Illuminate/Http/Request))
#26 C:/Users/Mugahed/Desktop/MyMetier/vendor/laravel/framework/src/Illuminate/Pipeline/Pipeline.php(219): Illuminate/View/Middleware/ShareErrorsFromSession->handle(Object(Illuminate/Http/Request), Object(Closure))
#27 C:/Users/Mugahed/Desktop/MyMetier/vendor/laravel/framework/src/Illuminate/Session/Middleware/StartSession.php(120): Illuminate/Pipeline/Pipeline->{closure:{closure:Illuminate/Pipeline/Pipeline::carry():194}:195}(Object(Illuminate/Http/Request))
#28 C:/Users/Mugahed/Desktop/MyMetier/vendor/laravel/framework/src/Illuminate/Session/Middleware/StartSession.php(63): Illuminate/Session/Middleware/StartSession->handleStatefulRequest(Object(Illuminate/Http/Request), Object(Illuminate/Session/Store), Object(Closure))
#29 C:/Users/Mugahed/Desktop/MyMetier/vendor/laravel/framework/src/Illuminate/Pipeline/Pipeline.php(219): Illuminate/Session/Middleware/StartSession->handle(Object(Illuminate/Http/Request), Object(Closure))
#30 C:/Users/Mugahed/Desktop/MyMetier/vendor/laravel/framework/src/Illuminate/Cookie/Middleware/AddQueuedCookiesToResponse.php(36): Illuminate/Pipeline/Pipeline->{closure:{closure:Illuminate/Pipeline/Pipeline::carry():194}:195}(Object(Illuminate/Http/Request))
#31 C:/Users/Mugahed/Desktop/MyMetier/vendor/laravel/framework/src/Illuminate/Pipeline/Pipeline.php(219): Illuminate/Cookie/Middleware/AddQueuedCookiesToResponse->handle(Object(Illuminate/Http/Request), Object(Closure))
#32 C:/Users/Mugahed/Desktop/MyMetier/vendor/laravel/framework/src/Illuminate/Cookie/Middleware/EncryptCookies.php(74): Illuminate/Pipeline/Pipeline->{closure:{closure:Illuminate/Pipeline/Pipeline::carry():194}:195}(Object(Illuminate/Http/Request))
#33 C:/Users/Mugahed/Desktop/MyMetier/vendor/laravel/framework/src/Illuminate/Pipeline/Pipeline.php(219): Illuminate/Cookie/Middleware/EncryptCookies->handle(Object(Illuminate/Http/Request), Object(Closure))
#34 C:/Users/Mugahed/Desktop/MyMetier/vendor/laravel/framework/src/Illuminate/Pipeline/Pipeline.php(137): Illuminate/Pipeline/Pipeline->{closure:{closure:Illuminate/Pipeline/Pipeline::carry():194}:195}(Object(Illuminate/Http/Request))
#35 C:/Users/Mugahed/Desktop/MyMetier/vendor/laravel/framework/src/Illuminate/Routing/Router.php(821): Illuminate/Pipeline/Pipeline->then(Object(Closure))
#36 C:/Users/Mugahed/Desktop/MyMetier/vendor/laravel/framework/src/Illuminate/Routing/Router.php(800): Illuminate/Routing/Router->runRouteWithinStack(Object(Illuminate/Routing/Route), Object(Illuminate/Http/Request))
#37 C:/Users/Mugahed/Desktop/MyMetier/vendor/laravel/framework/src/Illuminate/Routing/Router.php(764): Illuminate/Routing/Router->runRoute(Object(Illuminate/Http/Request), Object(Illuminate/Routing/Route))
#38 C:/Users/Mugahed/Desktop/MyMetier/vendor/laravel/framework/src/Illuminate/Routing/Router.php(753): Illuminate/Routing/Router->dispatchToRoute(Object(Illuminate/Http/Request))
#39 C:/Users/Mugahed/Desktop/MyMetier/vendor/laravel/framework/src/Illuminate/Foundation/Http/Kernel.php(200): Illuminate/Routing/Router->dispatch(Object(Illuminate/Http/Request))
#40 C:/Users/Mugahed/Desktop/MyMetier/vendor/laravel/framework/src/Illuminate/Pipeline/Pipeline.php(180): Illuminate/Foundation/Http/Kernel->{closure:Illuminate/Foundation/Http/Kernel::dispatchToRouter():197}(Object(Illuminate/Http/Request))
#41 C:/Users/Mugahed/Desktop/MyMetier/vendor/livewire/livewire/src/Features/SupportDisablingBackButtonCache/DisableBackButtonCacheMiddleware.php(19): Illuminate/Pipeline/Pipeline->{closure:Illuminate/Pipeline/Pipeline::prepareDestination():178}(Object(Illuminate/Http/Request))
#42 C:/Users/Mugahed/Desktop/MyMetier/vendor/laravel/framework/src/Illuminate/Pipeline/Pipeline.php(219): Livewire/Features/SupportDisablingBackButtonCache/DisableBackButtonCacheMiddleware->handle(Object(Illuminate/Http/Request), Object(Closure))
#43 C:/Users/Mugahed/Desktop/MyMetier/vendor/laravel/framework/src/Illuminate/Foundation/Http/Middleware/TransformsRequest.php(21): Illuminate/Pipeline/Pipeline->{closure:{closure:Illuminate/Pipeline/Pipeline::carry():194}:195}(Object(Illuminate/Http/Request))
#44 C:/Users/Mugahed/Desktop/MyMetier/vendor/laravel/framework/src/Illuminate/Foundation/Http/Middleware/ConvertEmptyStringsToNull.php(31): Illuminate/Foundation/Http/Middleware/TransformsRequest->handle(Object(Illuminate/Http/Request), Object(Closure))
#45 C:/Users/Mugahed/Desktop/MyMetier/vendor/laravel/framework/src/Illuminate/Pipeline/Pipeline.php(219): Illuminate/Foundation/Http/Middleware/ConvertEmptyStringsToNull->handle(Object(Illuminate/Http/Request), Object(Closure))
#46 C:/Users/Mugahed/Desktop/MyMetier/vendor/laravel/framework/src/Illuminate/Foundation/Http/Middleware/TransformsRequest.php(21): Illuminate/Pipeline/Pipeline->{closure:{closure:Illuminate/Pipeline/Pipeline::carry():194}:195}(Object(Illuminate/Http/Request))
#47 C:/Users/Mugahed/Desktop/MyMetier/vendor/laravel/framework/src/Illuminate/Foundation/Http/Middleware/TrimStrings.php(51): Illuminate/Foundation/Http/Middleware/TransformsRequest->handle(Object(Illuminate/Http/Request), Object(Closure))
#48 C:/Users/Mugahed/Desktop/MyMetier/vendor/laravel/framework/src/Illuminate/Pipeline/Pipeline.php(219): Illuminate/Foundation/Http/Middleware/TrimStrings->handle(Object(Illuminate/Http/Request), Object(Closure))
#49 C:/Users/Mugahed/Desktop/MyMetier/vendor/laravel/framework/src/Illuminate/Http/Middleware/ValidatePostSize.php(27): Illuminate/Pipeline/Pipeline->{closure:{closure:Illuminate/Pipeline/Pipeline::carry():194}:195}(Object(Illuminate/Http/Request))
#50 C:/Users/Mugahed/Desktop/MyMetier/vendor/laravel/framework/src/Illuminate/Pipeline/Pipeline.php(219): Illuminate/Http/Middleware/ValidatePostSize->handle(Object(Illuminate/Http/Request), Object(Closure))
#51 C:/Users/Mugahed/Desktop/MyMetier/vendor/laravel/framework/src/Illuminate/Foundation/Http/Middleware/PreventRequestsDuringMaintenance.php(109): Illuminate/Pipeline/Pipeline->{closure:{closure:Illuminate/Pipeline/Pipeline::carry():194}:195}(Object(Illuminate/Http/Request))
#52 C:/Users/Mugahed/Desktop/MyMetier/vendor/laravel/framework/src/Illuminate/Pipeline/Pipeline.php(219): Illuminate/Foundation/Http/Middleware/PreventRequestsDuringMaintenance->handle(Object(Illuminate/Http/Request), Object(Closure))
#53 C:/Users/Mugahed/Desktop/MyMetier/vendor/laravel/framework/src/Illuminate/Http/Middleware/HandleCors.php(61): Illuminate/Pipeline/Pipeline->{closure:{closure:Illuminate/Pipeline/Pipeline::carry():194}:195}(Object(Illuminate/Http/Request))
#54 C:/Users/Mugahed/Desktop/MyMetier/vendor/laravel/framework/src/Illuminate/Pipeline/Pipeline.php(219): Illuminate/Http/Middleware/HandleCors->handle(Object(Illuminate/Http/Request), Object(Closure))
#55 C:/Users/Mugahed/Desktop/MyMetier/vendor/laravel/framework/src/Illuminate/Http/Middleware/TrustProxies.php(58): Illuminate/Pipeline/Pipeline->{closure:{closure:Illuminate/Pipeline/Pipeline::carry():194}:195}(Object(Illuminate/Http/Request))
#56 C:/Users/Mugahed/Desktop/MyMetier/vendor/laravel/framework/src/Illuminate/Pipeline/Pipeline.php(219): Illuminate/Http/Middleware/TrustProxies->handle(Object(Illuminate/Http/Request), Object(Closure))
#57 C:/Users/Mugahed/Desktop/MyMetier/vendor/laravel/framework/src/Illuminate/Foundation/Http/Middleware/InvokeDeferredCallbacks.php(22): Illuminate/Pipeline/Pipeline->{closure:{closure:Illuminate/Pipeline/Pipeline::carry():194}:195}(Object(Illuminate/Http/Request))
#58 C:/Users/Mugahed/Desktop/MyMetier/vendor/laravel/framework/src/Illuminate/Pipeline/Pipeline.php(219): Illuminate/Foundation/Http/Middleware/InvokeDeferredCallbacks->handle(Object(Illuminate/Http/Request), Object(Closure))
#59 C:/Users/Mugahed/Desktop/MyMetier/vendor/laravel/framework/src/Illuminate/Http/Middleware/ValidatePathEncoding.php(28): Illuminate/Pipeline/Pipeline->{closure:{closure:Illuminate/Pipeline/Pipeline::carry():194}:195}(Object(Illuminate/Http/Request))
#60 C:/Users/Mugahed/Desktop/MyMetier/vendor/laravel/framework/src/Illuminate/Pipeline/Pipeline.php(219): Illuminate/Http/Middleware/ValidatePathEncoding->handle(Object(Illuminate/Http/Request), Object(Closure))
#61 C:/Users/Mugahed/Desktop/MyMetier/vendor/laravel/framework/src/Illuminate/Pipeline/Pipeline.php(137): Illuminate/Pipeline/Pipeline->{closure:{closure:Illuminate/Pipeline/Pipeline::carry():194}:195}(Object(Illuminate/Http/Request))
#62 C:/Users/Mugahed/Desktop/MyMetier/vendor/laravel/framework/src/Illuminate/Foundation/Http/Kernel.php(175): Illuminate/Pipeline/Pipeline->then(Object(Closure))
#63 C:/Users/Mugahed/Desktop/MyMetier/vendor/laravel/framework/src/Illuminate/Foundation/Http/Kernel.php(144): Illuminate/Foundation/Http/Kernel->sendRequestThroughRouter(Object(Illuminate/Http/Request))
#64 C:/Users/Mugahed/Desktop/MyMetier/vendor/laravel/framework/src/Illuminate/Foundation/Application.php(1220): Illuminate/Foundation/Http/Kernel->handle(Object(Illuminate/Http/Request))
#65 C:/Users/Mugahed/Desktop/MyMetier/public/index.php(20): Illuminate/Foundation/Application->handleRequest(Object(Illuminate/Http/Request))
#66 C:/Program Files/Herd/resources/app.asar.unpacked/resources/valet/server.php(139): require('C://Users//Mugahe...')
#67 {main}

[previous exception] [object] (ErrorException(code: 0): rename(C:\\Users\\Mugahed\\Desktop\\MyMetier\\storage\\framework\\views\\972807.tmp,C:\\Users\\Mugahed\\Desktop\\MyMetier\\storage\\framework\\views/9721e44a0102645f700cb5603e554144.php): Access is denied (code: 5) at C:/Users/Mugahed/Desktop/MyMetier/vendor/laravel/framework/src/Illuminate/Filesystem/Filesystem.php:233)
[stacktrace]
#0 C:/Users/Mugahed/Desktop/MyMetier/vendor/laravel/framework/src/Illuminate/Foundation/Bootstrap/HandleExceptions.php(258): Illuminate/Foundation/Bootstrap/HandleExceptions->handleError(2, 'rename(C://Users...', 'C://Users//Mugahe...', 233)
#1 [internal function]: Illuminate/Foundation/Bootstrap/HandleExceptions->{closure:Illuminate/Foundation/Bootstrap/HandleExceptions::forwardsTo():257}(2, 'rename(C://Users...', 'C://Users//Mugahe...', 233)
#2 C:/Users/Mugahed/Desktop/MyMetier/vendor/laravel/framework/src/Illuminate/Filesystem/Filesystem.php(233): rename('C://Users//Mugahe...', 'C://Users//Mugahe...')
#3 C:/Users/Mugahed/Desktop/MyMetier/vendor/laravel/framework/src/Illuminate/View/Compilers/BladeCompiler.php(199): Illuminate/Filesystem/Filesystem->replace('C://Users//Mugahe...', '<!DOCTYPE html>...')
#4 C:/Users/Mugahed/Desktop/MyMetier/vendor/laravel/framework/src/Illuminate/View/Engines/CompilerEngine.php(68): Illuminate/View/Compilers/BladeCompiler->compile('C://Users//Mugahe...')
#5 C:/Users/Mugahed/Desktop/MyMetier/vendor/livewire/livewire/src/Mechanisms/ExtendBlade/ExtendedCompilerEngine.php(10): Illuminate/View/Engines/CompilerEngine->get('C://Users//Mugahe...', Array)
#6 C:/Users/Mugahed/Desktop/MyMetier/vendor/laravel/framework/src/Illuminate/View/View.php(208): Livewire/Mechanisms/ExtendBlade/ExtendedCompilerEngine->get('C://Users//Mugahe...', Array)
#7 C:/Users/Mugahed/Desktop/MyMetier/vendor/laravel/framework/src/Illuminate/View/View.php(191): Illuminate/View/View->getContents()
#8 C:/Users/Mugahed/Desktop/MyMetier/vendor/laravel/framework/src/Illuminate/View/View.php(160): Illuminate/View/View->renderContents()
#9 C:/Users/Mugahed/Desktop/MyMetier/vendor/laravel/framework/src/Illuminate/View/Concerns/ManagesComponents.php(103): Illuminate/View/View->render()
#10 C:/Users/Mugahed/Desktop/MyMetier/storage/framework/views/ff04fcdb3c928c7d4b903b5450a05f1e.php(17): Illuminate/View/Factory->renderComponent()
#11 C:/Users/Mugahed/Desktop/MyMetier/vendor/laravel/framework/src/Illuminate/Filesystem/Filesystem.php(123): require('C://Users//Mugahe...')
#12 C:/Users/Mugahed/Desktop/MyMetier/vendor/laravel/framework/src/Illuminate/Filesystem/Filesystem.php(124): Illuminate/Filesystem/Filesystem::{closure:Illuminate/Filesystem/Filesystem::getRequire():120}()
#13 C:/Users/Mugahed/Desktop/MyMetier/vendor/laravel/framework/src/Illuminate/View/Engines/PhpEngine.php(57): Illuminate/Filesystem/Filesystem->getRequire('C://Users//Mugahe...', Array)
#14 C:/Users/Mugahed/Desktop/MyMetier/vendor/livewire/livewire/src/Mechanisms/ExtendBlade/ExtendedCompilerEngine.php(22): Illuminate/View/Engines/PhpEngine->evaluatePath('C://Users//Mugahe...', Array)
#15 C:/Users/Mugahed/Desktop/MyMetier/vendor/laravel/framework/src/Illuminate/View/Engines/CompilerEngine.php(76): Livewire/Mechanisms/ExtendBlade/ExtendedCompilerEngine->evaluatePath('C://Users//Mugahe...', Array)
#16 C:/Users/Mugahed/Desktop/MyMetier/vendor/livewire/livewire/src/Mechanisms/ExtendBlade/ExtendedCompilerEngine.php(10): Illuminate/View/Engines/CompilerEngine->get('C://Users//Mugahe...', Array)
#17 C:/Users/Mugahed/Desktop/MyMetier/vendor/laravel/framework/src/Illuminate/View/View.php(208): Livewire/Mechanisms/ExtendBlade/ExtendedCompilerEngine->get('C://Users//Mugahe...', Array)
#18 C:/Users/Mugahed/Desktop/MyMetier/vendor/laravel/framework/src/Illuminate/View/View.php(191): Illuminate/View/View->getContents()
#19 C:/Users/Mugahed/Desktop/MyMetier/vendor/laravel/framework/src/Illuminate/View/View.php(160): Illuminate/View/View->renderContents()
#20 C:/Users/Mugahed/Desktop/MyMetier/vendor/laravel/framework/src/Illuminate/View/Compilers/BladeCompiler.php(353): Illuminate/View/View->render()
#21 C:/Users/Mugahed/Desktop/MyMetier/vendor/laravel/framework/src/Illuminate/Support/Facades/Facade.php(363): Illuminate/View/Compilers/BladeCompiler::render('    <?php $layo...', Array)
#22 C:/Users/Mugahed/Desktop/MyMetier/vendor/livewire/livewire/src/Features/SupportPageComponents/SupportPageComponents.php(154): Illuminate/Support/Facades/Facade::__callStatic('render', Array)
#23 C:/Users/Mugahed/Desktop/MyMetier/vendor/livewire/livewire/src/Features/SupportPageComponents/HandlesPageComponents.php(26): Livewire/Features/SupportPageComponents/SupportPageComponents::renderContentsIntoLayout('<div wire:snaps...', Object(Livewire/Features/SupportPageComponents/PageComponentConfig))
#24 C:/Users/Mugahed/Desktop/MyMetier/vendor/laravel/framework/src/Illuminate/Routing/ControllerDispatcher.php(46): Livewire/Component->__invoke()
#25 C:/Users/Mugahed/Desktop/MyMetier/vendor/laravel/framework/src/Illuminate/Routing/Route.php(269): Illuminate/Routing/ControllerDispatcher->dispatch(Object(Illuminate/Routing/Route), Object(App/Livewire/HomePage), '__invoke')
#26 C:/Users/Mugahed/Desktop/MyMetier/vendor/laravel/framework/src/Illuminate/Routing/Route.php(215): Illuminate/Routing/Route->runController()
#27 C:/Users/Mugahed/Desktop/MyMetier/vendor/laravel/framework/src/Illuminate/Routing/Router.php(822): Illuminate/Routing/Route->run()
#28 C:/Users/Mugahed/Desktop/MyMetier/vendor/laravel/framework/src/Illuminate/Pipeline/Pipeline.php(180): Illuminate/Routing/Router->{closure:Illuminate/Routing/Router::runRouteWithinStack():821}(Object(Illuminate/Http/Request))
#29 C:/Users/Mugahed/Desktop/MyMetier/app/Http/Middleware/LogResponseTime.php(20): Illuminate/Pipeline/Pipeline->{closure:Illuminate/Pipeline/Pipeline::prepareDestination():178}(Object(Illuminate/Http/Request))
#30 C:/Users/Mugahed/Desktop/MyMetier/vendor/laravel/framework/src/Illuminate/Pipeline/Pipeline.php(219): App/Http/Middleware/LogResponseTime->handle(Object(Illuminate/Http/Request), Object(Closure))
#31 C:/Users/Mugahed/Desktop/MyMetier/app/Http/Middleware/RegenerateSessionAfterLogin.php(25): Illuminate/Pipeline/Pipeline->{closure:{closure:Illuminate/Pipeline/Pipeline::carry():194}:195}(Object(Illuminate/Http/Request))
#32 C:/Users/Mugahed/Desktop/MyMetier/vendor/laravel/framework/src/Illuminate/Pipeline/Pipeline.php(219): App/Http/Middleware/RegenerateSessionAfterLogin->handle(Object(Illuminate/Http/Request), Object(Closure))
#33 C:/Users/Mugahed/Desktop/MyMetier/vendor/laravel/framework/src/Illuminate/Routing/Middleware/SubstituteBindings.php(52): Illuminate/Pipeline/Pipeline->{closure:{closure:Illuminate/Pipeline/Pipeline::carry():194}:195}(Object(Illuminate/Http/Request))
#34 C:/Users/Mugahed/Desktop/MyMetier/vendor/laravel/framework/src/Illuminate/Pipeline/Pipeline.php(219): Illuminate/Routing/Middleware/SubstituteBindings->handle(Object(Illuminate/Http/Request), Object(Closure))
#35 C:/Users/Mugahed/Desktop/MyMetier/vendor/laravel/framework/src/Illuminate/Foundation/Http/Middleware/PreventRequestForgery.php(104): Illuminate/Pipeline/Pipeline->{closure:{closure:Illuminate/Pipeline/Pipeline::carry():194}:195}(Object(Illuminate/Http/Request))
#36 C:/Users/Mugahed/Desktop/MyMetier/vendor/laravel/framework/src/Illuminate/Pipeline/Pipeline.php(219): Illuminate/Foundation/Http/Middleware/PreventRequestForgery->handle(Object(Illuminate/Http/Request), Object(Closure))
#37 C:/Users/Mugahed/Desktop/MyMetier/vendor/laravel/framework/src/Illuminate/View/Middleware/ShareErrorsFromSession.php(48): Illuminate/Pipeline/Pipeline->{closure:{closure:Illuminate/Pipeline/Pipeline::carry():194}:195}(Object(Illuminate/Http/Request))
#38 C:/Users/Mugahed/Desktop/MyMetier/vendor/laravel/framework/src/Illuminate/Pipeline/Pipeline.php(219): Illuminate/View/Middleware/ShareErrorsFromSession->handle(Object(Illuminate/Http/Request), Object(Closure))
#39 C:/Users/Mugahed/Desktop/MyMetier/vendor/laravel/framework/src/Illuminate/Session/Middleware/StartSession.php(120): Illuminate/Pipeline/Pipeline->{closure:{closure:Illuminate/Pipeline/Pipeline::carry():194}:195}(Object(Illuminate/Http/Request))
#40 C:/Users/Mugahed/Desktop/MyMetier/vendor/laravel/framework/src/Illuminate/Session/Middleware/StartSession.php(63): Illuminate/Session/Middleware/StartSession->handleStatefulRequest(Object(Illuminate/Http/Request), Object(Illuminate/Session/Store), Object(Closure))
#41 C:/Users/Mugahed/Desktop/MyMetier/vendor/laravel/framework/src/Illuminate/Pipeline/Pipeline.php(219): Illuminate/Session/Middleware/StartSession->handle(Object(Illuminate/Http/Request), Object(Closure))
#42 C:/Users/Mugahed/Desktop/MyMetier/vendor/laravel/framework/src/Illuminate/Cookie/Middleware/AddQueuedCookiesToResponse.php(36): Illuminate/Pipeline/Pipeline->{closure:{closure:Illuminate/Pipeline/Pipeline::carry():194}:195}(Object(Illuminate/Http/Request))
#43 C:/Users/Mugahed/Desktop/MyMetier/vendor/laravel/framework/src/Illuminate/Pipeline/Pipeline.php(219): Illuminate/Cookie/Middleware/AddQueuedCookiesToResponse->handle(Object(Illuminate/Http/Request), Object(Closure))
#44 C:/Users/Mugahed/Desktop/MyMetier/vendor/laravel/framework/src/Illuminate/Cookie/Middleware/EncryptCookies.php(74): Illuminate/Pipeline/Pipeline->{closure:{closure:Illuminate/Pipeline/Pipeline::carry():194}:195}(Object(Illuminate/Http/Request))
#45 C:/Users/Mugahed/Desktop/MyMetier/vendor/laravel/framework/src/Illuminate/Pipeline/Pipeline.php(219): Illuminate/Cookie/Middleware/EncryptCookies->handle(Object(Illuminate/Http/Request), Object(Closure))
#46 C:/Users/Mugahed/Desktop/MyMetier/vendor/laravel/framework/src/Illuminate/Pipeline/Pipeline.php(137): Illuminate/Pipeline/Pipeline->{closure:{closure:Illuminate/Pipeline/Pipeline::carry():194}:195}(Object(Illuminate/Http/Request))
#47 C:/Users/Mugahed/Desktop/MyMetier/vendor/laravel/framework/src/Illuminate/Routing/Router.php(821): Illuminate/Pipeline/Pipeline->then(Object(Closure))
#48 C:/Users/Mugahed/Desktop/MyMetier/vendor/laravel/framework/src/Illuminate/Routing/Router.php(800): Illuminate/Routing/Router->runRouteWithinStack(Object(Illuminate/Routing/Route), Object(Illuminate/Http/Request))
#49 C:/Users/Mugahed/Desktop/MyMetier/vendor/laravel/framework/src/Illuminate/Routing/Router.php(764): Illuminate/Routing/Router->runRoute(Object(Illuminate/Http/Request), Object(Illuminate/Routing/Route))
#50 C:/Users/Mugahed/Desktop/MyMetier/vendor/laravel/framework/src/Illuminate/Routing/Router.php(753): Illuminate/Routing/Router->dispatchToRoute(Object(Illuminate/Http/Request))
#51 C:/Users/Mugahed/Desktop/MyMetier/vendor/laravel/framework/src/Illuminate/Foundation/Http/Kernel.php(200): Illuminate/Routing/Router->dispatch(Object(Illuminate/Http/Request))
#52 C:/Users/Mugahed/Desktop/MyMetier/vendor/laravel/framework/src/Illuminate/Pipeline/Pipeline.php(180): Illuminate/Foundation/Http/Kernel->{closure:Illuminate/Foundation/Http/Kernel::dispatchToRouter():197}(Object(Illuminate/Http/Request))
#53 C:/Users/Mugahed/Desktop/MyMetier/vendor/livewire/livewire/src/Features/SupportDisablingBackButtonCache/DisableBackButtonCacheMiddleware.php(19): Illuminate/Pipeline/Pipeline->{closure:Illuminate/Pipeline/Pipeline::prepareDestination():178}(Object(Illuminate/Http/Request))
#54 C:/Users/Mugahed/Desktop/MyMetier/vendor/laravel/framework/src/Illuminate/Pipeline/Pipeline.php(219): Livewire/Features/SupportDisablingBackButtonCache/DisableBackButtonCacheMiddleware->handle(Object(Illuminate/Http/Request), Object(Closure))
#55 C:/Users/Mugahed/Desktop/MyMetier/vendor/laravel/framework/src/Illuminate/Foundation/Http/Middleware/TransformsRequest.php(21): Illuminate/Pipeline/Pipeline->{closure:{closure:Illuminate/Pipeline/Pipeline::carry():194}:195}(Object(Illuminate/Http/Request))
#56 C:/Users/Mugahed/Desktop/MyMetier/vendor/laravel/framework/src/Illuminate/Foundation/Http/Middleware/ConvertEmptyStringsToNull.php(31): Illuminate/Foundation/Http/Middleware/TransformsRequest->handle(Object(Illuminate/Http/Request), Object(Closure))
#57 C:/Users/Mugahed/Desktop/MyMetier/vendor/laravel/framework/src/Illuminate/Pipeline/Pipeline.php(219): Illuminate/Foundation/Http/Middleware/ConvertEmptyStringsToNull->handle(Object(Illuminate/Http/Request), Object(Closure))
#58 C:/Users/Mugahed/Desktop/MyMetier/vendor/laravel/framework/src/Illuminate/Foundation/Http/Middleware/TransformsRequest.php(21): Illuminate/Pipeline/Pipeline->{closure:{closure:Illuminate/Pipeline/Pipeline::carry():194}:195}(Object(Illuminate/Http/Request))
#59 C:/Users/Mugahed/Desktop/MyMetier/vendor/laravel/framework/src/Illuminate/Foundation/Http/Middleware/TrimStrings.php(51): Illuminate/Foundation/Http/Middleware/TransformsRequest->handle(Object(Illuminate/Http/Request), Object(Closure))
#60 C:/Users/Mugahed/Desktop/MyMetier/vendor/laravel/framework/src/Illuminate/Pipeline/Pipeline.php(219): Illuminate/Foundation/Http/Middleware/TrimStrings->handle(Object(Illuminate/Http/Request), Object(Closure))
#61 C:/Users/Mugahed/Desktop/MyMetier/vendor/laravel/framework/src/Illuminate/Http/Middleware/ValidatePostSize.php(27): Illuminate/Pipeline/Pipeline->{closure:{closure:Illuminate/Pipeline/Pipeline::carry():194}:195}(Object(Illuminate/Http/Request))
#62 C:/Users/Mugahed/Desktop/MyMetier/vendor/laravel/framework/src/Illuminate/Pipeline/Pipeline.php(219): Illuminate/Http/Middleware/ValidatePostSize->handle(Object(Illuminate/Http/Request), Object(Closure))
#63 C:/Users/Mugahed/Desktop/MyMetier/vendor/laravel/framework/src/Illuminate/Foundation/Http/Middleware/PreventRequestsDuringMaintenance.php(109): Illuminate/Pipeline/Pipeline->{closure:{closure:Illuminate/Pipeline/Pipeline::carry():194}:195}(Object(Illuminate/Http/Request))
#64 C:/Users/Mugahed/Desktop/MyMetier/vendor/laravel/framework/src/Illuminate/Pipeline/Pipeline.php(219): Illuminate/Foundation/Http/Middleware/PreventRequestsDuringMaintenance->handle(Object(Illuminate/Http/Request), Object(Closure))
#65 C:/Users/Mugahed/Desktop/MyMetier/vendor/laravel/framework/src/Illuminate/Http/Middleware/HandleCors.php(61): Illuminate/Pipeline/Pipeline->{closure:{closure:Illuminate/Pipeline/Pipeline::carry():194}:195}(Object(Illuminate/Http/Request))
#66 C:/Users/Mugahed/Desktop/MyMetier/vendor/laravel/framework/src/Illuminate/Pipeline/Pipeline.php(219): Illuminate/Http/Middleware/HandleCors->handle(Object(Illuminate/Http/Request), Object(Closure))
#67 C:/Users/Mugahed/Desktop/MyMetier/vendor/laravel/framework/src/Illuminate/Http/Middleware/TrustProxies.php(58): Illuminate/Pipeline/Pipeline->{closure:{closure:Illuminate/Pipeline/Pipeline::carry():194}:195}(Object(Illuminate/Http/Request))
#68 C:/Users/Mugahed/Desktop/MyMetier/vendor/laravel/framework/src/Illuminate/Pipeline/Pipeline.php(219): Illuminate/Http/Middleware/TrustProxies->handle(Object(Illuminate/Http/Request), Object(Closure))
#69 C:/Users/Mugahed/Desktop/MyMetier/vendor/laravel/framework/src/Illuminate/Foundation/Http/Middleware/InvokeDeferredCallbacks.php(22): Illuminate/Pipeline/Pipeline->{closure:{closure:Illuminate/Pipeline/Pipeline::carry():194}:195}(Object(Illuminate/Http/Request))
#70 C:/Users/Mugahed/Desktop/MyMetier/vendor/laravel/framework/src/Illuminate/Pipeline/Pipeline.php(219): Illuminate/Foundation/Http/Middleware/InvokeDeferredCallbacks->handle(Object(Illuminate/Http/Request), Object(Closure))
#71 C:/Users/Mugahed/Desktop/MyMetier/vendor/laravel/framework/src/Illuminate/Http/Middleware/ValidatePathEncoding.php(28): Illuminate/Pipeline/Pipeline->{closure:{closure:Illuminate/Pipeline/Pipeline::carry():194}:195}(Object(Illuminate/Http/Request))
#72 C:/Users/Mugahed/Desktop/MyMetier/vendor/laravel/framework/src/Illuminate/Pipeline/Pipeline.php(219): Illuminate/Http/Middleware/ValidatePathEncoding->handle(Object(Illuminate/Http/Request), Object(Closure))
#73 C:/Users/Mugahed/Desktop/MyMetier/vendor/laravel/framework/src/Illuminate/Pipeline/Pipeline.php(137): Illuminate/Pipeline/Pipeline->{closure:{closure:Illuminate/Pipeline/Pipeline::carry():194}:195}(Object(Illuminate/Http/Request))
#74 C:/Users/Mugahed/Desktop/MyMetier/vendor/laravel/framework/src/Illuminate/Foundation/Http/Kernel.php(175): Illuminate/Pipeline/Pipeline->then(Object(Closure))
#75 C:/Users/Mugahed/Desktop/MyMetier/vendor/laravel/framework/src/Illuminate/Foundation/Http/Kernel.php(144): Illuminate/Foundation/Http/Kernel->sendRequestThroughRouter(Object(Illuminate/Http/Request))
#76 C:/Users/Mugahed/Desktop/MyMetier/vendor/laravel/framework/src/Illuminate/Foundation/Application.php(1220): Illuminate/Foundation/Http/Kernel->handle(Object(Illuminate/Http/Request))
#77 C:/Users/Mugahed/Desktop/MyMetier/public/index.php(20): Illuminate/Foundation/Application->handleRequest(Object(Illuminate/Http/Request))
#78 C:/Program Files/Herd/resources/app.asar.unpacked/resources/valet/server.php(139): require('C://Users//Mugahe...')
#79 {main}
"} 
[2026-03-25 22:07:17] local.DEBUG: REQUEST TIME {"url":"http://mymetier.test","time_ms":5619.1,"memory_mb":10.0} 
[2026-03-25 22:07:17] local.WARNING: SLOW REQUEST ALERT {"url":"http://mymetier.test","time_ms":5619.1,"memory_mb":10.0} 
[2026-03-25 22:07:44] local.ERROR: Maximum execution time of 30 seconds exceeded {"user_id":null,"url":"http://mymetier.test/?herd=preview","exception":"[object] (Symfony\\Component\\ErrorHandler\\Error\\FatalError(code: 0): Maximum execution time of 30 seconds exceeded at C:/Users/Mugahed/Desktop/MyMetier/storage/framework/views/655f2434359b28f847e969cf8741b3fc.php:1)
[stacktrace]
#0 {main}
"} 
[2026-03-25 22:07:45] local.DEBUG: REQUEST TIME {"url":"http://mymetier.test","time_ms":74.68,"memory_mb":8.0} 
[2026-03-25 22:11:05] local.DEBUG: REQUEST TIME {"url":"http://mymetier.test/register","time_ms":22051.49,"memory_mb":10.0} 
[2026-03-25 22:11:05] local.WARNING: SLOW REQUEST ALERT {"url":"http://mymetier.test/register","time_ms":22051.49,"memory_mb":10.0} 
[2026-03-25 22:12:30] local.DEBUG: REQUEST TIME {"url":"http://mymetier.test/livewire-f00c2fb8/update","time_ms":1480.9,"memory_mb":10.0} 
[2026-03-25 22:12:30] local.WARNING: SLOW REQUEST ALERT {"url":"http://mymetier.test/livewire-f00c2fb8/update","time_ms":1480.9,"memory_mb":10.0} 
[2026-03-25 22:13:01] local.DEBUG: REQUEST TIME {"url":"http://mymetier.test/livewire-f00c2fb8/update","time_ms":897.17,"memory_mb":8.0} 
[2026-03-25 22:13:01] local.WARNING: SLOW REQUEST ALERT {"url":"http://mymetier.test/livewire-f00c2fb8/update","time_ms":897.17,"memory_mb":8.0} 
[2026-03-25 22:13:01] local.DEBUG: REQUEST TIME {"url":"http://mymetier.test","time_ms":15.14,"memory_mb":8.0} 
[2026-03-25 22:13:41] local.DEBUG: REQUEST TIME {"url":"http://mymetier.test/requests","time_ms":546.6,"memory_mb":10.0} 
[2026-03-25 22:13:41] local.WARNING: SLOW REQUEST ALERT {"url":"http://mymetier.test/requests","time_ms":546.6,"memory_mb":10.0} 
[2026-03-25 22:13:51] local.DEBUG: REQUEST TIME {"url":"http://mymetier.test","time_ms":18.44,"memory_mb":8.0} 
[2026-03-25 22:13:54] local.DEBUG: REQUEST TIME {"url":"http://mymetier.test/search","time_ms":1018.6,"memory_mb":10.0} 
[2026-03-25 22:13:54] local.WARNING: SLOW REQUEST ALERT {"url":"http://mymetier.test/search","time_ms":1018.6,"memory_mb":10.0} 
[2026-03-25 22:14:57] local.DEBUG: REQUEST TIME {"url":"http://mymetier.test/register","time_ms":108.97,"memory_mb":8.0} 
[2026-03-25 22:14:59] local.DEBUG: REQUEST TIME {"url":"http://mymetier.test/dashboard","time_ms":1776.54,"memory_mb":10.0} 
[2026-03-25 22:14:59] local.WARNING: SLOW REQUEST ALERT {"url":"http://mymetier.test/dashboard","time_ms":1776.54,"memory_mb":10.0} 
[2026-03-25 22:15:22] local.DEBUG: REQUEST TIME {"url":"http://mymetier.test/search","time_ms":31.42,"memory_mb":10.0} 
[2026-03-25 22:15:26] local.DEBUG: REQUEST TIME {"url":"http://mymetier.test","time_ms":27.03,"memory_mb":8.0} 
[2026-03-25 22:15:29] local.DEBUG: REQUEST TIME {"url":"http://mymetier.test","time_ms":15.17,"memory_mb":8.0} 
[2026-03-25 22:15:40] local.DEBUG: REQUEST TIME {"url":"http://mymetier.test/logout","time_ms":84.28,"memory_mb":8.0} 
[2026-03-25 22:15:40] local.DEBUG: REQUEST TIME {"url":"http://mymetier.test","time_ms":10.44,"memory_mb":8.0} 
[2026-03-25 22:15:44] local.DEBUG: REQUEST TIME {"url":"http://mymetier.test/register","time_ms":73.26,"memory_mb":8.0} 
[2026-03-25 22:16:02] local.DEBUG: REQUEST TIME {"url":"http://mymetier.test","time_ms":16.33,"memory_mb":8.0} 
[2026-03-25 22:16:06] local.DEBUG: REQUEST TIME {"url":"http://mymetier.test","time_ms":19.77,"memory_mb":8.0} 
[2026-03-25 22:16:12] local.DEBUG: REQUEST TIME {"url":"http://mymetier.test/login","time_ms":160.97,"memory_mb":8.0} 
[2026-03-25 22:16:42] local.DEBUG: REQUEST TIME {"url":"http://mymetier.test/register","time_ms":35.55,"memory_mb":8.0} 
[2026-03-25 22:16:46] local.DEBUG: REQUEST TIME {"url":"http://mymetier.test/login","time_ms":38.27,"memory_mb":8.0} 
[2026-03-25 22:17:03] local.DEBUG: REQUEST TIME {"url":"http://mymetier.test/livewire-f00c2fb8/update","time_ms":14.65,"memory_mb":8.0} 
[2026-03-25 22:17:14] local.DEBUG: REQUEST TIME {"url":"http://mymetier.test/livewire-f00c2fb8/update","time_ms":18.48,"memory_mb":8.0} 
[2026-03-25 22:17:28] local.DEBUG: REQUEST TIME {"url":"http://mymetier.test/livewire-f00c2fb8/update","time_ms":383.45,"memory_mb":8.0} 
[2026-03-25 22:17:28] local.DEBUG: REQUEST TIME {"url":"http://mymetier.test","time_ms":52.36,"memory_mb":8.0} 
[2026-03-25 22:22:35] local.DEBUG: REQUEST TIME {"url":"http://mymetier.test/logout","time_ms":21.89,"memory_mb":8.0} 
[2026-03-25 22:22:36] local.DEBUG: REQUEST TIME {"url":"http://mymetier.test","time_ms":27.64,"memory_mb":8.0} 
[2026-03-25 22:22:41] local.DEBUG: REQUEST TIME {"url":"http://mymetier.test/login","time_ms":357.52,"memory_mb":8.0} 
[2026-03-25 22:22:59] local.DEBUG: REQUEST TIME {"url":"http://mymetier.test/livewire-f00c2fb8/update","time_ms":383.11,"memory_mb":8.0} 
[2026-03-25 22:23:52] local.DEBUG: REQUEST TIME {"url":"http://mymetier.test/login","time_ms":618.84,"memory_mb":8.0} 
[2026-03-25 22:23:52] local.WARNING: SLOW REQUEST ALERT {"url":"http://mymetier.test/login","time_ms":618.84,"memory_mb":8.0} 
[2026-03-25 22:23:52] local.WARNING: SLOW QUERY {"sql":"update \"sessions\" set \"payload\" = ?, \"last_activity\" = ?, \"user_id\" = ?, \"ip_address\" = ?, \"user_agent\" = ? where \"id\" = ?","time":165.63} 
[2026-03-25 22:31:14] local.DEBUG: REQUEST TIME {"url":"http://mymetier.test/login","time_ms":374.76,"memory_mb":8.0} 
[2026-03-25 22:34:38] local.DEBUG: REQUEST TIME {"url":"http://mymetier.test","time_ms":432.84,"memory_mb":8.0} 
[2026-03-25 22:34:42] local.DEBUG: REQUEST TIME {"url":"http://mymetier.test/login","time_ms":46.41,"memory_mb":8.0} 
[2026-03-25 22:34:51] local.DEBUG: REQUEST TIME {"url":"http://mymetier.test/livewire-f00c2fb8/update","time_ms":334.05,"memory_mb":8.0} 
[2026-03-25 22:34:52] local.DEBUG: REQUEST TIME {"url":"http://mymetier.test","time_ms":15.29,"memory_mb":8.0} 
[2026-03-25 22:35:05] local.DEBUG: REQUEST TIME {"url":"http://mymetier.test/requests","time_ms":52.96,"memory_mb":8.0} 
[2026-03-25 22:35:10] local.DEBUG: REQUEST TIME {"url":"http://mymetier.test/requests/create","time_ms":613.52,"memory_mb":8.0} 
[2026-03-25 22:35:10] local.WARNING: SLOW REQUEST ALERT {"url":"http://mymetier.test/requests/create","time_ms":613.52,"memory_mb":8.0} 
[2026-03-25 22:35:42] local.DEBUG: REQUEST TIME {"url":"http://mymetier.test/requests","time_ms":55.78,"memory_mb":8.0} 
[2026-03-25 22:35:54] local.DEBUG: REQUEST TIME {"url":"http://mymetier.test","time_ms":22.5,"memory_mb":8.0} 
[2026-03-25 22:35:58] local.DEBUG: REQUEST TIME {"url":"http://mymetier.test/requests","time_ms":46.21,"memory_mb":8.0} 
[2026-03-25 22:36:02] local.DEBUG: REQUEST TIME {"url":"http://mymetier.test","time_ms":22.76,"memory_mb":8.0} 
[2026-03-25 22:36:11] local.DEBUG: REQUEST TIME {"url":"http://mymetier.test/requests","time_ms":42.79,"memory_mb":8.0} 
[2026-03-25 22:37:06] local.DEBUG: REQUEST TIME {"url":"http://mymetier.test/requests","time_ms":323.49,"memory_mb":8.0} 
[2026-03-25 22:37:06] local.DEBUG: REQUEST TIME {"url":"http://mymetier.test/requests","time_ms":281.31,"memory_mb":8.0} 
[2026-03-25 22:37:06] local.DEBUG: REQUEST TIME {"url":"http://mymetier.test/requests","time_ms":104.79,"memory_mb":8.0} 
[2026-03-25 22:39:04] local.ERROR: Vite manifest not found at: C:\Users\Mugahed\Desktop\MyMetier\public\build/manifest.json (View: C:\Users\Mugahed\Desktop\MyMetier\resources\views\partials\head.blade.php) (View: C:\Users\Mugahed\Desktop\MyMetier\resources\views\partials\head.blade.php) (View: C:\Users\Mugahed\Desktop\MyMetier\resources\views\partials\head.blade.php) (View: C:\Users\Mugahed\Desktop\MyMetier\resources\views\partials\head.blade.php) {"user_id":2,"url":"http://mymetier.test/requests","userId":2,"exception":"[object] (Illuminate\\View\\ViewException(code: 0): Vite manifest not found at: C:\\Users\\Mugahed\\Desktop\\MyMetier\\public\\build/manifest.json (View: C:\\Users\\Mugahed\\Desktop\\MyMetier\\resources\\views\\partials\\head.blade.php) (View: C:\\Users\\Mugahed\\Desktop\\MyMetier\\resources\\views\\partials\\head.blade.php) (View: C:\\Users\\Mugahed\\Desktop\\MyMetier\\resources\\views\\partials\\head.blade.php) (View: C:\\Users\\Mugahed\\Desktop\\MyMetier\\resources\\views\\partials\\head.blade.php) at C:/Users/Mugahed/Desktop/MyMetier/vendor/laravel/framework/src/Illuminate/Foundation/Vite.php:946)
[stacktrace]
#0 C:/Users/Mugahed/Desktop/MyMetier/vendor/livewire/livewire/src/Mechanisms/ExtendBlade/ExtendedCompilerEngine.php(58): Illuminate/View/Engines/CompilerEngine->handleViewException(Object(Illuminate/View/ViewException), 1)
#1 C:/Users/Mugahed/Desktop/MyMetier/vendor/laravel/framework/src/Illuminate/View/Engines/PhpEngine.php(59): Livewire/Mechanisms/ExtendBlade/ExtendedCompilerEngine->handleViewException(Object(Illuminate/View/ViewException), 1)
#2 C:/Users/Mugahed/Desktop/MyMetier/vendor/livewire/livewire/src/Mechanisms/ExtendBlade/ExtendedCompilerEngine.php(22): Illuminate/View/Engines/PhpEngine->evaluatePath('C://Users//Mugahe...', Array)
#3 C:/Users/Mugahed/Desktop/MyMetier/vendor/laravel/framework/src/Illuminate/View/Engines/CompilerEngine.php(76): Livewire/Mechanisms/ExtendBlade/ExtendedCompilerEngine->evaluatePath('C://Users//Mugahe...', Array)
#4 C:/Users/Mugahed/Desktop/MyMetier/vendor/livewire/livewire/src/Mechanisms/ExtendBlade/ExtendedCompilerEngine.php(10): Illuminate/View/Engines/CompilerEngine->get('C://Users//Mugahe...', Array)
#5 C:/Users/Mugahed/Desktop/MyMetier/vendor/laravel/framework/src/Illuminate/View/View.php(208): Livewire/Mechanisms/ExtendBlade/ExtendedCompilerEngine->get('C://Users//Mugahe...', Array)
#6 C:/Users/Mugahed/Desktop/MyMetier/vendor/laravel/framework/src/Illuminate/View/View.php(191): Illuminate/View/View->getContents()
#7 C:/Users/Mugahed/Desktop/MyMetier/vendor/laravel/framework/src/Illuminate/View/View.php(160): Illuminate/View/View->renderContents()
#8 C:/Users/Mugahed/Desktop/MyMetier/vendor/laravel/framework/src/Illuminate/View/Compilers/BladeCompiler.php(353): Illuminate/View/View->render()
#9 C:/Users/Mugahed/Desktop/MyMetier/vendor/laravel/framework/src/Illuminate/Support/Facades/Facade.php(363): Illuminate/View/Compilers/BladeCompiler::render('    <?php $layo...', Array)
#10 C:/Users/Mugahed/Desktop/MyMetier/vendor/livewire/livewire/src/Features/SupportPageComponents/SupportPageComponents.php(154): Illuminate/Support/Facades/Facade::__callStatic('render', Array)
#11 C:/Users/Mugahed/Desktop/MyMetier/vendor/livewire/livewire/src/Features/SupportPageComponents/HandlesPageComponents.php(26): Livewire/Features/SupportPageComponents/SupportPageComponents::renderContentsIntoLayout('<div wire:snaps...', Object(Livewire/Features/SupportPageComponents/PageComponentConfig))
#12 C:/Users/Mugahed/Desktop/MyMetier/vendor/laravel/framework/src/Illuminate/Routing/ControllerDispatcher.php(46): Livewire/Component->__invoke()
#13 C:/Users/Mugahed/Desktop/MyMetier/vendor/laravel/framework/src/Illuminate/Routing/Route.php(269): Illuminate/Routing/ControllerDispatcher->dispatch(Object(Illuminate/Routing/Route), Object(App/Livewire/PublicRequestsPage), '__invoke')
#14 C:/Users/Mugahed/Desktop/MyMetier/vendor/laravel/framework/src/Illuminate/Routing/Route.php(215): Illuminate/Routing/Route->runController()
#15 C:/Users/Mugahed/Desktop/MyMetier/vendor/laravel/framework/src/Illuminate/Routing/Router.php(822): Illuminate/Routing/Route->run()
#16 C:/Users/Mugahed/Desktop/MyMetier/vendor/laravel/framework/src/Illuminate/Pipeline/Pipeline.php(180): Illuminate/Routing/Router->{closure:Illuminate/Routing/Router::runRouteWithinStack():821}(Object(Illuminate/Http/Request))
#17 C:/Users/Mugahed/Desktop/MyMetier/app/Http/Middleware/LogResponseTime.php(20): Illuminate/Pipeline/Pipeline->{closure:Illuminate/Pipeline/Pipeline::prepareDestination():178}(Object(Illuminate/Http/Request))
#18 C:/Users/Mugahed/Desktop/MyMetier/vendor/laravel/framework/src/Illuminate/Pipeline/Pipeline.php(219): App/Http/Middleware/LogResponseTime->handle(Object(Illuminate/Http/Request), Object(Closure))
#19 C:/Users/Mugahed/Desktop/MyMetier/app/Http/Middleware/RegenerateSessionAfterLogin.php(25): Illuminate/Pipeline/Pipeline->{closure:{closure:Illuminate/Pipeline/Pipeline::carry():194}:195}(Object(Illuminate/Http/Request))
#20 C:/Users/Mugahed/Desktop/MyMetier/vendor/laravel/framework/src/Illuminate/Pipeline/Pipeline.php(219): App/Http/Middleware/RegenerateSessionAfterLogin->handle(Object(Illuminate/Http/Request), Object(Closure))
#21 C:/Users/Mugahed/Desktop/MyMetier/vendor/laravel/framework/src/Illuminate/Routing/Middleware/SubstituteBindings.php(52): Illuminate/Pipeline/Pipeline->{closure:{closure:Illuminate/Pipeline/Pipeline::carry():194}:195}(Object(Illuminate/Http/Request))
#22 C:/Users/Mugahed/Desktop/MyMetier/vendor/laravel/framework/src/Illuminate/Pipeline/Pipeline.php(219): Illuminate/Routing/Middleware/SubstituteBindings->handle(Object(Illuminate/Http/Request), Object(Closure))
#23 C:/Users/Mugahed/Desktop/MyMetier/vendor/laravel/framework/src/Illuminate/Foundation/Http/Middleware/PreventRequestForgery.php(104): Illuminate/Pipeline/Pipeline->{closure:{closure:Illuminate/Pipeline/Pipeline::carry():194}:195}(Object(Illuminate/Http/Request))
#24 C:/Users/Mugahed/Desktop/MyMetier/vendor/laravel/framework/src/Illuminate/Pipeline/Pipeline.php(219): Illuminate/Foundation/Http/Middleware/PreventRequestForgery->handle(Object(Illuminate/Http/Request), Object(Closure))
#25 C:/Users/Mugahed/Desktop/MyMetier/vendor/laravel/framework/src/Illuminate/View/Middleware/ShareErrorsFromSession.php(48): Illuminate/Pipeline/Pipeline->{closure:{closure:Illuminate/Pipeline/Pipeline::carry():194}:195}(Object(Illuminate/Http/Request))
#26 C:/Users/Mugahed/Desktop/MyMetier/vendor/laravel/framework/src/Illuminate/Pipeline/Pipeline.php(219): Illuminate/View/Middleware/ShareErrorsFromSession->handle(Object(Illuminate/Http/Request), Object(Closure))
#27 C:/Users/Mugahed/Desktop/MyMetier/vendor/laravel/framework/src/Illuminate/Session/Middleware/StartSession.php(120): Illuminate/Pipeline/Pipeline->{closure:{closure:Illuminate/Pipeline/Pipeline::carry():194}:195}(Object(Illuminate/Http/Request))
#28 C:/Users/Mugahed/Desktop/MyMetier/vendor/laravel/framework/src/Illuminate/Session/Middleware/StartSession.php(63): Illuminate/Session/Middleware/StartSession->handleStatefulRequest(Object(Illuminate/Http/Request), Object(Illuminate/Session/Store), Object(Closure))
#29 C:/Users/Mugahed/Desktop/MyMetier/vendor/laravel/framework/src/Illuminate/Pipeline/Pipeline.php(219): Illuminate/Session/Middleware/StartSession->handle(Object(Illuminate/Http/Request), Object(Closure))
#30 C:/Users/Mugahed/Desktop/MyMetier/vendor/laravel/framework/src/Illuminate/Cookie/Middleware/AddQueuedCookiesToResponse.php(36): Illuminate/Pipeline/Pipeline->{closure:{closure:Illuminate/Pipeline/Pipeline::carry():194}:195}(Object(Illuminate/Http/Request))
#31 C:/Users/Mugahed/Desktop/MyMetier/vendor/laravel/framework/src/Illuminate/Pipeline/Pipeline.php(219): Illuminate/Cookie/Middleware/AddQueuedCookiesToResponse->handle(Object(Illuminate/Http/Request), Object(Closure))
#32 C:/Users/Mugahed/Desktop/MyMetier/vendor/laravel/framework/src/Illuminate/Cookie/Middleware/EncryptCookies.php(74): Illuminate/Pipeline/Pipeline->{closure:{closure:Illuminate/Pipeline/Pipeline::carry():194}:195}(Object(Illuminate/Http/Request))
#33 C:/Users/Mugahed/Desktop/MyMetier/vendor/laravel/framework/src/Illuminate/Pipeline/Pipeline.php(219): Illuminate/Cookie/Middleware/EncryptCookies->handle(Object(Illuminate/Http/Request), Object(Closure))
#34 C:/Users/Mugahed/Desktop/MyMetier/vendor/laravel/framework/src/Illuminate/Pipeline/Pipeline.php(137): Illuminate/Pipeline/Pipeline->{closure:{closure:Illuminate/Pipeline/Pipeline::carry():194}:195}(Object(Illuminate/Http/Request))
#35 C:/Users/Mugahed/Desktop/MyMetier/vendor/laravel/framework/src/Illuminate/Routing/Router.php(821): Illuminate/Pipeline/Pipeline->then(Object(Closure))
#36 C:/Users/Mugahed/Desktop/MyMetier/vendor/laravel/framework/src/Illuminate/Routing/Router.php(800): Illuminate/Routing/Router->runRouteWithinStack(Object(Illuminate/Routing/Route), Object(Illuminate/Http/Request))
#37 C:/Users/Mugahed/Desktop/MyMetier/vendor/laravel/framework/src/Illuminate/Routing/Router.php(764): Illuminate/Routing/Router->runRoute(Object(Illuminate/Http/Request), Object(Illuminate/Routing/Route))
#38 C:/Users/Mugahed/Desktop/MyMetier/vendor/laravel/framework/src/Illuminate/Routing/Router.php(753): Illuminate/Routing/Router->dispatchToRoute(Object(Illuminate/Http/Request))
#39 C:/Users/Mugahed/Desktop/MyMetier/vendor/laravel/framework/src/Illuminate/Foundation/Http/Kernel.php(200): Illuminate/Routing/Router->dispatch(Object(Illuminate/Http/Request))
#40 C:/Users/Mugahed/Desktop/MyMetier/vendor/laravel/framework/src/Illuminate/Pipeline/Pipeline.php(180): Illuminate/Foundation/Http/Kernel->{closure:Illuminate/Foundation/Http/Kernel::dispatchToRouter():197}(Object(Illuminate/Http/Request))
#41 C:/Users/Mugahed/Desktop/MyMetier/vendor/livewire/livewire/src/Features/SupportDisablingBackButtonCache/DisableBackButtonCacheMiddleware.php(19): Illuminate/Pipeline/Pipeline->{closure:Illuminate/Pipeline/Pipeline::prepareDestination():178}(Object(Illuminate/Http/Request))
#42 C:/Users/Mugahed/Desktop/MyMetier/vendor/laravel/framework/src/Illuminate/Pipeline/Pipeline.php(219): Livewire/Features/SupportDisablingBackButtonCache/DisableBackButtonCacheMiddleware->handle(Object(Illuminate/Http/Request), Object(Closure))
#43 C:/Users/Mugahed/Desktop/MyMetier/vendor/laravel/framework/src/Illuminate/Foundation/Http/Middleware/TransformsRequest.php(21): Illuminate/Pipeline/Pipeline->{closure:{closure:Illuminate/Pipeline/Pipeline::carry():194}:195}(Object(Illuminate/Http/Request))
#44 C:/Users/Mugahed/Desktop/MyMetier/vendor/laravel/framework/src/Illuminate/Foundation/Http/Middleware/ConvertEmptyStringsToNull.php(31): Illuminate/Foundation/Http/Middleware/TransformsRequest->handle(Object(Illuminate/Http/Request), Object(Closure))
#45 C:/Users/Mugahed/Desktop/MyMetier/vendor/laravel/framework/src/Illuminate/Pipeline/Pipeline.php(219): Illuminate/Foundation/Http/Middleware/ConvertEmptyStringsToNull->handle(Object(Illuminate/Http/Request), Object(Closure))
#46 C:/Users/Mugahed/Desktop/MyMetier/vendor/laravel/framework/src/Illuminate/Foundation/Http/Middleware/TransformsRequest.php(21): Illuminate/Pipeline/Pipeline->{closure:{closure:Illuminate/Pipeline/Pipeline::carry():194}:195}(Object(Illuminate/Http/Request))
#47 C:/Users/Mugahed/Desktop/MyMetier/vendor/laravel/framework/src/Illuminate/Foundation/Http/Middleware/TrimStrings.php(51): Illuminate/Foundation/Http/Middleware/TransformsRequest->handle(Object(Illuminate/Http/Request), Object(Closure))
#48 C:/Users/Mugahed/Desktop/MyMetier/vendor/laravel/framework/src/Illuminate/Pipeline/Pipeline.php(219): Illuminate/Foundation/Http/Middleware/TrimStrings->handle(Object(Illuminate/Http/Request), Object(Closure))
#49 C:/Users/Mugahed/Desktop/MyMetier/vendor/laravel/framework/src/Illuminate/Http/Middleware/ValidatePostSize.php(27): Illuminate/Pipeline/Pipeline->{closure:{closure:Illuminate/Pipeline/Pipeline::carry():194}:195}(Object(Illuminate/Http/Request))
#50 C:/Users/Mugahed/Desktop/MyMetier/vendor/laravel/framework/src/Illuminate/Pipeline/Pipeline.php(219): Illuminate/Http/Middleware/ValidatePostSize->handle(Object(Illuminate/Http/Request), Object(Closure))
#51 C:/Users/Mugahed/Desktop/MyMetier/vendor/laravel/framework/src/Illuminate/Foundation/Http/Middleware/PreventRequestsDuringMaintenance.php(109): Illuminate/Pipeline/Pipeline->{closure:{closure:Illuminate/Pipeline/Pipeline::carry():194}:195}(Object(Illuminate/Http/Request))
#52 C:/Users/Mugahed/Desktop/MyMetier/vendor/laravel/framework/src/Illuminate/Pipeline/Pipeline.php(219): Illuminate/Foundation/Http/Middleware/PreventRequestsDuringMaintenance->handle(Object(Illuminate/Http/Request), Object(Closure))
#53 C:/Users/Mugahed/Desktop/MyMetier/vendor/laravel/framework/src/Illuminate/Http/Middleware/HandleCors.php(61): Illuminate/Pipeline/Pipeline->{closure:{closure:Illuminate/Pipeline/Pipeline::carry():194}:195}(Object(Illuminate/Http/Request))
#54 C:/Users/Mugahed/Desktop/MyMetier/vendor/laravel/framework/src/Illuminate/Pipeline/Pipeline.php(219): Illuminate/Http/Middleware/HandleCors->handle(Object(Illuminate/Http/Request), Object(Closure))
#55 C:/Users/Mugahed/Desktop/MyMetier/vendor/laravel/framework/src/Illuminate/Http/Middleware/TrustProxies.php(58): Illuminate/Pipeline/Pipeline->{closure:{closure:Illuminate/Pipeline/Pipeline::carry():194}:195}(Object(Illuminate/Http/Request))
#56 C:/Users/Mugahed/Desktop/MyMetier/vendor/laravel/framework/src/Illuminate/Pipeline/Pipeline.php(219): Illuminate/Http/Middleware/TrustProxies->handle(Object(Illuminate/Http/Request), Object(Closure))
#57 C:/Users/Mugahed/Desktop/MyMetier/vendor/laravel/framework/src/Illuminate/Foundation/Http/Middleware/InvokeDeferredCallbacks.php(22): Illuminate/Pipeline/Pipeline->{closure:{closure:Illuminate/Pipeline/Pipeline::carry():194}:195}(Object(Illuminate/Http/Request))
#58 C:/Users/Mugahed/Desktop/MyMetier/vendor/laravel/framework/src/Illuminate/Pipeline/Pipeline.php(219): Illuminate/Foundation/Http/Middleware/InvokeDeferredCallbacks->handle(Object(Illuminate/Http/Request), Object(Closure))
#59 C:/Users/Mugahed/Desktop/MyMetier/vendor/laravel/framework/src/Illuminate/Http/Middleware/ValidatePathEncoding.php(28): Illuminate/Pipeline/Pipeline->{closure:{closure:Illuminate/Pipeline/Pipeline::carry():194}:195}(Object(Illuminate/Http/Request))
#60 C:/Users/Mugahed/Desktop/MyMetier/vendor/laravel/framework/src/Illuminate/Pipeline/Pipeline.php(219): Illuminate/Http/Middleware/ValidatePathEncoding->handle(Object(Illuminate/Http/Request), Object(Closure))
#61 C:/Users/Mugahed/Desktop/MyMetier/vendor/laravel/framework/src/Illuminate/Pipeline/Pipeline.php(137): Illuminate/Pipeline/Pipeline->{closure:{closure:Illuminate/Pipeline/Pipeline::carry():194}:195}(Object(Illuminate/Http/Request))
#62 C:/Users/Mugahed/Desktop/MyMetier/vendor/laravel/framework/src/Illuminate/Foundation/Http/Kernel.php(175): Illuminate/Pipeline/Pipeline->then(Object(Closure))
#63 C:/Users/Mugahed/Desktop/MyMetier/vendor/laravel/framework/src/Illuminate/Foundation/Http/Kernel.php(144): Illuminate/Foundation/Http/Kernel->sendRequestThroughRouter(Object(Illuminate/Http/Request))
#64 C:/Users/Mugahed/Desktop/MyMetier/vendor/laravel/framework/src/Illuminate/Foundation/Application.php(1220): Illuminate/Foundation/Http/Kernel->handle(Object(Illuminate/Http/Request))
#65 C:/Users/Mugahed/Desktop/MyMetier/public/index.php(20): Illuminate/Foundation/Application->handleRequest(Object(Illuminate/Http/Request))
#66 C:/Program Files/Herd/resources/app.asar.unpacked/resources/valet/server.php(139): require('C://Users//Mugahe...')
#67 {main}

[previous exception] [object] (Illuminate\\View\\ViewException(code: 0): Vite manifest not found at: C:\\Users\\Mugahed\\Desktop\\MyMetier\\public\\build/manifest.json (View: C:\\Users\\Mugahed\\Desktop\\MyMetier\\resources\\views\\partials\\head.blade.php) (View: C:\\Users\\Mugahed\\Desktop\\MyMetier\\resources\\views\\partials\\head.blade.php) (View: C:\\Users\\Mugahed\\Desktop\\MyMetier\\resources\\views\\partials\\head.blade.php) at C:/Users/Mugahed/Desktop/MyMetier/vendor/laravel/framework/src/Illuminate/Foundation/Vite.php:946)
[stacktrace]
#0 C:/Users/Mugahed/Desktop/MyMetier/vendor/livewire/livewire/src/Mechanisms/ExtendBlade/ExtendedCompilerEngine.php(58): Illuminate/View/Engines/CompilerEngine->handleViewException(Object(Illuminate/View/ViewException), 2)
#1 C:/Users/Mugahed/Desktop/MyMetier/vendor/laravel/framework/src/Illuminate/View/Engines/PhpEngine.php(59): Livewire/Mechanisms/ExtendBlade/ExtendedCompilerEngine->handleViewException(Object(Illuminate/View/ViewException), 2)
#2 C:/Users/Mugahed/Desktop/MyMetier/vendor/livewire/livewire/src/Mechanisms/ExtendBlade/ExtendedCompilerEngine.php(22): Illuminate/View/Engines/PhpEngine->evaluatePath('C://Users//Mugahe...', Array)
#3 C:/Users/Mugahed/Desktop/MyMetier/vendor/laravel/framework/src/Illuminate/View/Engines/CompilerEngine.php(76): Livewire/Mechanisms/ExtendBlade/ExtendedCompilerEngine->evaluatePath('C://Users//Mugahe...', Array)
#4 C:/Users/Mugahed/Desktop/MyMetier/vendor/livewire/livewire/src/Mechanisms/ExtendBlade/ExtendedCompilerEngine.php(10): Illuminate/View/Engines/CompilerEngine->get('C://Users//Mugahe...', Array)
#5 C:/Users/Mugahed/Desktop/MyMetier/vendor/laravel/framework/src/Illuminate/View/View.php(208): Livewire/Mechanisms/ExtendBlade/ExtendedCompilerEngine->get('C://Users//Mugahe...', Array)
#6 C:/Users/Mugahed/Desktop/MyMetier/vendor/laravel/framework/src/Illuminate/View/View.php(191): Illuminate/View/View->getContents()
#7 C:/Users/Mugahed/Desktop/MyMetier/vendor/laravel/framework/src/Illuminate/View/View.php(160): Illuminate/View/View->renderContents()
#8 C:/Users/Mugahed/Desktop/MyMetier/vendor/laravel/framework/src/Illuminate/View/Concerns/ManagesComponents.php(103): Illuminate/View/View->render()
#9 C:/Users/Mugahed/Desktop/MyMetier/storage/framework/views/ff04fcdb3c928c7d4b903b5450a05f1e.php(17): Illuminate/View/Factory->renderComponent()
#10 C:/Users/Mugahed/Desktop/MyMetier/vendor/laravel/framework/src/Illuminate/Filesystem/Filesystem.php(123): require('C://Users//Mugahe...')
#11 C:/Users/Mugahed/Desktop/MyMetier/vendor/laravel/framework/src/Illuminate/Filesystem/Filesystem.php(124): Illuminate/Filesystem/Filesystem::{closure:Illuminate/Filesystem/Filesystem::getRequire():120}()
#12 C:/Users/Mugahed/Desktop/MyMetier/vendor/laravel/framework/src/Illuminate/View/Engines/PhpEngine.php(57): Illuminate/Filesystem/Filesystem->getRequire('C://Users//Mugahe...', Array)
#13 C:/Users/Mugahed/Desktop/MyMetier/vendor/livewire/livewire/src/Mechanisms/ExtendBlade/ExtendedCompilerEngine.php(22): Illuminate/View/Engines/PhpEngine->evaluatePath('C://Users//Mugahe...', Array)
#14 C:/Users/Mugahed/Desktop/MyMetier/vendor/laravel/framework/src/Illuminate/View/Engines/CompilerEngine.php(76): Livewire/Mechanisms/ExtendBlade/ExtendedCompilerEngine->evaluatePath('C://Users//Mugahe...', Array)
#15 C:/Users/Mugahed/Desktop/MyMetier/vendor/livewire/livewire/src/Mechanisms/ExtendBlade/ExtendedCompilerEngine.php(10): Illuminate/View/Engines/CompilerEngine->get('C://Users//Mugahe...', Array)
#16 C:/Users/Mugahed/Desktop/MyMetier/vendor/laravel/framework/src/Illuminate/View/View.php(208): Livewire/Mechanisms/ExtendBlade/ExtendedCompilerEngine->get('C://Users//Mugahe...', Array)
#17 C:/Users/Mugahed/Desktop/MyMetier/vendor/laravel/framework/src/Illuminate/View/View.php(191): Illuminate/View/View->getContents()
#18 C:/Users/Mugahed/Desktop/MyMetier/vendor/laravel/framework/src/Illuminate/View/View.php(160): Illuminate/View/View->renderContents()
#19 C:/Users/Mugahed/Desktop/MyMetier/vendor/laravel/framework/src/Illuminate/View/Compilers/BladeCompiler.php(353): Illuminate/View/View->render()
#20 C:/Users/Mugahed/Desktop/MyMetier/vendor/laravel/framework/src/Illuminate/Support/Facades/Facade.php(363): Illuminate/View/Compilers/BladeCompiler::render('    <?php $layo...', Array)
#21 C:/Users/Mugahed/Desktop/MyMetier/vendor/livewire/livewire/src/Features/SupportPageComponents/SupportPageComponents.php(154): Illuminate/Support/Facades/Facade::__callStatic('render', Array)
#22 C:/Users/Mugahed/Desktop/MyMetier/vendor/livewire/livewire/src/Features/SupportPageComponents/HandlesPageComponents.php(26): Livewire/Features/SupportPageComponents/SupportPageComponents::renderContentsIntoLayout('<div wire:snaps...', Object(Livewire/Features/SupportPageComponents/PageComponentConfig))
#23 C:/Users/Mugahed/Desktop/MyMetier/vendor/laravel/framework/src/Illuminate/Routing/ControllerDispatcher.php(46): Livewire/Component->__invoke()
#24 C:/Users/Mugahed/Desktop/MyMetier/vendor/laravel/framework/src/Illuminate/Routing/Route.php(269): Illuminate/Routing/ControllerDispatcher->dispatch(Object(Illuminate/Routing/Route), Object(App/Livewire/PublicRequestsPage), '__invoke')
#25 C:/Users/Mugahed/Desktop/MyMetier/vendor/laravel/framework/src/Illuminate/Routing/Route.php(215): Illuminate/Routing/Route->runController()
#26 C:/Users/Mugahed/Desktop/MyMetier/vendor/laravel/framework/src/Illuminate/Routing/Router.php(822): Illuminate/Routing/Route->run()
#27 C:/Users/Mugahed/Desktop/MyMetier/vendor/laravel/framework/src/Illuminate/Pipeline/Pipeline.php(180): Illuminate/Routing/Router->{closure:Illuminate/Routing/Router::runRouteWithinStack():821}(Object(Illuminate/Http/Request))
#28 C:/Users/Mugahed/Desktop/MyMetier/app/Http/Middleware/LogResponseTime.php(20): Illuminate/Pipeline/Pipeline->{closure:Illuminate/Pipeline/Pipeline::prepareDestination():178}(Object(Illuminate/Http/Request))
#29 C:/Users/Mugahed/Desktop/MyMetier/vendor/laravel/framework/src/Illuminate/Pipeline/Pipeline.php(219): App/Http/Middleware/LogResponseTime->handle(Object(Illuminate/Http/Request), Object(Closure))
#30 C:/Users/Mugahed/Desktop/MyMetier/app/Http/Middleware/RegenerateSessionAfterLogin.php(25): Illuminate/Pipeline/Pipeline->{closure:{closure:Illuminate/Pipeline/Pipeline::carry():194}:195}(Object(Illuminate/Http/Request))
#31 C:/Users/Mugahed/Desktop/MyMetier/vendor/laravel/framework/src/Illuminate/Pipeline/Pipeline.php(219): App/Http/Middleware/RegenerateSessionAfterLogin->handle(Object(Illuminate/Http/Request), Object(Closure))
#32 C:/Users/Mugahed/Desktop/MyMetier/vendor/laravel/framework/src/Illuminate/Routing/Middleware/SubstituteBindings.php(52): Illuminate/Pipeline/Pipeline->{closure:{closure:Illuminate/Pipeline/Pipeline::carry():194}:195}(Object(Illuminate/Http/Request))
#33 C:/Users/Mugahed/Desktop/MyMetier/vendor/laravel/framework/src/Illuminate/Pipeline/Pipeline.php(219): Illuminate/Routing/Middleware/SubstituteBindings->handle(Object(Illuminate/Http/Request), Object(Closure))
#34 C:/Users/Mugahed/Desktop/MyMetier/vendor/laravel/framework/src/Illuminate/Foundation/Http/Middleware/PreventRequestForgery.php(104): Illuminate/Pipeline/Pipeline->{closure:{closure:Illuminate/Pipeline/Pipeline::carry():194}:195}(Object(Illuminate/Http/Request))
#35 C:/Users/Mugahed/Desktop/MyMetier/vendor/laravel/framework/src/Illuminate/Pipeline/Pipeline.php(219): Illuminate/Foundation/Http/Middleware/PreventRequestForgery->handle(Object(Illuminate/Http/Request), Object(Closure))
#36 C:/Users/Mugahed/Desktop/MyMetier/vendor/laravel/framework/src/Illuminate/View/Middleware/ShareErrorsFromSession.php(48): Illuminate/Pipeline/Pipeline->{closure:{closure:Illuminate/Pipeline/Pipeline::carry():194}:195}(Object(Illuminate/Http/Request))
#37 C:/Users/Mugahed/Desktop/MyMetier/vendor/laravel/framework/src/Illuminate/Pipeline/Pipeline.php(219): Illuminate/View/Middleware/ShareErrorsFromSession->handle(Object(Illuminate/Http/Request), Object(Closure))
#38 C:/Users/Mugahed/Desktop/MyMetier/vendor/laravel/framework/src/Illuminate/Session/Middleware/StartSession.php(120): Illuminate/Pipeline/Pipeline->{closure:{closure:Illuminate/Pipeline/Pipeline::carry():194}:195}(Object(Illuminate/Http/Request))
#39 C:/Users/Mugahed/Desktop/MyMetier/vendor/laravel/framework/src/Illuminate/Session/Middleware/StartSession.php(63): Illuminate/Session/Middleware/StartSession->handleStatefulRequest(Object(Illuminate/Http/Request), Object(Illuminate/Session/Store), Object(Closure))
#40 C:/Users/Mugahed/Desktop/MyMetier/vendor/laravel/framework/src/Illuminate/Pipeline/Pipeline.php(219): Illuminate/Session/Middleware/StartSession->handle(Object(Illuminate/Http/Request), Object(Closure))
#41 C:/Users/Mugahed/Desktop/MyMetier/vendor/laravel/framework/src/Illuminate/Cookie/Middleware/AddQueuedCookiesToResponse.php(36): Illuminate/Pipeline/Pipeline->{closure:{closure:Illuminate/Pipeline/Pipeline::carry():194}:195}(Object(Illuminate/Http/Request))
#42 C:/Users/Mugahed/Desktop/MyMetier/vendor/laravel/framework/src/Illuminate/Pipeline/Pipeline.php(219): Illuminate/Cookie/Middleware/AddQueuedCookiesToResponse->handle(Object(Illuminate/Http/Request), Object(Closure))
#43 C:/Users/Mugahed/Desktop/MyMetier/vendor/laravel/framework/src/Illuminate/Cookie/Middleware/EncryptCookies.php(74): Illuminate/Pipeline/Pipeline->{closure:{closure:Illuminate/Pipeline/Pipeline::carry():194}:195}(Object(Illuminate/Http/Request))
#44 C:/Users/Mugahed/Desktop/MyMetier/vendor/laravel/framework/src/Illuminate/Pipeline/Pipeline.php(219): Illuminate/Cookie/Middleware/EncryptCookies->handle(Object(Illuminate/Http/Request), Object(Closure))
#45 C:/Users/Mugahed/Desktop/MyMetier/vendor/laravel/framework/src/Illuminate/Pipeline/Pipeline.php(137): Illuminate/Pipeline/Pipeline->{closure:{closure:Illuminate/Pipeline/Pipeline::carry():194}:195}(Object(Illuminate/Http/Request))
#46 C:/Users/Mugahed/Desktop/MyMetier/vendor/laravel/framework/src/Illuminate/Routing/Router.php(821): Illuminate/Pipeline/Pipeline->then(Object(Closure))
#47 C:/Users/Mugahed/Desktop/MyMetier/vendor/laravel/framework/src/Illuminate/Routing/Router.php(800): Illuminate/Routing/Router->runRouteWithinStack(Object(Illuminate/Routing/Route), Object(Illuminate/Http/Request))
#48 C:/Users/Mugahed/Desktop/MyMetier/vendor/laravel/framework/src/Illuminate/Routing/Router.php(764): Illuminate/Routing/Router->runRoute(Object(Illuminate/Http/Request), Object(Illuminate/Routing/Route))
#49 C:/Users/Mugahed/Desktop/MyMetier/vendor/laravel/framework/src/Illuminate/Routing/Router.php(753): Illuminate/Routing/Router->dispatchToRoute(Object(Illuminate/Http/Request))
#50 C:/Users/Mugahed/Desktop/MyMetier/vendor/laravel/framework/src/Illuminate/Foundation/Http/Kernel.php(200): Illuminate/Routing/Router->dispatch(Object(Illuminate/Http/Request))
#51 C:/Users/Mugahed/Desktop/MyMetier/vendor/laravel/framework/src/Illuminate/Pipeline/Pipeline.php(180): Illuminate/Foundation/Http/Kernel->{closure:Illuminate/Foundation/Http/Kernel::dispatchToRouter():197}(Object(Illuminate/Http/Request))
#52 C:/Users/Mugahed/Desktop/MyMetier/vendor/livewire/livewire/src/Features/SupportDisablingBackButtonCache/DisableBackButtonCacheMiddleware.php(19): Illuminate/Pipeline/Pipeline->{closure:Illuminate/Pipeline/Pipeline::prepareDestination():178}(Object(Illuminate/Http/Request))
#53 C:/Users/Mugahed/Desktop/MyMetier/vendor/laravel/framework/src/Illuminate/Pipeline/Pipeline.php(219): Livewire/Features/SupportDisablingBackButtonCache/DisableBackButtonCacheMiddleware->handle(Object(Illuminate/Http/Request), Object(Closure))
#54 C:/Users/Mugahed/Desktop/MyMetier/vendor/laravel/framework/src/Illuminate/Foundation/Http/Middleware/TransformsRequest.php(21): Illuminate/Pipeline/Pipeline->{closure:{closure:Illuminate/Pipeline/Pipeline::carry():194}:195}(Object(Illuminate/Http/Request))
#55 C:/Users/Mugahed/Desktop/MyMetier/vendor/laravel/framework/src/Illuminate/Foundation/Http/Middleware/ConvertEmptyStringsToNull.php(31): Illuminate/Foundation/Http/Middleware/TransformsRequest->handle(Object(Illuminate/Http/Request), Object(Closure))
#56 C:/Users/Mugahed/Desktop/MyMetier/vendor/laravel/framework/src/Illuminate/Pipeline/Pipeline.php(219): Illuminate/Foundation/Http/Middleware/ConvertEmptyStringsToNull->handle(Object(Illuminate/Http/Request), Object(Closure))
#57 C:/Users/Mugahed/Desktop/MyMetier/vendor/laravel/framework/src/Illuminate/Foundation/Http/Middleware/TransformsRequest.php(21): Illuminate/Pipeline/Pipeline->{closure:{closure:Illuminate/Pipeline/Pipeline::carry():194}:195}(Object(Illuminate/Http/Request))
#58 C:/Users/Mugahed/Desktop/MyMetier/vendor/laravel/framework/src/Illuminate/Foundation/Http/Middleware/TrimStrings.php(51): Illuminate/Foundation/Http/Middleware/TransformsRequest->handle(Object(Illuminate/Http/Request), Object(Closure))
#59 C:/Users/Mugahed/Desktop/MyMetier/vendor/laravel/framework/src/Illuminate/Pipeline/Pipeline.php(219): Illuminate/Foundation/Http/Middleware/TrimStrings->handle(Object(Illuminate/Http/Request), Object(Closure))
#60 C:/Users/Mugahed/Desktop/MyMetier/vendor/laravel/framework/src/Illuminate/Http/Middleware/ValidatePostSize.php(27): Illuminate/Pipeline/Pipeline->{closure:{closure:Illuminate/Pipeline/Pipeline::carry():194}:195}(Object(Illuminate/Http/Request))
#61 C:/Users/Mugahed/Desktop/MyMetier/vendor/laravel/framework/src/Illuminate/Pipeline/Pipeline.php(219): Illuminate/Http/Middleware/ValidatePostSize->handle(Object(Illuminate/Http/Request), Object(Closure))
#62 C:/Users/Mugahed/Desktop/MyMetier/vendor/laravel/framework/src/Illuminate/Foundation/Http/Middleware/PreventRequestsDuringMaintenance.php(109): Illuminate/Pipeline/Pipeline->{closure:{closure:Illuminate/Pipeline/Pipeline::carry():194}:195}(Object(Illuminate/Http/Request))
#63 C:/Users/Mugahed/Desktop/MyMetier/vendor/laravel/framework/src/Illuminate/Pipeline/Pipeline.php(219): Illuminate/Foundation/Http/Middleware/PreventRequestsDuringMaintenance->handle(Object(Illuminate/Http/Request), Object(Closure))
#64 C:/Users/Mugahed/Desktop/MyMetier/vendor/laravel/framework/src/Illuminate/Http/Middleware/HandleCors.php(61): Illuminate/Pipeline/Pipeline->{closure:{closure:Illuminate/Pipeline/Pipeline::carry():194}:195}(Object(Illuminate/Http/Request))
#65 C:/Users/Mugahed/Desktop/MyMetier/vendor/laravel/framework/src/Illuminate/Pipeline/Pipeline.php(219): Illuminate/Http/Middleware/HandleCors->handle(Object(Illuminate/Http/Request), Object(Closure))
#66 C:/Users/Mugahed/Desktop/MyMetier/vendor/laravel/framework/src/Illuminate/Http/Middleware/TrustProxies.php(58): Illuminate/Pipeline/Pipeline->{closure:{closure:Illuminate/Pipeline/Pipeline::carry():194}:195}(Object(Illuminate/Http/Request))
#67 C:/Users/Mugahed/Desktop/MyMetier/vendor/laravel/framework/src/Illuminate/Pipeline/Pipeline.php(219): Illuminate/Http/Middleware/TrustProxies->handle(Object(Illuminate/Http/Request), Object(Closure))
#68 C:/Users/Mugahed/Desktop/MyMetier/vendor/laravel/framework/src/Illuminate/Foundation/Http/Middleware/InvokeDeferredCallbacks.php(22): Illuminate/Pipeline/Pipeline->{closure:{closure:Illuminate/Pipeline/Pipeline::carry():194}:195}(Object(Illuminate/Http/Request))
#69 C:/Users/Mugahed/Desktop/MyMetier/vendor/laravel/framework/src/Illuminate/Pipeline/Pipeline.php(219): Illuminate/Foundation/Http/Middleware/InvokeDeferredCallbacks->handle(Object(Illuminate/Http/Request), Object(Closure))
#70 C:/Users/Mugahed/Desktop/MyMetier/vendor/laravel/framework/src/Illuminate/Http/Middleware/ValidatePathEncoding.php(28): Illuminate/Pipeline/Pipeline->{closure:{closure:Illuminate/Pipeline/Pipeline::carry():194}:195}(Object(Illuminate/Http/Request))
#71 C:/Users/Mugahed/Desktop/MyMetier/vendor/laravel/framework/src/Illuminate/Pipeline/Pipeline.php(219): Illuminate/Http/Middleware/ValidatePathEncoding->handle(Object(Illuminate/Http/Request), Object(Closure))
#72 C:/Users/Mugahed/Desktop/MyMetier/vendor/laravel/framework/src/Illuminate/Pipeline/Pipeline.php(137): Illuminate/Pipeline/Pipeline->{closure:{closure:Illuminate/Pipeline/Pipeline::carry():194}:195}(Object(Illuminate/Http/Request))
#73 C:/Users/Mugahed/Desktop/MyMetier/vendor/laravel/framework/src/Illuminate/Foundation/Http/Kernel.php(175): Illuminate/Pipeline/Pipeline->then(Object(Closure))
#74 C:/Users/Mugahed/Desktop/MyMetier/vendor/laravel/framework/src/Illuminate/Foundation/Http/Kernel.php(144): Illuminate/Foundation/Http/Kernel->sendRequestThroughRouter(Object(Illuminate/Http/Request))
#75 C:/Users/Mugahed/Desktop/MyMetier/vendor/laravel/framework/src/Illuminate/Foundation/Application.php(1220): Illuminate/Foundation/Http/Kernel->handle(Object(Illuminate/Http/Request))
#76 C:/Users/Mugahed/Desktop/MyMetier/public/index.php(20): Illuminate/Foundation/Application->handleRequest(Object(Illuminate/Http/Request))
#77 C:/Program Files/Herd/resources/app.asar.unpacked/resources/valet/server.php(139): require('C://Users//Mugahe...')
#78 {main}

[previous exception] [object] (Illuminate\\View\\ViewException(code: 0): Vite manifest not found at: C:\\Users\\Mugahed\\Desktop\\MyMetier\\public\\build/manifest.json (View: C:\\Users\\Mugahed\\Desktop\\MyMetier\\resources\\views\\partials\\head.blade.php) (View: C:\\Users\\Mugahed\\Desktop\\MyMetier\\resources\\views\\partials\\head.blade.php) at C:/Users/Mugahed/Desktop/MyMetier/vendor/laravel/framework/src/Illuminate/Foundation/Vite.php:946)
[stacktrace]
#0 C:/Users/Mugahed/Desktop/MyMetier/vendor/livewire/livewire/src/Mechanisms/ExtendBlade/ExtendedCompilerEngine.php(58): Illuminate/View/Engines/CompilerEngine->handleViewException(Object(Illuminate/View/ViewException), 3)
#1 C:/Users/Mugahed/Desktop/MyMetier/vendor/laravel/framework/src/Illuminate/View/Engines/PhpEngine.php(59): Livewire/Mechanisms/ExtendBlade/ExtendedCompilerEngine->handleViewException(Object(Illuminate/View/ViewException), 3)
#2 C:/Users/Mugahed/Desktop/MyMetier/vendor/livewire/livewire/src/Mechanisms/ExtendBlade/ExtendedCompilerEngine.php(22): Illuminate/View/Engines/PhpEngine->evaluatePath('C://Users//Mugahe...', Array)
#3 C:/Users/Mugahed/Desktop/MyMetier/vendor/laravel/framework/src/Illuminate/View/Engines/CompilerEngine.php(76): Livewire/Mechanisms/ExtendBlade/ExtendedCompilerEngine->evaluatePath('C://Users//Mugahe...', Array)
#4 C:/Users/Mugahed/Desktop/MyMetier/vendor/livewire/livewire/src/Mechanisms/ExtendBlade/ExtendedCompilerEngine.php(10): Illuminate/View/Engines/CompilerEngine->get('C://Users//Mugahe...', Array)
#5 C:/Users/Mugahed/Desktop/MyMetier/vendor/laravel/framework/src/Illuminate/View/View.php(208): Livewire/Mechanisms/ExtendBlade/ExtendedCompilerEngine->get('C://Users//Mugahe...', Array)
#6 C:/Users/Mugahed/Desktop/MyMetier/vendor/laravel/framework/src/Illuminate/View/View.php(191): Illuminate/View/View->getContents()
#7 C:/Users/Mugahed/Desktop/MyMetier/vendor/laravel/framework/src/Illuminate/View/View.php(160): Illuminate/View/View->renderContents()
#8 C:/Users/Mugahed/Desktop/MyMetier/vendor/laravel/framework/src/Illuminate/View/Concerns/ManagesComponents.php(103): Illuminate/View/View->render()
#9 C:/Users/Mugahed/Desktop/MyMetier/storage/framework/views/3327b84ba3f7c80652f8d459a39283af.php(37): Illuminate/View/Factory->renderComponent()
#10 C:/Users/Mugahed/Desktop/MyMetier/vendor/laravel/framework/src/Illuminate/Filesystem/Filesystem.php(123): require('C://Users//Mugahe...')
#11 C:/Users/Mugahed/Desktop/MyMetier/vendor/laravel/framework/src/Illuminate/Filesystem/Filesystem.php(124): Illuminate/Filesystem/Filesystem::{closure:Illuminate/Filesystem/Filesystem::getRequire():120}()
#12 C:/Users/Mugahed/Desktop/MyMetier/vendor/laravel/framework/src/Illuminate/View/Engines/PhpEngine.php(57): Illuminate/Filesystem/Filesystem->getRequire('C://Users//Mugahe...', Array)
#13 C:/Users/Mugahed/Desktop/MyMetier/vendor/livewire/livewire/src/Mechanisms/ExtendBlade/ExtendedCompilerEngine.php(22): Illuminate/View/Engines/PhpEngine->evaluatePath('C://Users//Mugahe...', Array)
#14 C:/Users/Mugahed/Desktop/MyMetier/vendor/laravel/framework/src/Illuminate/View/Engines/CompilerEngine.php(76): Livewire/Mechanisms/ExtendBlade/ExtendedCompilerEngine->evaluatePath('C://Users//Mugahe...', Array)
#15 C:/Users/Mugahed/Desktop/MyMetier/vendor/livewire/livewire/src/Mechanisms/ExtendBlade/ExtendedCompilerEngine.php(10): Illuminate/View/Engines/CompilerEngine->get('C://Users//Mugahe...', Array)
#16 C:/Users/Mugahed/Desktop/MyMetier/vendor/laravel/framework/src/Illuminate/View/View.php(208): Livewire/Mechanisms/ExtendBlade/ExtendedCompilerEngine->get('C://Users//Mugahe...', Array)
#17 C:/Users/Mugahed/Desktop/MyMetier/vendor/laravel/framework/src/Illuminate/View/View.php(191): Illuminate/View/View->getContents()
#18 C:/Users/Mugahed/Desktop/MyMetier/vendor/laravel/framework/src/Illuminate/View/View.php(160): Illuminate/View/View->renderContents()
#19 C:/Users/Mugahed/Desktop/MyMetier/vendor/laravel/framework/src/Illuminate/View/Concerns/ManagesComponents.php(103): Illuminate/View/View->render()
#20 C:/Users/Mugahed/Desktop/MyMetier/storage/framework/views/ff04fcdb3c928c7d4b903b5450a05f1e.php(17): Illuminate/View/Factory->renderComponent()
#21 C:/Users/Mugahed/Desktop/MyMetier/vendor/laravel/framework/src/Illuminate/Filesystem/Filesystem.php(123): require('C://Users//Mugahe...')
#22 C:/Users/Mugahed/Desktop/MyMetier/vendor/laravel/framework/src/Illuminate/Filesystem/Filesystem.php(124): Illuminate/Filesystem/Filesystem::{closure:Illuminate/Filesystem/Filesystem::getRequire():120}()
#23 C:/Users/Mugahed/Desktop/MyMetier/vendor/laravel/framework/src/Illuminate/View/Engines/PhpEngine.php(57): Illuminate/Filesystem/Filesystem->getRequire('C://Users//Mugahe...', Array)
#24 C:/Users/Mugahed/Desktop/MyMetier/vendor/livewire/livewire/src/Mechanisms/ExtendBlade/ExtendedCompilerEngine.php(22): Illuminate/View/Engines/PhpEngine->evaluatePath('C://Users//Mugahe...', Array)
#25 C:/Users/Mugahed/Desktop/MyMetier/vendor/laravel/framework/src/Illuminate/View/Engines/CompilerEngine.php(76): Livewire/Mechanisms/ExtendBlade/ExtendedCompilerEngine->evaluatePath('C://Users//Mugahe...', Array)
#26 C:/Users/Mugahed/Desktop/MyMetier/vendor/livewire/livewire/src/Mechanisms/ExtendBlade/ExtendedCompilerEngine.php(10): Illuminate/View/Engines/CompilerEngine->get('C://Users//Mugahe...', Array)
#27 C:/Users/Mugahed/Desktop/MyMetier/vendor/laravel/framework/src/Illuminate/View/View.php(208): Livewire/Mechanisms/ExtendBlade/ExtendedCompilerEngine->get('C://Users//Mugahe...', Array)
#28 C:/Users/Mugahed/Desktop/MyMetier/vendor/laravel/framework/src/Illuminate/View/View.php(191): Illuminate/View/View->getContents()
#29 C:/Users/Mugahed/Desktop/MyMetier/vendor/laravel/framework/src/Illuminate/View/View.php(160): Illuminate/View/View->renderContents()
#30 C:/Users/Mugahed/Desktop/MyMetier/vendor/laravel/framework/src/Illuminate/View/Compilers/BladeCompiler.php(353): Illuminate/View/View->render()
#31 C:/Users/Mugahed/Desktop/MyMetier/vendor/laravel/framework/src/Illuminate/Support/Facades/Facade.php(363): Illuminate/View/Compilers/BladeCompiler::render('    <?php $layo...', Array)
#32 C:/Users/Mugahed/Desktop/MyMetier/vendor/livewire/livewire/src/Features/SupportPageComponents/SupportPageComponents.php(154): Illuminate/Support/Facades/Facade::__callStatic('render', Array)
#33 C:/Users/Mugahed/Desktop/MyMetier/vendor/livewire/livewire/src/Features/SupportPageComponents/HandlesPageComponents.php(26): Livewire/Features/SupportPageComponents/SupportPageComponents::renderContentsIntoLayout('<div wire:snaps...', Object(Livewire/Features/SupportPageComponents/PageComponentConfig))
#34 C:/Users/Mugahed/Desktop/MyMetier/vendor/laravel/framework/src/Illuminate/Routing/ControllerDispatcher.php(46): Livewire/Component->__invoke()
#35 C:/Users/Mugahed/Desktop/MyMetier/vendor/laravel/framework/src/Illuminate/Routing/Route.php(269): Illuminate/Routing/ControllerDispatcher->dispatch(Object(Illuminate/Routing/Route), Object(App/Livewire/PublicRequestsPage), '__invoke')
#36 C:/Users/Mugahed/Desktop/MyMetier/vendor/laravel/framework/src/Illuminate/Routing/Route.php(215): Illuminate/Routing/Route->runController()
#37 C:/Users/Mugahed/Desktop/MyMetier/vendor/laravel/framework/src/Illuminate/Routing/Router.php(822): Illuminate/Routing/Route->run()
#38 C:/Users/Mugahed/Desktop/MyMetier/vendor/laravel/framework/src/Illuminate/Pipeline/Pipeline.php(180): Illuminate/Routing/Router->{closure:Illuminate/Routing/Router::runRouteWithinStack():821}(Object(Illuminate/Http/Request))
#39 C:/Users/Mugahed/Desktop/MyMetier/app/Http/Middleware/LogResponseTime.php(20): Illuminate/Pipeline/Pipeline->{closure:Illuminate/Pipeline/Pipeline::prepareDestination():178}(Object(Illuminate/Http/Request))
#40 C:/Users/Mugahed/Desktop/MyMetier/vendor/laravel/framework/src/Illuminate/Pipeline/Pipeline.php(219): App/Http/Middleware/LogResponseTime->handle(Object(Illuminate/Http/Request), Object(Closure))
#41 C:/Users/Mugahed/Desktop/MyMetier/app/Http/Middleware/RegenerateSessionAfterLogin.php(25): Illuminate/Pipeline/Pipeline->{closure:{closure:Illuminate/Pipeline/Pipeline::carry():194}:195}(Object(Illuminate/Http/Request))
#42 C:/Users/Mugahed/Desktop/MyMetier/vendor/laravel/framework/src/Illuminate/Pipeline/Pipeline.php(219): App/Http/Middleware/RegenerateSessionAfterLogin->handle(Object(Illuminate/Http/Request), Object(Closure))
#43 C:/Users/Mugahed/Desktop/MyMetier/vendor/laravel/framework/src/Illuminate/Routing/Middleware/SubstituteBindings.php(52): Illuminate/Pipeline/Pipeline->{closure:{closure:Illuminate/Pipeline/Pipeline::carry():194}:195}(Object(Illuminate/Http/Request))
#44 C:/Users/Mugahed/Desktop/MyMetier/vendor/laravel/framework/src/Illuminate/Pipeline/Pipeline.php(219): Illuminate/Routing/Middleware/SubstituteBindings->handle(Object(Illuminate/Http/Request), Object(Closure))
#45 C:/Users/Mugahed/Desktop/MyMetier/vendor/laravel/framework/src/Illuminate/Foundation/Http/Middleware/PreventRequestForgery.php(104): Illuminate/Pipeline/Pipeline->{closure:{closure:Illuminate/Pipeline/Pipeline::carry():194}:195}(Object(Illuminate/Http/Request))
#46 C:/Users/Mugahed/Desktop/MyMetier/vendor/laravel/framework/src/Illuminate/Pipeline/Pipeline.php(219): Illuminate/Foundation/Http/Middleware/PreventRequestForgery->handle(Object(Illuminate/Http/Request), Object(Closure))
#47 C:/Users/Mugahed/Desktop/MyMetier/vendor/laravel/framework/src/Illuminate/View/Middleware/ShareErrorsFromSession.php(48): Illuminate/Pipeline/Pipeline->{closure:{closure:Illuminate/Pipeline/Pipeline::carry():194}:195}(Object(Illuminate/Http/Request))
#48 C:/Users/Mugahed/Desktop/MyMetier/vendor/laravel/framework/src/Illuminate/Pipeline/Pipeline.php(219): Illuminate/View/Middleware/ShareErrorsFromSession->handle(Object(Illuminate/Http/Request), Object(Closure))
#49 C:/Users/Mugahed/Desktop/MyMetier/vendor/laravel/framework/src/Illuminate/Session/Middleware/StartSession.php(120): Illuminate/Pipeline/Pipeline->{closure:{closure:Illuminate/Pipeline/Pipeline::carry():194}:195}(Object(Illuminate/Http/Request))
#50 C:/Users/Mugahed/Desktop/MyMetier/vendor/laravel/framework/src/Illuminate/Session/Middleware/StartSession.php(63): Illuminate/Session/Middleware/StartSession->handleStatefulRequest(Object(Illuminate/Http/Request), Object(Illuminate/Session/Store), Object(Closure))
#51 C:/Users/Mugahed/Desktop/MyMetier/vendor/laravel/framework/src/Illuminate/Pipeline/Pipeline.php(219): Illuminate/Session/Middleware/StartSession->handle(Object(Illuminate/Http/Request), Object(Closure))
#52 C:/Users/Mugahed/Desktop/MyMetier/vendor/laravel/framework/src/Illuminate/Cookie/Middleware/AddQueuedCookiesToResponse.php(36): Illuminate/Pipeline/Pipeline->{closure:{closure:Illuminate/Pipeline/Pipeline::carry():194}:195}(Object(Illuminate/Http/Request))
#53 C:/Users/Mugahed/Desktop/MyMetier/vendor/laravel/framework/src/Illuminate/Pipeline/Pipeline.php(219): Illuminate/Cookie/Middleware/AddQueuedCookiesToResponse->handle(Object(Illuminate/Http/Request), Object(Closure))
#54 C:/Users/Mugahed/Desktop/MyMetier/vendor/laravel/framework/src/Illuminate/Cookie/Middleware/EncryptCookies.php(74): Illuminate/Pipeline/Pipeline->{closure:{closure:Illuminate/Pipeline/Pipeline::carry():194}:195}(Object(Illuminate/Http/Request))
#55 C:/Users/Mugahed/Desktop/MyMetier/vendor/laravel/framework/src/Illuminate/Pipeline/Pipeline.php(219): Illuminate/Cookie/Middleware/EncryptCookies->handle(Object(Illuminate/Http/Request), Object(Closure))
#56 C:/Users/Mugahed/Desktop/MyMetier/vendor/laravel/framework/src/Illuminate/Pipeline/Pipeline.php(137): Illuminate/Pipeline/Pipeline->{closure:{closure:Illuminate/Pipeline/Pipeline::carry():194}:195}(Object(Illuminate/Http/Request))
#57 C:/Users/Mugahed/Desktop/MyMetier/vendor/laravel/framework/src/Illuminate/Routing/Router.php(821): Illuminate/Pipeline/Pipeline->then(Object(Closure))
#58 C:/Users/Mugahed/Desktop/MyMetier/vendor/laravel/framework/src/Illuminate/Routing/Router.php(800): Illuminate/Routing/Router->runRouteWithinStack(Object(Illuminate/Routing/Route), Object(Illuminate/Http/Request))
#59 C:/Users/Mugahed/Desktop/MyMetier/vendor/laravel/framework/src/Illuminate/Routing/Router.php(764): Illuminate/Routing/Router->runRoute(Object(Illuminate/Http/Request), Object(Illuminate/Routing/Route))
#60 C:/Users/Mugahed/Desktop/MyMetier/vendor/laravel/framework/src/Illuminate/Routing/Router.php(753): Illuminate/Routing/Router->dispatchToRoute(Object(Illuminate/Http/Request))
#61 C:/Users/Mugahed/Desktop/MyMetier/vendor/laravel/framework/src/Illuminate/Foundation/Http/Kernel.php(200): Illuminate/Routing/Router->dispatch(Object(Illuminate/Http/Request))
#62 C:/Users/Mugahed/Desktop/MyMetier/vendor/laravel/framework/src/Illuminate/Pipeline/Pipeline.php(180): Illuminate/Foundation/Http/Kernel->{closure:Illuminate/Foundation/Http/Kernel::dispatchToRouter():197}(Object(Illuminate/Http/Request))
#63 C:/Users/Mugahed/Desktop/MyMetier/vendor/livewire/livewire/src/Features/SupportDisablingBackButtonCache/DisableBackButtonCacheMiddleware.php(19): Illuminate/Pipeline/Pipeline->{closure:Illuminate/Pipeline/Pipeline::prepareDestination():178}(Object(Illuminate/Http/Request))
#64 C:/Users/Mugahed/Desktop/MyMetier/vendor/laravel/framework/src/Illuminate/Pipeline/Pipeline.php(219): Livewire/Features/SupportDisablingBackButtonCache/DisableBackButtonCacheMiddleware->handle(Object(Illuminate/Http/Request), Object(Closure))
#65 C:/Users/Mugahed/Desktop/MyMetier/vendor/laravel/framework/src/Illuminate/Foundation/Http/Middleware/TransformsRequest.php(21): Illuminate/Pipeline/Pipeline->{closure:{closure:Illuminate/Pipeline/Pipeline::carry():194}:195}(Object(Illuminate/Http/Request))
#66 C:/Users/Mugahed/Desktop/MyMetier/vendor/laravel/framework/src/Illuminate/Foundation/Http/Middleware/ConvertEmptyStringsToNull.php(31): Illuminate/Foundation/Http/Middleware/TransformsRequest->handle(Object(Illuminate/Http/Request), Object(Closure))
#67 C:/Users/Mugahed/Desktop/MyMetier/vendor/laravel/framework/src/Illuminate/Pipeline/Pipeline.php(219): Illuminate/Foundation/Http/Middleware/ConvertEmptyStringsToNull->handle(Object(Illuminate/Http/Request), Object(Closure))
#68 C:/Users/Mugahed/Desktop/MyMetier/vendor/laravel/framework/src/Illuminate/Foundation/Http/Middleware/TransformsRequest.php(21): Illuminate/Pipeline/Pipeline->{closure:{closure:Illuminate/Pipeline/Pipeline::carry():194}:195}(Object(Illuminate/Http/Request))
#69 C:/Users/Mugahed/Desktop/MyMetier/vendor/laravel/framework/src/Illuminate/Foundation/Http/Middleware/TrimStrings.php(51): Illuminate/Foundation/Http/Middleware/TransformsRequest->handle(Object(Illuminate/Http/Request), Object(Closure))
#70 C:/Users/Mugahed/Desktop/MyMetier/vendor/laravel/framework/src/Illuminate/Pipeline/Pipeline.php(219): Illuminate/Foundation/Http/Middleware/TrimStrings->handle(Object(Illuminate/Http/Request), Object(Closure))
#71 C:/Users/Mugahed/Desktop/MyMetier/vendor/laravel/framework/src/Illuminate/Http/Middleware/ValidatePostSize.php(27): Illuminate/Pipeline/Pipeline->{closure:{closure:Illuminate/Pipeline/Pipeline::carry():194}:195}(Object(Illuminate/Http/Request))
#72 C:/Users/Mugahed/Desktop/MyMetier/vendor/laravel/framework/src/Illuminate/Pipeline/Pipeline.php(219): Illuminate/Http/Middleware/ValidatePostSize->handle(Object(Illuminate/Http/Request), Object(Closure))
#73 C:/Users/Mugahed/Desktop/MyMetier/vendor/laravel/framework/src/Illuminate/Foundation/Http/Middleware/PreventRequestsDuringMaintenance.php(109): Illuminate/Pipeline/Pipeline->{closure:{closure:Illuminate/Pipeline/Pipeline::carry():194}:195}(Object(Illuminate/Http/Request))
#74 C:/Users/Mugahed/Desktop/MyMetier/vendor/laravel/framework/src/Illuminate/Pipeline/Pipeline.php(219): Illuminate/Foundation/Http/Middleware/PreventRequestsDuringMaintenance->handle(Object(Illuminate/Http/Request), Object(Closure))
#75 C:/Users/Mugahed/Desktop/MyMetier/vendor/laravel/framework/src/Illuminate/Http/Middleware/HandleCors.php(61): Illuminate/Pipeline/Pipeline->{closure:{closure:Illuminate/Pipeline/Pipeline::carry():194}:195}(Object(Illuminate/Http/Request))
#76 C:/Users/Mugahed/Desktop/MyMetier/vendor/laravel/framework/src/Illuminate/Pipeline/Pipeline.php(219): Illuminate/Http/Middleware/HandleCors->handle(Object(Illuminate/Http/Request), Object(Closure))
#77 C:/Users/Mugahed/Desktop/MyMetier/vendor/laravel/framework/src/Illuminate/Http/Middleware/TrustProxies.php(58): Illuminate/Pipeline/Pipeline->{closure:{closure:Illuminate/Pipeline/Pipeline::carry():194}:195}(Object(Illuminate/Http/Request))
#78 C:/Users/Mugahed/Desktop/MyMetier/vendor/laravel/framework/src/Illuminate/Pipeline/Pipeline.php(219): Illuminate/Http/Middleware/TrustProxies->handle(Object(Illuminate/Http/Request), Object(Closure))
#79 C:/Users/Mugahed/Desktop/MyMetier/vendor/laravel/framework/src/Illuminate/Foundation/Http/Middleware/InvokeDeferredCallbacks.php(22): Illuminate/Pipeline/Pipeline->{closure:{closure:Illuminate/Pipeline/Pipeline::carry():194}:195}(Object(Illuminate/Http/Request))
#80 C:/Users/Mugahed/Desktop/MyMetier/vendor/laravel/framework/src/Illuminate/Pipeline/Pipeline.php(219): Illuminate/Foundation/Http/Middleware/InvokeDeferredCallbacks->handle(Object(Illuminate/Http/Request), Object(Closure))
#81 C:/Users/Mugahed/Desktop/MyMetier/vendor/laravel/framework/src/Illuminate/Http/Middleware/ValidatePathEncoding.php(28): Illuminate/Pipeline/Pipeline->{closure:{closure:Illuminate/Pipeline/Pipeline::carry():194}:195}(Object(Illuminate/Http/Request))
#82 C:/Users/Mugahed/Desktop/MyMetier/vendor/laravel/framework/src/Illuminate/Pipeline/Pipeline.php(219): Illuminate/Http/Middleware/ValidatePathEncoding->handle(Object(Illuminate/Http/Request), Object(Closure))
#83 C:/Users/Mugahed/Desktop/MyMetier/vendor/laravel/framework/src/Illuminate/Pipeline/Pipeline.php(137): Illuminate/Pipeline/Pipeline->{closure:{closure:Illuminate/Pipeline/Pipeline::carry():194}:195}(Object(Illuminate/Http/Request))
#84 C:/Users/Mugahed/Desktop/MyMetier/vendor/laravel/framework/src/Illuminate/Foundation/Http/Kernel.php(175): Illuminate/Pipeline/Pipeline->then(Object(Closure))
#85 C:/Users/Mugahed/Desktop/MyMetier/vendor/laravel/framework/src/Illuminate/Foundation/Http/Kernel.php(144): Illuminate/Foundation/Http/Kernel->sendRequestThroughRouter(Object(Illuminate/Http/Request))
#86 C:/Users/Mugahed/Desktop/MyMetier/vendor/laravel/framework/src/Illuminate/Foundation/Application.php(1220): Illuminate/Foundation/Http/Kernel->handle(Object(Illuminate/Http/Request))
#87 C:/Users/Mugahed/Desktop/MyMetier/public/index.php(20): Illuminate/Foundation/Application->handleRequest(Object(Illuminate/Http/Request))
#88 C:/Program Files/Herd/resources/app.asar.unpacked/resources/valet/server.php(139): require('C://Users//Mugahe...')
#89 {main}

[previous exception] [object] (Illuminate\\View\\ViewException(code: 0): Vite manifest not found at: C:\\Users\\Mugahed\\Desktop\\MyMetier\\public\\build/manifest.json (View: C:\\Users\\Mugahed\\Desktop\\MyMetier\\resources\\views\\partials\\head.blade.php) at C:/Users/Mugahed/Desktop/MyMetier/vendor/laravel/framework/src/Illuminate/Foundation/Vite.php:946)
[stacktrace]
#0 C:/Users/Mugahed/Desktop/MyMetier/vendor/livewire/livewire/src/Mechanisms/ExtendBlade/ExtendedCompilerEngine.php(58): Illuminate/View/Engines/CompilerEngine->handleViewException(Object(Illuminate/Foundation/ViteManifestNotFoundException), 4)
#1 C:/Users/Mugahed/Desktop/MyMetier/vendor/laravel/framework/src/Illuminate/View/Engines/PhpEngine.php(59): Livewire/Mechanisms/ExtendBlade/ExtendedCompilerEngine->handleViewException(Object(Illuminate/Foundation/ViteManifestNotFoundException), 4)
#2 C:/Users/Mugahed/Desktop/MyMetier/vendor/livewire/livewire/src/Mechanisms/ExtendBlade/ExtendedCompilerEngine.php(22): Illuminate/View/Engines/PhpEngine->evaluatePath('C://Users//Mugahe...', Array)
#3 C:/Users/Mugahed/Desktop/MyMetier/vendor/laravel/framework/src/Illuminate/View/Engines/CompilerEngine.php(76): Livewire/Mechanisms/ExtendBlade/ExtendedCompilerEngine->evaluatePath('C://Users//Mugahe...', Array)
#4 C:/Users/Mugahed/Desktop/MyMetier/vendor/livewire/livewire/src/Mechanisms/ExtendBlade/ExtendedCompilerEngine.php(10): Illuminate/View/Engines/CompilerEngine->get('C://Users//Mugahe...', Array)
#5 C:/Users/Mugahed/Desktop/MyMetier/vendor/laravel/framework/src/Illuminate/View/View.php(208): Livewire/Mechanisms/ExtendBlade/ExtendedCompilerEngine->get('C://Users//Mugahe...', Array)
#6 C:/Users/Mugahed/Desktop/MyMetier/vendor/laravel/framework/src/Illuminate/View/View.php(191): Illuminate/View/View->getContents()
#7 C:/Users/Mugahed/Desktop/MyMetier/vendor/laravel/framework/src/Illuminate/View/View.php(160): Illuminate/View/View->renderContents()
#8 C:/Users/Mugahed/Desktop/MyMetier/storage/framework/views/af295cd8e3d2599cb28a1e04a64a20ab.php(4): Illuminate/View/View->render()
#9 C:/Users/Mugahed/Desktop/MyMetier/vendor/laravel/framework/src/Illuminate/Filesystem/Filesystem.php(123): require('C://Users//Mugahe...')
#10 C:/Users/Mugahed/Desktop/MyMetier/vendor/laravel/framework/src/Illuminate/Filesystem/Filesystem.php(124): Illuminate/Filesystem/Filesystem::{closure:Illuminate/Filesystem/Filesystem::getRequire():120}()
#11 C:/Users/Mugahed/Desktop/MyMetier/vendor/laravel/framework/src/Illuminate/View/Engines/PhpEngine.php(57): Illuminate/Filesystem/Filesystem->getRequire('C://Users//Mugahe...', Array)
#12 C:/Users/Mugahed/Desktop/MyMetier/vendor/livewire/livewire/src/Mechanisms/ExtendBlade/ExtendedCompilerEngine.php(22): Illuminate/View/Engines/PhpEngine->evaluatePath('C://Users//Mugahe...', Array)
#13 C:/Users/Mugahed/Desktop/MyMetier/vendor/laravel/framework/src/Illuminate/View/Engines/CompilerEngine.php(76): Livewire/Mechanisms/ExtendBlade/ExtendedCompilerEngine->evaluatePath('C://Users//Mugahe...', Array)
#14 C:/Users/Mugahed/Desktop/MyMetier/vendor/livewire/livewire/src/Mechanisms/ExtendBlade/ExtendedCompilerEngine.php(10): Illuminate/View/Engines/CompilerEngine->get('C://Users//Mugahe...', Array)
#15 C:/Users/Mugahed/Desktop/MyMetier/vendor/laravel/framework/src/Illuminate/View/View.php(208): Livewire/Mechanisms/ExtendBlade/ExtendedCompilerEngine->get('C://Users//Mugahe...', Array)
#16 C:/Users/Mugahed/Desktop/MyMetier/vendor/laravel/framework/src/Illuminate/View/View.php(191): Illuminate/View/View->getContents()
#17 C:/Users/Mugahed/Desktop/MyMetier/vendor/laravel/framework/src/Illuminate/View/View.php(160): Illuminate/View/View->renderContents()
#18 C:/Users/Mugahed/Desktop/MyMetier/vendor/laravel/framework/src/Illuminate/View/Concerns/ManagesComponents.php(103): Illuminate/View/View->render()
#19 C:/Users/Mugahed/Desktop/MyMetier/storage/framework/views/3327b84ba3f7c80652f8d459a39283af.php(37): Illuminate/View/Factory->renderComponent()
#20 C:/Users/Mugahed/Desktop/MyMetier/vendor/laravel/framework/src/Illuminate/Filesystem/Filesystem.php(123): require('C://Users//Mugahe...')
#21 C:/Users/Mugahed/Desktop/MyMetier/vendor/laravel/framework/src/Illuminate/Filesystem/Filesystem.php(124): Illuminate/Filesystem/Filesystem::{closure:Illuminate/Filesystem/Filesystem::getRequire():120}()
#22 C:/Users/Mugahed/Desktop/MyMetier/vendor/laravel/framework/src/Illuminate/View/Engines/PhpEngine.php(57): Illuminate/Filesystem/Filesystem->getRequire('C://Users//Mugahe...', Array)
#23 C:/Users/Mugahed/Desktop/MyMetier/vendor/livewire/livewire/src/Mechanisms/ExtendBlade/ExtendedCompilerEngine.php(22): Illuminate/View/Engines/PhpEngine->evaluatePath('C://Users//Mugahe...', Array)
#24 C:/Users/Mugahed/Desktop/MyMetier/vendor/laravel/framework/src/Illuminate/View/Engines/CompilerEngine.php(76): Livewire/Mechanisms/ExtendBlade/ExtendedCompilerEngine->evaluatePath('C://Users//Mugahe...', Array)
#25 C:/Users/Mugahed/Desktop/MyMetier/vendor/livewire/livewire/src/Mechanisms/ExtendBlade/ExtendedCompilerEngine.php(10): Illuminate/View/Engines/CompilerEngine->get('C://Users//Mugahe...', Array)
#26 C:/Users/Mugahed/Desktop/MyMetier/vendor/laravel/framework/src/Illuminate/View/View.php(208): Livewire/Mechanisms/ExtendBlade/ExtendedCompilerEngine->get('C://Users//Mugahe...', Array)
#27 C:/Users/Mugahed/Desktop/MyMetier/vendor/laravel/framework/src/Illuminate/View/View.php(191): Illuminate/View/View->getContents()
#28 C:/Users/Mugahed/Desktop/MyMetier/vendor/laravel/framework/src/Illuminate/View/View.php(160): Illuminate/View/View->renderContents()
#29 C:/Users/Mugahed/Desktop/MyMetier/vendor/laravel/framework/src/Illuminate/View/Concerns/ManagesComponents.php(103): Illuminate/View/View->render()
#30 C:/Users/Mugahed/Desktop/MyMetier/storage/framework/views/ff04fcdb3c928c7d4b903b5450a05f1e.php(17): Illuminate/View/Factory->renderComponent()
#31 C:/Users/Mugahed/Desktop/MyMetier/vendor/laravel/framework/src/Illuminate/Filesystem/Filesystem.php(123): require('C://Users//Mugahe...')
#32 C:/Users/Mugahed/Desktop/MyMetier/vendor/laravel/framework/src/Illuminate/Filesystem/Filesystem.php(124): Illuminate/Filesystem/Filesystem::{closure:Illuminate/Filesystem/Filesystem::getRequire():120}()
#33 C:/Users/Mugahed/Desktop/MyMetier/vendor/laravel/framework/src/Illuminate/View/Engines/PhpEngine.php(57): Illuminate/Filesystem/Filesystem->getRequire('C://Users//Mugahe...', Array)
#34 C:/Users/Mugahed/Desktop/MyMetier/vendor/livewire/livewire/src/Mechanisms/ExtendBlade/ExtendedCompilerEngine.php(22): Illuminate/View/Engines/PhpEngine->evaluatePath('C://Users//Mugahe...', Array)
#35 C:/Users/Mugahed/Desktop/MyMetier/vendor/laravel/framework/src/Illuminate/View/Engines/CompilerEngine.php(76): Livewire/Mechanisms/ExtendBlade/ExtendedCompilerEngine->evaluatePath('C://Users//Mugahe...', Array)
#36 C:/Users/Mugahed/Desktop/MyMetier/vendor/livewire/livewire/src/Mechanisms/ExtendBlade/ExtendedCompilerEngine.php(10): Illuminate/View/Engines/CompilerEngine->get('C://Users//Mugahe...', Array)
#37 C:/Users/Mugahed/Desktop/MyMetier/vendor/laravel/framework/src/Illuminate/View/View.php(208): Livewire/Mechanisms/ExtendBlade/ExtendedCompilerEngine->get('C://Users//Mugahe...', Array)
#38 C:/Users/Mugahed/Desktop/MyMetier/vendor/laravel/framework/src/Illuminate/View/View.php(191): Illuminate/View/View->getContents()
#39 C:/Users/Mugahed/Desktop/MyMetier/vendor/laravel/framework/src/Illuminate/View/View.php(160): Illuminate/View/View->renderContents()
#40 C:/Users/Mugahed/Desktop/MyMetier/vendor/laravel/framework/src/Illuminate/View/Compilers/BladeCompiler.php(353): Illuminate/View/View->render()
#41 C:/Users/Mugahed/Desktop/MyMetier/vendor/laravel/framework/src/Illuminate/Support/Facades/Facade.php(363): Illuminate/View/Compilers/BladeCompiler::render('    <?php $layo...', Array)
#42 C:/Users/Mugahed/Desktop/MyMetier/vendor/livewire/livewire/src/Features/SupportPageComponents/SupportPageComponents.php(154): Illuminate/Support/Facades/Facade::__callStatic('render', Array)
#43 C:/Users/Mugahed/Desktop/MyMetier/vendor/livewire/livewire/src/Features/SupportPageComponents/HandlesPageComponents.php(26): Livewire/Features/SupportPageComponents/SupportPageComponents::renderContentsIntoLayout('<div wire:snaps...', Object(Livewire/Features/SupportPageComponents/PageComponentConfig))
#44 C:/Users/Mugahed/Desktop/MyMetier/vendor/laravel/framework/src/Illuminate/Routing/ControllerDispatcher.php(46): Livewire/Component->__invoke()
#45 C:/Users/Mugahed/Desktop/MyMetier/vendor/laravel/framework/src/Illuminate/Routing/Route.php(269): Illuminate/Routing/ControllerDispatcher->dispatch(Object(Illuminate/Routing/Route), Object(App/Livewire/PublicRequestsPage), '__invoke')
#46 C:/Users/Mugahed/Desktop/MyMetier/vendor/laravel/framework/src/Illuminate/Routing/Route.php(215): Illuminate/Routing/Route->runController()
#47 C:/Users/Mugahed/Desktop/MyMetier/vendor/laravel/framework/src/Illuminate/Routing/Router.php(822): Illuminate/Routing/Route->run()
#48 C:/Users/Mugahed/Desktop/MyMetier/vendor/laravel/framework/src/Illuminate/Pipeline/Pipeline.php(180): Illuminate/Routing/Router->{closure:Illuminate/Routing/Router::runRouteWithinStack():821}(Object(Illuminate/Http/Request))
#49 C:/Users/Mugahed/Desktop/MyMetier/app/Http/Middleware/LogResponseTime.php(20): Illuminate/Pipeline/Pipeline->{closure:Illuminate/Pipeline/Pipeline::prepareDestination():178}(Object(Illuminate/Http/Request))
#50 C:/Users/Mugahed/Desktop/MyMetier/vendor/laravel/framework/src/Illuminate/Pipeline/Pipeline.php(219): App/Http/Middleware/LogResponseTime->handle(Object(Illuminate/Http/Request), Object(Closure))
#51 C:/Users/Mugahed/Desktop/MyMetier/app/Http/Middleware/RegenerateSessionAfterLogin.php(25): Illuminate/Pipeline/Pipeline->{closure:{closure:Illuminate/Pipeline/Pipeline::carry():194}:195}(Object(Illuminate/Http/Request))
#52 C:/Users/Mugahed/Desktop/MyMetier/vendor/laravel/framework/src/Illuminate/Pipeline/Pipeline.php(219): App/Http/Middleware/RegenerateSessionAfterLogin->handle(Object(Illuminate/Http/Request), Object(Closure))
#53 C:/Users/Mugahed/Desktop/MyMetier/vendor/laravel/framework/src/Illuminate/Routing/Middleware/SubstituteBindings.php(52): Illuminate/Pipeline/Pipeline->{closure:{closure:Illuminate/Pipeline/Pipeline::carry():194}:195}(Object(Illuminate/Http/Request))
#54 C:/Users/Mugahed/Desktop/MyMetier/vendor/laravel/framework/src/Illuminate/Pipeline/Pipeline.php(219): Illuminate/Routing/Middleware/SubstituteBindings->handle(Object(Illuminate/Http/Request), Object(Closure))
#55 C:/Users/Mugahed/Desktop/MyMetier/vendor/laravel/framework/src/Illuminate/Foundation/Http/Middleware/PreventRequestForgery.php(104): Illuminate/Pipeline/Pipeline->{closure:{closure:Illuminate/Pipeline/Pipeline::carry():194}:195}(Object(Illuminate/Http/Request))
#56 C:/Users/Mugahed/Desktop/MyMetier/vendor/laravel/framework/src/Illuminate/Pipeline/Pipeline.php(219): Illuminate/Foundation/Http/Middleware/PreventRequestForgery->handle(Object(Illuminate/Http/Request), Object(Closure))
#57 C:/Users/Mugahed/Desktop/MyMetier/vendor/laravel/framework/src/Illuminate/View/Middleware/ShareErrorsFromSession.php(48): Illuminate/Pipeline/Pipeline->{closure:{closure:Illuminate/Pipeline/Pipeline::carry():194}:195}(Object(Illuminate/Http/Request))
#58 C:/Users/Mugahed/Desktop/MyMetier/vendor/laravel/framework/src/Illuminate/Pipeline/Pipeline.php(219): Illuminate/View/Middleware/ShareErrorsFromSession->handle(Object(Illuminate/Http/Request), Object(Closure))
#59 C:/Users/Mugahed/Desktop/MyMetier/vendor/laravel/framework/src/Illuminate/Session/Middleware/StartSession.php(120): Illuminate/Pipeline/Pipeline->{closure:{closure:Illuminate/Pipeline/Pipeline::carry():194}:195}(Object(Illuminate/Http/Request))
#60 C:/Users/Mugahed/Desktop/MyMetier/vendor/laravel/framework/src/Illuminate/Session/Middleware/StartSession.php(63): Illuminate/Session/Middleware/StartSession->handleStatefulRequest(Object(Illuminate/Http/Request), Object(Illuminate/Session/Store), Object(Closure))
#61 C:/Users/Mugahed/Desktop/MyMetier/vendor/laravel/framework/src/Illuminate/Pipeline/Pipeline.php(219): Illuminate/Session/Middleware/StartSession->handle(Object(Illuminate/Http/Request), Object(Closure))
#62 C:/Users/Mugahed/Desktop/MyMetier/vendor/laravel/framework/src/Illuminate/Cookie/Middleware/AddQueuedCookiesToResponse.php(36): Illuminate/Pipeline/Pipeline->{closure:{closure:Illuminate/Pipeline/Pipeline::carry():194}:195}(Object(Illuminate/Http/Request))
#63 C:/Users/Mugahed/Desktop/MyMetier/vendor/laravel/framework/src/Illuminate/Pipeline/Pipeline.php(219): Illuminate/Cookie/Middleware/AddQueuedCookiesToResponse->handle(Object(Illuminate/Http/Request), Object(Closure))
#64 C:/Users/Mugahed/Desktop/MyMetier/vendor/laravel/framework/src/Illuminate/Cookie/Middleware/EncryptCookies.php(74): Illuminate/Pipeline/Pipeline->{closure:{closure:Illuminate/Pipeline/Pipeline::carry():194}:195}(Object(Illuminate/Http/Request))
#65 C:/Users/Mugahed/Desktop/MyMetier/vendor/laravel/framework/src/Illuminate/Pipeline/Pipeline.php(219): Illuminate/Cookie/Middleware/EncryptCookies->handle(Object(Illuminate/Http/Request), Object(Closure))
#66 C:/Users/Mugahed/Desktop/MyMetier/vendor/laravel/framework/src/Illuminate/Pipeline/Pipeline.php(137): Illuminate/Pipeline/Pipeline->{closure:{closure:Illuminate/Pipeline/Pipeline::carry():194}:195}(Object(Illuminate/Http/Request))
#67 C:/Users/Mugahed/Desktop/MyMetier/vendor/laravel/framework/src/Illuminate/Routing/Router.php(821): Illuminate/Pipeline/Pipeline->then(Object(Closure))
#68 C:/Users/Mugahed/Desktop/MyMetier/vendor/laravel/framework/src/Illuminate/Routing/Router.php(800): Illuminate/Routing/Router->runRouteWithinStack(Object(Illuminate/Routing/Route), Object(Illuminate/Http/Request))
#69 C:/Users/Mugahed/Desktop/MyMetier/vendor/laravel/framework/src/Illuminate/Routing/Router.php(764): Illuminate/Routing/Router->runRoute(Object(Illuminate/Http/Request), Object(Illuminate/Routing/Route))
#70 C:/Users/Mugahed/Desktop/MyMetier/vendor/laravel/framework/src/Illuminate/Routing/Router.php(753): Illuminate/Routing/Router->dispatchToRoute(Object(Illuminate/Http/Request))
#71 C:/Users/Mugahed/Desktop/MyMetier/vendor/laravel/framework/src/Illuminate/Foundation/Http/Kernel.php(200): Illuminate/Routing/Router->dispatch(Object(Illuminate/Http/Request))
#72 C:/Users/Mugahed/Desktop/MyMetier/vendor/laravel/framework/src/Illuminate/Pipeline/Pipeline.php(180): Illuminate/Foundation/Http/Kernel->{closure:Illuminate/Foundation/Http/Kernel::dispatchToRouter():197}(Object(Illuminate/Http/Request))
#73 C:/Users/Mugahed/Desktop/MyMetier/vendor/livewire/livewire/src/Features/SupportDisablingBackButtonCache/DisableBackButtonCacheMiddleware.php(19): Illuminate/Pipeline/Pipeline->{closure:Illuminate/Pipeline/Pipeline::prepareDestination():178}(Object(Illuminate/Http/Request))
#74 C:/Users/Mugahed/Desktop/MyMetier/vendor/laravel/framework/src/Illuminate/Pipeline/Pipeline.php(219): Livewire/Features/SupportDisablingBackButtonCache/DisableBackButtonCacheMiddleware->handle(Object(Illuminate/Http/Request), Object(Closure))
#75 C:/Users/Mugahed/Desktop/MyMetier/vendor/laravel/framework/src/Illuminate/Foundation/Http/Middleware/TransformsRequest.php(21): Illuminate/Pipeline/Pipeline->{closure:{closure:Illuminate/Pipeline/Pipeline::carry():194}:195}(Object(Illuminate/Http/Request))
#76 C:/Users/Mugahed/Desktop/MyMetier/vendor/laravel/framework/src/Illuminate/Foundation/Http/Middleware/ConvertEmptyStringsToNull.php(31): Illuminate/Foundation/Http/Middleware/TransformsRequest->handle(Object(Illuminate/Http/Request), Object(Closure))
#77 C:/Users/Mugahed/Desktop/MyMetier/vendor/laravel/framework/src/Illuminate/Pipeline/Pipeline.php(219): Illuminate/Foundation/Http/Middleware/ConvertEmptyStringsToNull->handle(Object(Illuminate/Http/Request), Object(Closure))
#78 C:/Users/Mugahed/Desktop/MyMetier/vendor/laravel/framework/src/Illuminate/Foundation/Http/Middleware/TransformsRequest.php(21): Illuminate/Pipeline/Pipeline->{closure:{closure:Illuminate/Pipeline/Pipeline::carry():194}:195}(Object(Illuminate/Http/Request))
#79 C:/Users/Mugahed/Desktop/MyMetier/vendor/laravel/framework/src/Illuminate/Foundation/Http/Middleware/TrimStrings.php(51): Illuminate/Foundation/Http/Middleware/TransformsRequest->handle(Object(Illuminate/Http/Request), Object(Closure))
#80 C:/Users/Mugahed/Desktop/MyMetier/vendor/laravel/framework/src/Illuminate/Pipeline/Pipeline.php(219): Illuminate/Foundation/Http/Middleware/TrimStrings->handle(Object(Illuminate/Http/Request), Object(Closure))
#81 C:/Users/Mugahed/Desktop/MyMetier/vendor/laravel/framework/src/Illuminate/Http/Middleware/ValidatePostSize.php(27): Illuminate/Pipeline/Pipeline->{closure:{closure:Illuminate/Pipeline/Pipeline::carry():194}:195}(Object(Illuminate/Http/Request))
#82 C:/Users/Mugahed/Desktop/MyMetier/vendor/laravel/framework/src/Illuminate/Pipeline/Pipeline.php(219): Illuminate/Http/Middleware/ValidatePostSize->handle(Object(Illuminate/Http/Request), Object(Closure))
#83 C:/Users/Mugahed/Desktop/MyMetier/vendor/laravel/framework/src/Illuminate/Foundation/Http/Middleware/PreventRequestsDuringMaintenance.php(109): Illuminate/Pipeline/Pipeline->{closure:{closure:Illuminate/Pipeline/Pipeline::carry():194}:195}(Object(Illuminate/Http/Request))
#84 C:/Users/Mugahed/Desktop/MyMetier/vendor/laravel/framework/src/Illuminate/Pipeline/Pipeline.php(219): Illuminate/Foundation/Http/Middleware/PreventRequestsDuringMaintenance->handle(Object(Illuminate/Http/Request), Object(Closure))
#85 C:/Users/Mugahed/Desktop/MyMetier/vendor/laravel/framework/src/Illuminate/Http/Middleware/HandleCors.php(61): Illuminate/Pipeline/Pipeline->{closure:{closure:Illuminate/Pipeline/Pipeline::carry():194}:195}(Object(Illuminate/Http/Request))
#86 C:/Users/Mugahed/Desktop/MyMetier/vendor/laravel/framework/src/Illuminate/Pipeline/Pipeline.php(219): Illuminate/Http/Middleware/HandleCors->handle(Object(Illuminate/Http/Request), Object(Closure))
#87 C:/Users/Mugahed/Desktop/MyMetier/vendor/laravel/framework/src/Illuminate/Http/Middleware/TrustProxies.php(58): Illuminate/Pipeline/Pipeline->{closure:{closure:Illuminate/Pipeline/Pipeline::carry():194}:195}(Object(Illuminate/Http/Request))
#88 C:/Users/Mugahed/Desktop/MyMetier/vendor/laravel/framework/src/Illuminate/Pipeline/Pipeline.php(219): Illuminate/Http/Middleware/TrustProxies->handle(Object(Illuminate/Http/Request), Object(Closure))
#89 C:/Users/Mugahed/Desktop/MyMetier/vendor/laravel/framework/src/Illuminate/Foundation/Http/Middleware/InvokeDeferredCallbacks.php(22): Illuminate/Pipeline/Pipeline->{closure:{closure:Illuminate/Pipeline/Pipeline::carry():194}:195}(Object(Illuminate/Http/Request))
#90 C:/Users/Mugahed/Desktop/MyMetier/vendor/laravel/framework/src/Illuminate/Pipeline/Pipeline.php(219): Illuminate/Foundation/Http/Middleware/InvokeDeferredCallbacks->handle(Object(Illuminate/Http/Request), Object(Closure))
#91 C:/Users/Mugahed/Desktop/MyMetier/vendor/laravel/framework/src/Illuminate/Http/Middleware/ValidatePathEncoding.php(28): Illuminate/Pipeline/Pipeline->{closure:{closure:Illuminate/Pipeline/Pipeline::carry():194}:195}(Object(Illuminate/Http/Request))
#92 C:/Users/Mugahed/Desktop/MyMetier/vendor/laravel/framework/src/Illuminate/Pipeline/Pipeline.php(219): Illuminate/Http/Middleware/ValidatePathEncoding->handle(Object(Illuminate/Http/Request), Object(Closure))
#93 C:/Users/Mugahed/Desktop/MyMetier/vendor/laravel/framework/src/Illuminate/Pipeline/Pipeline.php(137): Illuminate/Pipeline/Pipeline->{closure:{closure:Illuminate/Pipeline/Pipeline::carry():194}:195}(Object(Illuminate/Http/Request))
#94 C:/Users/Mugahed/Desktop/MyMetier/vendor/laravel/framework/src/Illuminate/Foundation/Http/Kernel.php(175): Illuminate/Pipeline/Pipeline->then(Object(Closure))
#95 C:/Users/Mugahed/Desktop/MyMetier/vendor/laravel/framework/src/Illuminate/Foundation/Http/Kernel.php(144): Illuminate/Foundation/Http/Kernel->sendRequestThroughRouter(Object(Illuminate/Http/Request))
#96 C:/Users/Mugahed/Desktop/MyMetier/vendor/laravel/framework/src/Illuminate/Foundation/Application.php(1220): Illuminate/Foundation/Http/Kernel->handle(Object(Illuminate/Http/Request))
#97 C:/Users/Mugahed/Desktop/MyMetier/public/index.php(20): Illuminate/Foundation/Application->handleRequest(Object(Illuminate/Http/Request))
#98 C:/Program Files/Herd/resources/app.asar.unpacked/resources/valet/server.php(139): require('C://Users//Mugahe...')
#99 {main}

[previous exception] [object] (Illuminate\\Foundation\\ViteManifestNotFoundException(code: 0): Vite manifest not found at: C:\\Users\\Mugahed\\Desktop\\MyMetier\\public\\build/manifest.json at C:/Users/Mugahed/Desktop/MyMetier/vendor/laravel/framework/src/Illuminate/Foundation/Vite.php:946)
[stacktrace]
#0 C:/Users/Mugahed/Desktop/MyMetier/vendor/laravel/framework/src/Illuminate/Foundation/Vite.php(384): Illuminate/Foundation/Vite->manifest('build')
#1 C:/Users/Mugahed/Desktop/MyMetier/storage/framework/views/a9ced505145134330db4d454cdfd3f5b.php(16): Illuminate/Foundation/Vite->__invoke(Object(Illuminate/Support/Collection))
#2 C:/Users/Mugahed/Desktop/MyMetier/vendor/laravel/framework/src/Illuminate/Filesystem/Filesystem.php(123): require('C://Users//Mugahe...')
#3 C:/Users/Mugahed/Desktop/MyMetier/vendor/laravel/framework/src/Illuminate/Filesystem/Filesystem.php(124): Illuminate/Filesystem/Filesystem::{closure:Illuminate/Filesystem/Filesystem::getRequire():120}()
#4 C:/Users/Mugahed/Desktop/MyMetier/vendor/laravel/framework/src/Illuminate/View/Engines/PhpEngine.php(57): Illuminate/Filesystem/Filesystem->getRequire('C://Users//Mugahe...', Array)
#5 C:/Users/Mugahed/Desktop/MyMetier/vendor/livewire/livewire/src/Mechanisms/ExtendBlade/ExtendedCompilerEngine.php(22): Illuminate/View/Engines/PhpEngine->evaluatePath('C://Users//Mugahe...', Array)
#6 C:/Users/Mugahed/Desktop/MyMetier/vendor/laravel/framework/src/Illuminate/View/Engines/CompilerEngine.php(76): Livewire/Mechanisms/ExtendBlade/ExtendedCompilerEngine->evaluatePath('C://Users//Mugahe...', Array)
#7 C:/Users/Mugahed/Desktop/MyMetier/vendor/livewire/livewire/src/Mechanisms/ExtendBlade/ExtendedCompilerEngine.php(10): Illuminate/View/Engines/CompilerEngine->get('C://Users//Mugahe...', Array)
#8 C:/Users/Mugahed/Desktop/MyMetier/vendor/laravel/framework/src/Illuminate/View/View.php(208): Livewire/Mechanisms/ExtendBlade/ExtendedCompilerEngine->get('C://Users//Mugahe...', Array)
#9 C:/Users/Mugahed/Desktop/MyMetier/vendor/laravel/framework/src/Illuminate/View/View.php(191): Illuminate/View/View->getContents()
#10 C:/Users/Mugahed/Desktop/MyMetier/vendor/laravel/framework/src/Illuminate/View/View.php(160): Illuminate/View/View->renderContents()
#11 C:/Users/Mugahed/Desktop/MyMetier/storage/framework/views/af295cd8e3d2599cb28a1e04a64a20ab.php(4): Illuminate/View/View->render()
#12 C:/Users/Mugahed/Desktop/MyMetier/vendor/laravel/framework/src/Illuminate/Filesystem/Filesystem.php(123): require('C://Users//Mugahe...')
#13 C:/Users/Mugahed/Desktop/MyMetier/vendor/laravel/framework/src/Illuminate/Filesystem/Filesystem.php(124): Illuminate/Filesystem/Filesystem::{closure:Illuminate/Filesystem/Filesystem::getRequire():120}()
#14 C:/Users/Mugahed/Desktop/MyMetier/vendor/laravel/framework/src/Illuminate/View/Engines/PhpEngine.php(57): Illuminate/Filesystem/Filesystem->getRequire('C://Users//Mugahe...', Array)
#15 C:/Users/Mugahed/Desktop/MyMetier/vendor/livewire/livewire/src/Mechanisms/ExtendBlade/ExtendedCompilerEngine.php(22): Illuminate/View/Engines/PhpEngine->evaluatePath('C://Users//Mugahe...', Array)
#16 C:/Users/Mugahed/Desktop/MyMetier/vendor/laravel/framework/src/Illuminate/View/Engines/CompilerEngine.php(76): Livewire/Mechanisms/ExtendBlade/ExtendedCompilerEngine->evaluatePath('C://Users//Mugahe...', Array)
#17 C:/Users/Mugahed/Desktop/MyMetier/vendor/livewire/livewire/src/Mechanisms/ExtendBlade/ExtendedCompilerEngine.php(10): Illuminate/View/Engines/CompilerEngine->get('C://Users//Mugahe...', Array)
#18 C:/Users/Mugahed/Desktop/MyMetier/vendor/laravel/framework/src/Illuminate/View/View.php(208): Livewire/Mechanisms/ExtendBlade/ExtendedCompilerEngine->get('C://Users//Mugahe...', Array)
#19 C:/Users/Mugahed/Desktop/MyMetier/vendor/laravel/framework/src/Illuminate/View/View.php(191): Illuminate/View/View->getContents()
#20 C:/Users/Mugahed/Desktop/MyMetier/vendor/laravel/framework/src/Illuminate/View/View.php(160): Illuminate/View/View->renderContents()
#21 C:/Users/Mugahed/Desktop/MyMetier/vendor/laravel/framework/src/Illuminate/View/Concerns/ManagesComponents.php(103): Illuminate/View/View->render()
#22 C:/Users/Mugahed/Desktop/MyMetier/storage/framework/views/3327b84ba3f7c80652f8d459a39283af.php(37): Illuminate/View/Factory->renderComponent()
#23 C:/Users/Mugahed/Desktop/MyMetier/vendor/laravel/framework/src/Illuminate/Filesystem/Filesystem.php(123): require('C://Users//Mugahe...')
#24 C:/Users/Mugahed/Desktop/MyMetier/vendor/laravel/framework/src/Illuminate/Filesystem/Filesystem.php(124): Illuminate/Filesystem/Filesystem::{closure:Illuminate/Filesystem/Filesystem::getRequire():120}()
#25 C:/Users/Mugahed/Desktop/MyMetier/vendor/laravel/framework/src/Illuminate/View/Engines/PhpEngine.php(57): Illuminate/Filesystem/Filesystem->getRequire('C://Users//Mugahe...', Array)
#26 C:/Users/Mugahed/Desktop/MyMetier/vendor/livewire/livewire/src/Mechanisms/ExtendBlade/ExtendedCompilerEngine.php(22): Illuminate/View/Engines/PhpEngine->evaluatePath('C://Users//Mugahe...', Array)
#27 C:/Users/Mugahed/Desktop/MyMetier/vendor/laravel/framework/src/Illuminate/View/Engines/CompilerEngine.php(76): Livewire/Mechanisms/ExtendBlade/ExtendedCompilerEngine->evaluatePath('C://Users//Mugahe...', Array)
#28 C:/Users/Mugahed/Desktop/MyMetier/vendor/livewire/livewire/src/Mechanisms/ExtendBlade/ExtendedCompilerEngine.php(10): Illuminate/View/Engines/CompilerEngine->get('C://Users//Mugahe...', Array)
#29 C:/Users/Mugahed/Desktop/MyMetier/vendor/laravel/framework/src/Illuminate/View/View.php(208): Livewire/Mechanisms/ExtendBlade/ExtendedCompilerEngine->get('C://Users//Mugahe...', Array)
#30 C:/Users/Mugahed/Desktop/MyMetier/vendor/laravel/framework/src/Illuminate/View/View.php(191): Illuminate/View/View->getContents()
#31 C:/Users/Mugahed/Desktop/MyMetier/vendor/laravel/framework/src/Illuminate/View/View.php(160): Illuminate/View/View->renderContents()
#32 C:/Users/Mugahed/Desktop/MyMetier/vendor/laravel/framework/src/Illuminate/View/Concerns/ManagesComponents.php(103): Illuminate/View/View->render()
#33 C:/Users/Mugahed/Desktop/MyMetier/storage/framework/views/ff04fcdb3c928c7d4b903b5450a05f1e.php(17): Illuminate/View/Factory->renderComponent()
#34 C:/Users/Mugahed/Desktop/MyMetier/vendor/laravel/framework/src/Illuminate/Filesystem/Filesystem.php(123): require('C://Users//Mugahe...')
#35 C:/Users/Mugahed/Desktop/MyMetier/vendor/laravel/framework/src/Illuminate/Filesystem/Filesystem.php(124): Illuminate/Filesystem/Filesystem::{closure:Illuminate/Filesystem/Filesystem::getRequire():120}()
#36 C:/Users/Mugahed/Desktop/MyMetier/vendor/laravel/framework/src/Illuminate/View/Engines/PhpEngine.php(57): Illuminate/Filesystem/Filesystem->getRequire('C://Users//Mugahe...', Array)
#37 C:/Users/Mugahed/Desktop/MyMetier/vendor/livewire/livewire/src/Mechanisms/ExtendBlade/ExtendedCompilerEngine.php(22): Illuminate/View/Engines/PhpEngine->evaluatePath('C://Users//Mugahe...', Array)
#38 C:/Users/Mugahed/Desktop/MyMetier/vendor/laravel/framework/src/Illuminate/View/Engines/CompilerEngine.php(76): Livewire/Mechanisms/ExtendBlade/ExtendedCompilerEngine->evaluatePath('C://Users//Mugahe...', Array)
#39 C:/Users/Mugahed/Desktop/MyMetier/vendor/livewire/livewire/src/Mechanisms/ExtendBlade/ExtendedCompilerEngine.php(10): Illuminate/View/Engines/CompilerEngine->get('C://Users//Mugahe...', Array)
#40 C:/Users/Mugahed/Desktop/MyMetier/vendor/laravel/framework/src/Illuminate/View/View.php(208): Livewire/Mechanisms/ExtendBlade/ExtendedCompilerEngine->get('C://Users//Mugahe...', Array)
#41 C:/Users/Mugahed/Desktop/MyMetier/vendor/laravel/framework/src/Illuminate/View/View.php(191): Illuminate/View/View->getContents()
#42 C:/Users/Mugahed/Desktop/MyMetier/vendor/laravel/framework/src/Illuminate/View/View.php(160): Illuminate/View/View->renderContents()
#43 C:/Users/Mugahed/Desktop/MyMetier/vendor/laravel/framework/src/Illuminate/View/Compilers/BladeCompiler.php(353): Illuminate/View/View->render()
#44 C:/Users/Mugahed/Desktop/MyMetier/vendor/laravel/framework/src/Illuminate/Support/Facades/Facade.php(363): Illuminate/View/Compilers/BladeCompiler::render('    <?php $layo...', Array)
#45 C:/Users/Mugahed/Desktop/MyMetier/vendor/livewire/livewire/src/Features/SupportPageComponents/SupportPageComponents.php(154): Illuminate/Support/Facades/Facade::__callStatic('render', Array)
#46 C:/Users/Mugahed/Desktop/MyMetier/vendor/livewire/livewire/src/Features/SupportPageComponents/HandlesPageComponents.php(26): Livewire/Features/SupportPageComponents/SupportPageComponents::renderContentsIntoLayout('<div wire:snaps...', Object(Livewire/Features/SupportPageComponents/PageComponentConfig))
#47 C:/Users/Mugahed/Desktop/MyMetier/vendor/laravel/framework/src/Illuminate/Routing/ControllerDispatcher.php(46): Livewire/Component->__invoke()
#48 C:/Users/Mugahed/Desktop/MyMetier/vendor/laravel/framework/src/Illuminate/Routing/Route.php(269): Illuminate/Routing/ControllerDispatcher->dispatch(Object(Illuminate/Routing/Route), Object(App/Livewire/PublicRequestsPage), '__invoke')
#49 C:/Users/Mugahed/Desktop/MyMetier/vendor/laravel/framework/src/Illuminate/Routing/Route.php(215): Illuminate/Routing/Route->runController()
#50 C:/Users/Mugahed/Desktop/MyMetier/vendor/laravel/framework/src/Illuminate/Routing/Router.php(822): Illuminate/Routing/Route->run()
#51 C:/Users/Mugahed/Desktop/MyMetier/vendor/laravel/framework/src/Illuminate/Pipeline/Pipeline.php(180): Illuminate/Routing/Router->{closure:Illuminate/Routing/Router::runRouteWithinStack():821}(Object(Illuminate/Http/Request))
#52 C:/Users/Mugahed/Desktop/MyMetier/app/Http/Middleware/LogResponseTime.php(20): Illuminate/Pipeline/Pipeline->{closure:Illuminate/Pipeline/Pipeline::prepareDestination():178}(Object(Illuminate/Http/Request))
#53 C:/Users/Mugahed/Desktop/MyMetier/vendor/laravel/framework/src/Illuminate/Pipeline/Pipeline.php(219): App/Http/Middleware/LogResponseTime->handle(Object(Illuminate/Http/Request), Object(Closure))
#54 C:/Users/Mugahed/Desktop/MyMetier/app/Http/Middleware/RegenerateSessionAfterLogin.php(25): Illuminate/Pipeline/Pipeline->{closure:{closure:Illuminate/Pipeline/Pipeline::carry():194}:195}(Object(Illuminate/Http/Request))
#55 C:/Users/Mugahed/Desktop/MyMetier/vendor/laravel/framework/src/Illuminate/Pipeline/Pipeline.php(219): App/Http/Middleware/RegenerateSessionAfterLogin->handle(Object(Illuminate/Http/Request), Object(Closure))
#56 C:/Users/Mugahed/Desktop/MyMetier/vendor/laravel/framework/src/Illuminate/Routing/Middleware/SubstituteBindings.php(52): Illuminate/Pipeline/Pipeline->{closure:{closure:Illuminate/Pipeline/Pipeline::carry():194}:195}(Object(Illuminate/Http/Request))
#57 C:/Users/Mugahed/Desktop/MyMetier/vendor/laravel/framework/src/Illuminate/Pipeline/Pipeline.php(219): Illuminate/Routing/Middleware/SubstituteBindings->handle(Object(Illuminate/Http/Request), Object(Closure))
#58 C:/Users/Mugahed/Desktop/MyMetier/vendor/laravel/framework/src/Illuminate/Foundation/Http/Middleware/PreventRequestForgery.php(104): Illuminate/Pipeline/Pipeline->{closure:{closure:Illuminate/Pipeline/Pipeline::carry():194}:195}(Object(Illuminate/Http/Request))
#59 C:/Users/Mugahed/Desktop/MyMetier/vendor/laravel/framework/src/Illuminate/Pipeline/Pipeline.php(219): Illuminate/Foundation/Http/Middleware/PreventRequestForgery->handle(Object(Illuminate/Http/Request), Object(Closure))
#60 C:/Users/Mugahed/Desktop/MyMetier/vendor/laravel/framework/src/Illuminate/View/Middleware/ShareErrorsFromSession.php(48): Illuminate/Pipeline/Pipeline->{closure:{closure:Illuminate/Pipeline/Pipeline::carry():194}:195}(Object(Illuminate/Http/Request))
#61 C:/Users/Mugahed/Desktop/MyMetier/vendor/laravel/framework/src/Illuminate/Pipeline/Pipeline.php(219): Illuminate/View/Middleware/ShareErrorsFromSession->handle(Object(Illuminate/Http/Request), Object(Closure))
#62 C:/Users/Mugahed/Desktop/MyMetier/vendor/laravel/framework/src/Illuminate/Session/Middleware/StartSession.php(120): Illuminate/Pipeline/Pipeline->{closure:{closure:Illuminate/Pipeline/Pipeline::carry():194}:195}(Object(Illuminate/Http/Request))
#63 C:/Users/Mugahed/Desktop/MyMetier/vendor/laravel/framework/src/Illuminate/Session/Middleware/StartSession.php(63): Illuminate/Session/Middleware/StartSession->handleStatefulRequest(Object(Illuminate/Http/Request), Object(Illuminate/Session/Store), Object(Closure))
#64 C:/Users/Mugahed/Desktop/MyMetier/vendor/laravel/framework/src/Illuminate/Pipeline/Pipeline.php(219): Illuminate/Session/Middleware/StartSession->handle(Object(Illuminate/Http/Request), Object(Closure))
#65 C:/Users/Mugahed/Desktop/MyMetier/vendor/laravel/framework/src/Illuminate/Cookie/Middleware/AddQueuedCookiesToResponse.php(36): Illuminate/Pipeline/Pipeline->{closure:{closure:Illuminate/Pipeline/Pipeline::carry():194}:195}(Object(Illuminate/Http/Request))
#66 C:/Users/Mugahed/Desktop/MyMetier/vendor/laravel/framework/src/Illuminate/Pipeline/Pipeline.php(219): Illuminate/Cookie/Middleware/AddQueuedCookiesToResponse->handle(Object(Illuminate/Http/Request), Object(Closure))
#67 C:/Users/Mugahed/Desktop/MyMetier/vendor/laravel/framework/src/Illuminate/Cookie/Middleware/EncryptCookies.php(74): Illuminate/Pipeline/Pipeline->{closure:{closure:Illuminate/Pipeline/Pipeline::carry():194}:195}(Object(Illuminate/Http/Request))
#68 C:/Users/Mugahed/Desktop/MyMetier/vendor/laravel/framework/src/Illuminate/Pipeline/Pipeline.php(219): Illuminate/Cookie/Middleware/EncryptCookies->handle(Object(Illuminate/Http/Request), Object(Closure))
#69 C:/Users/Mugahed/Desktop/MyMetier/vendor/laravel/framework/src/Illuminate/Pipeline/Pipeline.php(137): Illuminate/Pipeline/Pipeline->{closure:{closure:Illuminate/Pipeline/Pipeline::carry():194}:195}(Object(Illuminate/Http/Request))
#70 C:/Users/Mugahed/Desktop/MyMetier/vendor/laravel/framework/src/Illuminate/Routing/Router.php(821): Illuminate/Pipeline/Pipeline->then(Object(Closure))
#71 C:/Users/Mugahed/Desktop/MyMetier/vendor/laravel/framework/src/Illuminate/Routing/Router.php(800): Illuminate/Routing/Router->runRouteWithinStack(Object(Illuminate/Routing/Route), Object(Illuminate/Http/Request))
#72 C:/Users/Mugahed/Desktop/MyMetier/vendor/laravel/framework/src/Illuminate/Routing/Router.php(764): Illuminate/Routing/Router->runRoute(Object(Illuminate/Http/Request), Object(Illuminate/Routing/Route))
#73 C:/Users/Mugahed/Desktop/MyMetier/vendor/laravel/framework/src/Illuminate/Routing/Router.php(753): Illuminate/Routing/Router->dispatchToRoute(Object(Illuminate/Http/Request))
#74 C:/Users/Mugahed/Desktop/MyMetier/vendor/laravel/framework/src/Illuminate/Foundation/Http/Kernel.php(200): Illuminate/Routing/Router->dispatch(Object(Illuminate/Http/Request))
#75 C:/Users/Mugahed/Desktop/MyMetier/vendor/laravel/framework/src/Illuminate/Pipeline/Pipeline.php(180): Illuminate/Foundation/Http/Kernel->{closure:Illuminate/Foundation/Http/Kernel::dispatchToRouter():197}(Object(Illuminate/Http/Request))
#76 C:/Users/Mugahed/Desktop/MyMetier/vendor/livewire/livewire/src/Features/SupportDisablingBackButtonCache/DisableBackButtonCacheMiddleware.php(19): Illuminate/Pipeline/Pipeline->{closure:Illuminate/Pipeline/Pipeline::prepareDestination():178}(Object(Illuminate/Http/Request))
#77 C:/Users/Mugahed/Desktop/MyMetier/vendor/laravel/framework/src/Illuminate/Pipeline/Pipeline.php(219): Livewire/Features/SupportDisablingBackButtonCache/DisableBackButtonCacheMiddleware->handle(Object(Illuminate/Http/Request), Object(Closure))
#78 C:/Users/Mugahed/Desktop/MyMetier/vendor/laravel/framework/src/Illuminate/Foundation/Http/Middleware/TransformsRequest.php(21): Illuminate/Pipeline/Pipeline->{closure:{closure:Illuminate/Pipeline/Pipeline::carry():194}:195}(Object(Illuminate/Http/Request))
#79 C:/Users/Mugahed/Desktop/MyMetier/vendor/laravel/framework/src/Illuminate/Foundation/Http/Middleware/ConvertEmptyStringsToNull.php(31): Illuminate/Foundation/Http/Middleware/TransformsRequest->handle(Object(Illuminate/Http/Request), Object(Closure))
#80 C:/Users/Mugahed/Desktop/MyMetier/vendor/laravel/framework/src/Illuminate/Pipeline/Pipeline.php(219): Illuminate/Foundation/Http/Middleware/ConvertEmptyStringsToNull->handle(Object(Illuminate/Http/Request), Object(Closure))
#81 C:/Users/Mugahed/Desktop/MyMetier/vendor/laravel/framework/src/Illuminate/Foundation/Http/Middleware/TransformsRequest.php(21): Illuminate/Pipeline/Pipeline->{closure:{closure:Illuminate/Pipeline/Pipeline::carry():194}:195}(Object(Illuminate/Http/Request))
#82 C:/Users/Mugahed/Desktop/MyMetier/vendor/laravel/framework/src/Illuminate/Foundation/Http/Middleware/TrimStrings.php(51): Illuminate/Foundation/Http/Middleware/TransformsRequest->handle(Object(Illuminate/Http/Request), Object(Closure))
#83 C:/Users/Mugahed/Desktop/MyMetier/vendor/laravel/framework/src/Illuminate/Pipeline/Pipeline.php(219): Illuminate/Foundation/Http/Middleware/TrimStrings->handle(Object(Illuminate/Http/Request), Object(Closure))
#84 C:/Users/Mugahed/Desktop/MyMetier/vendor/laravel/framework/src/Illuminate/Http/Middleware/ValidatePostSize.php(27): Illuminate/Pipeline/Pipeline->{closure:{closure:Illuminate/Pipeline/Pipeline::carry():194}:195}(Object(Illuminate/Http/Request))
#85 C:/Users/Mugahed/Desktop/MyMetier/vendor/laravel/framework/src/Illuminate/Pipeline/Pipeline.php(219): Illuminate/Http/Middleware/ValidatePostSize->handle(Object(Illuminate/Http/Request), Object(Closure))
#86 C:/Users/Mugahed/Desktop/MyMetier/vendor/laravel/framework/src/Illuminate/Foundation/Http/Middleware/PreventRequestsDuringMaintenance.php(109): Illuminate/Pipeline/Pipeline->{closure:{closure:Illuminate/Pipeline/Pipeline::carry():194}:195}(Object(Illuminate/Http/Request))
#87 C:/Users/Mugahed/Desktop/MyMetier/vendor/laravel/framework/src/Illuminate/Pipeline/Pipeline.php(219): Illuminate/Foundation/Http/Middleware/PreventRequestsDuringMaintenance->handle(Object(Illuminate/Http/Request), Object(Closure))
#88 C:/Users/Mugahed/Desktop/MyMetier/vendor/laravel/framework/src/Illuminate/Http/Middleware/HandleCors.php(61): Illuminate/Pipeline/Pipeline->{closure:{closure:Illuminate/Pipeline/Pipeline::carry():194}:195}(Object(Illuminate/Http/Request))
#89 C:/Users/Mugahed/Desktop/MyMetier/vendor/laravel/framework/src/Illuminate/Pipeline/Pipeline.php(219): Illuminate/Http/Middleware/HandleCors->handle(Object(Illuminate/Http/Request), Object(Closure))
#90 C:/Users/Mugahed/Desktop/MyMetier/vendor/laravel/framework/src/Illuminate/Http/Middleware/TrustProxies.php(58): Illuminate/Pipeline/Pipeline->{closure:{closure:Illuminate/Pipeline/Pipeline::carry():194}:195}(Object(Illuminate/Http/Request))
#91 C:/Users/Mugahed/Desktop/MyMetier/vendor/laravel/framework/src/Illuminate/Pipeline/Pipeline.php(219): Illuminate/Http/Middleware/TrustProxies->handle(Object(Illuminate/Http/Request), Object(Closure))
#92 C:/Users/Mugahed/Desktop/MyMetier/vendor/laravel/framework/src/Illuminate/Foundation/Http/Middleware/InvokeDeferredCallbacks.php(22): Illuminate/Pipeline/Pipeline->{closure:{closure:Illuminate/Pipeline/Pipeline::carry():194}:195}(Object(Illuminate/Http/Request))
#93 C:/Users/Mugahed/Desktop/MyMetier/vendor/laravel/framework/src/Illuminate/Pipeline/Pipeline.php(219): Illuminate/Foundation/Http/Middleware/InvokeDeferredCallbacks->handle(Object(Illuminate/Http/Request), Object(Closure))
#94 C:/Users/Mugahed/Desktop/MyMetier/vendor/laravel/framework/src/Illuminate/Http/Middleware/ValidatePathEncoding.php(28): Illuminate/Pipeline/Pipeline->{closure:{closure:Illuminate/Pipeline/Pipeline::carry():194}:195}(Object(Illuminate/Http/Request))
#95 C:/Users/Mugahed/Desktop/MyMetier/vendor/laravel/framework/src/Illuminate/Pipeline/Pipeline.php(219): Illuminate/Http/Middleware/ValidatePathEncoding->handle(Object(Illuminate/Http/Request), Object(Closure))
#96 C:/Users/Mugahed/Desktop/MyMetier/vendor/laravel/framework/src/Illuminate/Pipeline/Pipeline.php(137): Illuminate/Pipeline/Pipeline->{closure:{closure:Illuminate/Pipeline/Pipeline::carry():194}:195}(Object(Illuminate/Http/Request))
#97 C:/Users/Mugahed/Desktop/MyMetier/vendor/laravel/framework/src/Illuminate/Foundation/Http/Kernel.php(175): Illuminate/Pipeline/Pipeline->then(Object(Closure))
#98 C:/Users/Mugahed/Desktop/MyMetier/vendor/laravel/framework/src/Illuminate/Foundation/Http/Kernel.php(144): Illuminate/Foundation/Http/Kernel->sendRequestThroughRouter(Object(Illuminate/Http/Request))
#99 C:/Users/Mugahed/Desktop/MyMetier/vendor/laravel/framework/src/Illuminate/Foundation/Application.php(1220): Illuminate/Foundation/Http/Kernel->handle(Object(Illuminate/Http/Request))
#100 C:/Users/Mugahed/Desktop/MyMetier/public/index.php(20): Illuminate/Foundation/Application->handleRequest(Object(Illuminate/Http/Request))
#101 C:/Program Files/Herd/resources/app.asar.unpacked/resources/valet/server.php(139): require('C://Users//Mugahe...')
#102 {main}
"} 
[2026-03-25 22:39:20] local.ERROR: Vite manifest not found at: C:\Users\Mugahed\Desktop\MyMetier\public\build/manifest.json (View: C:\Users\Mugahed\Desktop\MyMetier\resources\views\partials\head.blade.php) (View: C:\Users\Mugahed\Desktop\MyMetier\resources\views\partials\head.blade.php) (View: C:\Users\Mugahed\Desktop\MyMetier\resources\views\partials\head.blade.php) (View: C:\Users\Mugahed\Desktop\MyMetier\resources\views\partials\head.blade.php) {"user_id":2,"url":"http://mymetier.test/requests/create","userId":2,"exception":"[object] (Illuminate\\View\\ViewException(code: 0): Vite manifest not found at: C:\\Users\\Mugahed\\Desktop\\MyMetier\\public\\build/manifest.json (View: C:\\Users\\Mugahed\\Desktop\\MyMetier\\resources\\views\\partials\\head.blade.php) (View: C:\\Users\\Mugahed\\Desktop\\MyMetier\\resources\\views\\partials\\head.blade.php) (View: C:\\Users\\Mugahed\\Desktop\\MyMetier\\resources\\views\\partials\\head.blade.php) (View: C:\\Users\\Mugahed\\Desktop\\MyMetier\\resources\\views\\partials\\head.blade.php) at C:/Users/Mugahed/Desktop/MyMetier/vendor/laravel/framework/src/Illuminate/Foundation/Vite.php:946)
[stacktrace]
#0 C:/Users/Mugahed/Desktop/MyMetier/vendor/livewire/livewire/src/Mechanisms/ExtendBlade/ExtendedCompilerEngine.php(58): Illuminate/View/Engines/CompilerEngine->handleViewException(Object(Illuminate/View/ViewException), 1)
#1 C:/Users/Mugahed/Desktop/MyMetier/vendor/laravel/framework/src/Illuminate/View/Engines/PhpEngine.php(59): Livewire/Mechanisms/ExtendBlade/ExtendedCompilerEngine->handleViewException(Object(Illuminate/View/ViewException), 1)
#2 C:/Users/Mugahed/Desktop/MyMetier/vendor/livewire/livewire/src/Mechanisms/ExtendBlade/ExtendedCompilerEngine.php(22): Illuminate/View/Engines/PhpEngine->evaluatePath('C://Users//Mugahe...', Array)
#3 C:/Users/Mugahed/Desktop/MyMetier/vendor/laravel/framework/src/Illuminate/View/Engines/CompilerEngine.php(76): Livewire/Mechanisms/ExtendBlade/ExtendedCompilerEngine->evaluatePath('C://Users//Mugahe...', Array)
#4 C:/Users/Mugahed/Desktop/MyMetier/vendor/livewire/livewire/src/Mechanisms/ExtendBlade/ExtendedCompilerEngine.php(10): Illuminate/View/Engines/CompilerEngine->get('C://Users//Mugahe...', Array)
#5 C:/Users/Mugahed/Desktop/MyMetier/vendor/laravel/framework/src/Illuminate/View/View.php(208): Livewire/Mechanisms/ExtendBlade/ExtendedCompilerEngine->get('C://Users//Mugahe...', Array)
#6 C:/Users/Mugahed/Desktop/MyMetier/vendor/laravel/framework/src/Illuminate/View/View.php(191): Illuminate/View/View->getContents()
#7 C:/Users/Mugahed/Desktop/MyMetier/vendor/laravel/framework/src/Illuminate/View/View.php(160): Illuminate/View/View->renderContents()
#8 C:/Users/Mugahed/Desktop/MyMetier/vendor/laravel/framework/src/Illuminate/View/Compilers/BladeCompiler.php(353): Illuminate/View/View->render()
#9 C:/Users/Mugahed/Desktop/MyMetier/vendor/laravel/framework/src/Illuminate/Support/Facades/Facade.php(363): Illuminate/View/Compilers/BladeCompiler::render('    <?php $layo...', Array)
#10 C:/Users/Mugahed/Desktop/MyMetier/vendor/livewire/livewire/src/Features/SupportPageComponents/SupportPageComponents.php(154): Illuminate/Support/Facades/Facade::__callStatic('render', Array)
#11 C:/Users/Mugahed/Desktop/MyMetier/vendor/livewire/livewire/src/Features/SupportPageComponents/HandlesPageComponents.php(26): Livewire/Features/SupportPageComponents/SupportPageComponents::renderContentsIntoLayout('<div wire:snaps...', Object(Livewire/Features/SupportPageComponents/PageComponentConfig))
#12 C:/Users/Mugahed/Desktop/MyMetier/vendor/laravel/framework/src/Illuminate/Routing/ControllerDispatcher.php(46): Livewire/Component->__invoke()
#13 C:/Users/Mugahed/Desktop/MyMetier/vendor/laravel/framework/src/Illuminate/Routing/Route.php(269): Illuminate/Routing/ControllerDispatcher->dispatch(Object(Illuminate/Routing/Route), Object(App/Livewire/CreateRequestPage), '__invoke')
#14 C:/Users/Mugahed/Desktop/MyMetier/vendor/laravel/framework/src/Illuminate/Routing/Route.php(215): Illuminate/Routing/Route->runController()
#15 C:/Users/Mugahed/Desktop/MyMetier/vendor/laravel/framework/src/Illuminate/Routing/Router.php(822): Illuminate/Routing/Route->run()
#16 C:/Users/Mugahed/Desktop/MyMetier/vendor/laravel/framework/src/Illuminate/Pipeline/Pipeline.php(180): Illuminate/Routing/Router->{closure:Illuminate/Routing/Router::runRouteWithinStack():821}(Object(Illuminate/Http/Request))
#17 C:/Users/Mugahed/Desktop/MyMetier/vendor/laravel/framework/src/Illuminate/Auth/Middleware/EnsureEmailIsVerified.php(41): Illuminate/Pipeline/Pipeline->{closure:Illuminate/Pipeline/Pipeline::prepareDestination():178}(Object(Illuminate/Http/Request))
#18 C:/Users/Mugahed/Desktop/MyMetier/vendor/laravel/framework/src/Illuminate/Pipeline/Pipeline.php(219): Illuminate/Auth/Middleware/EnsureEmailIsVerified->handle(Object(Illuminate/Http/Request), Object(Closure))
#19 C:/Users/Mugahed/Desktop/MyMetier/app/Http/Middleware/LogResponseTime.php(20): Illuminate/Pipeline/Pipeline->{closure:{closure:Illuminate/Pipeline/Pipeline::carry():194}:195}(Object(Illuminate/Http/Request))
#20 C:/Users/Mugahed/Desktop/MyMetier/vendor/laravel/framework/src/Illuminate/Pipeline/Pipeline.php(219): App/Http/Middleware/LogResponseTime->handle(Object(Illuminate/Http/Request), Object(Closure))
#21 C:/Users/Mugahed/Desktop/MyMetier/app/Http/Middleware/RegenerateSessionAfterLogin.php(25): Illuminate/Pipeline/Pipeline->{closure:{closure:Illuminate/Pipeline/Pipeline::carry():194}:195}(Object(Illuminate/Http/Request))
#22 C:/Users/Mugahed/Desktop/MyMetier/vendor/laravel/framework/src/Illuminate/Pipeline/Pipeline.php(219): App/Http/Middleware/RegenerateSessionAfterLogin->handle(Object(Illuminate/Http/Request), Object(Closure))
#23 C:/Users/Mugahed/Desktop/MyMetier/vendor/laravel/framework/src/Illuminate/Routing/Middleware/SubstituteBindings.php(52): Illuminate/Pipeline/Pipeline->{closure:{closure:Illuminate/Pipeline/Pipeline::carry():194}:195}(Object(Illuminate/Http/Request))
#24 C:/Users/Mugahed/Desktop/MyMetier/vendor/laravel/framework/src/Illuminate/Pipeline/Pipeline.php(219): Illuminate/Routing/Middleware/SubstituteBindings->handle(Object(Illuminate/Http/Request), Object(Closure))
#25 C:/Users/Mugahed/Desktop/MyMetier/vendor/laravel/framework/src/Illuminate/Auth/Middleware/Authenticate.php(63): Illuminate/Pipeline/Pipeline->{closure:{closure:Illuminate/Pipeline/Pipeline::carry():194}:195}(Object(Illuminate/Http/Request))
#26 C:/Users/Mugahed/Desktop/MyMetier/vendor/laravel/framework/src/Illuminate/Pipeline/Pipeline.php(219): Illuminate/Auth/Middleware/Authenticate->handle(Object(Illuminate/Http/Request), Object(Closure))
#27 C:/Users/Mugahed/Desktop/MyMetier/vendor/laravel/framework/src/Illuminate/Foundation/Http/Middleware/PreventRequestForgery.php(104): Illuminate/Pipeline/Pipeline->{closure:{closure:Illuminate/Pipeline/Pipeline::carry():194}:195}(Object(Illuminate/Http/Request))
#28 C:/Users/Mugahed/Desktop/MyMetier/vendor/laravel/framework/src/Illuminate/Pipeline/Pipeline.php(219): Illuminate/Foundation/Http/Middleware/PreventRequestForgery->handle(Object(Illuminate/Http/Request), Object(Closure))
#29 C:/Users/Mugahed/Desktop/MyMetier/vendor/laravel/framework/src/Illuminate/View/Middleware/ShareErrorsFromSession.php(48): Illuminate/Pipeline/Pipeline->{closure:{closure:Illuminate/Pipeline/Pipeline::carry():194}:195}(Object(Illuminate/Http/Request))
#30 C:/Users/Mugahed/Desktop/MyMetier/vendor/laravel/framework/src/Illuminate/Pipeline/Pipeline.php(219): Illuminate/View/Middleware/ShareErrorsFromSession->handle(Object(Illuminate/Http/Request), Object(Closure))
#31 C:/Users/Mugahed/Desktop/MyMetier/vendor/laravel/framework/src/Illuminate/Session/Middleware/StartSession.php(120): Illuminate/Pipeline/Pipeline->{closure:{closure:Illuminate/Pipeline/Pipeline::carry():194}:195}(Object(Illuminate/Http/Request))
#32 C:/Users/Mugahed/Desktop/MyMetier/vendor/laravel/framework/src/Illuminate/Session/Middleware/StartSession.php(63): Illuminate/Session/Middleware/StartSession->handleStatefulRequest(Object(Illuminate/Http/Request), Object(Illuminate/Session/Store), Object(Closure))
#33 C:/Users/Mugahed/Desktop/MyMetier/vendor/laravel/framework/src/Illuminate/Pipeline/Pipeline.php(219): Illuminate/Session/Middleware/StartSession->handle(Object(Illuminate/Http/Request), Object(Closure))
#34 C:/Users/Mugahed/Desktop/MyMetier/vendor/laravel/framework/src/Illuminate/Cookie/Middleware/AddQueuedCookiesToResponse.php(36): Illuminate/Pipeline/Pipeline->{closure:{closure:Illuminate/Pipeline/Pipeline::carry():194}:195}(Object(Illuminate/Http/Request))
#35 C:/Users/Mugahed/Desktop/MyMetier/vendor/laravel/framework/src/Illuminate/Pipeline/Pipeline.php(219): Illuminate/Cookie/Middleware/AddQueuedCookiesToResponse->handle(Object(Illuminate/Http/Request), Object(Closure))
#36 C:/Users/Mugahed/Desktop/MyMetier/vendor/laravel/framework/src/Illuminate/Cookie/Middleware/EncryptCookies.php(74): Illuminate/Pipeline/Pipeline->{closure:{closure:Illuminate/Pipeline/Pipeline::carry():194}:195}(Object(Illuminate/Http/Request))
#37 C:/Users/Mugahed/Desktop/MyMetier/vendor/laravel/framework/src/Illuminate/Pipeline/Pipeline.php(219): Illuminate/Cookie/Middleware/EncryptCookies->handle(Object(Illuminate/Http/Request), Object(Closure))
#38 C:/Users/Mugahed/Desktop/MyMetier/vendor/laravel/framework/src/Illuminate/Pipeline/Pipeline.php(137): Illuminate/Pipeline/Pipeline->{closure:{closure:Illuminate/Pipeline/Pipeline::carry():194}:195}(Object(Illuminate/Http/Request))
#39 C:/Users/Mugahed/Desktop/MyMetier/vendor/laravel/framework/src/Illuminate/Routing/Router.php(821): Illuminate/Pipeline/Pipeline->then(Object(Closure))
#40 C:/Users/Mugahed/Desktop/MyMetier/vendor/laravel/framework/src/Illuminate/Routing/Router.php(800): Illuminate/Routing/Router->runRouteWithinStack(Object(Illuminate/Routing/Route), Object(Illuminate/Http/Request))
#41 C:/Users/Mugahed/Desktop/MyMetier/vendor/laravel/framework/src/Illuminate/Routing/Router.php(764): Illuminate/Routing/Router->runRoute(Object(Illuminate/Http/Request), Object(Illuminate/Routing/Route))
#42 C:/Users/Mugahed/Desktop/MyMetier/vendor/laravel/framework/src/Illuminate/Routing/Router.php(753): Illuminate/Routing/Router->dispatchToRoute(Object(Illuminate/Http/Request))
#43 C:/Users/Mugahed/Desktop/MyMetier/vendor/laravel/framework/src/Illuminate/Foundation/Http/Kernel.php(200): Illuminate/Routing/Router->dispatch(Object(Illuminate/Http/Request))
#44 C:/Users/Mugahed/Desktop/MyMetier/vendor/laravel/framework/src/Illuminate/Pipeline/Pipeline.php(180): Illuminate/Foundation/Http/Kernel->{closure:Illuminate/Foundation/Http/Kernel::dispatchToRouter():197}(Object(Illuminate/Http/Request))
#45 C:/Users/Mugahed/Desktop/MyMetier/vendor/livewire/livewire/src/Features/SupportDisablingBackButtonCache/DisableBackButtonCacheMiddleware.php(19): Illuminate/Pipeline/Pipeline->{closure:Illuminate/Pipeline/Pipeline::prepareDestination():178}(Object(Illuminate/Http/Request))
#46 C:/Users/Mugahed/Desktop/MyMetier/vendor/laravel/framework/src/Illuminate/Pipeline/Pipeline.php(219): Livewire/Features/SupportDisablingBackButtonCache/DisableBackButtonCacheMiddleware->handle(Object(Illuminate/Http/Request), Object(Closure))
#47 C:/Users/Mugahed/Desktop/MyMetier/vendor/laravel/framework/src/Illuminate/Foundation/Http/Middleware/TransformsRequest.php(21): Illuminate/Pipeline/Pipeline->{closure:{closure:Illuminate/Pipeline/Pipeline::carry():194}:195}(Object(Illuminate/Http/Request))
#48 C:/Users/Mugahed/Desktop/MyMetier/vendor/laravel/framework/src/Illuminate/Foundation/Http/Middleware/ConvertEmptyStringsToNull.php(31): Illuminate/Foundation/Http/Middleware/TransformsRequest->handle(Object(Illuminate/Http/Request), Object(Closure))
#49 C:/Users/Mugahed/Desktop/MyMetier/vendor/laravel/framework/src/Illuminate/Pipeline/Pipeline.php(219): Illuminate/Foundation/Http/Middleware/ConvertEmptyStringsToNull->handle(Object(Illuminate/Http/Request), Object(Closure))
#50 C:/Users/Mugahed/Desktop/MyMetier/vendor/laravel/framework/src/Illuminate/Foundation/Http/Middleware/TransformsRequest.php(21): Illuminate/Pipeline/Pipeline->{closure:{closure:Illuminate/Pipeline/Pipeline::carry():194}:195}(Object(Illuminate/Http/Request))
#51 C:/Users/Mugahed/Desktop/MyMetier/vendor/laravel/framework/src/Illuminate/Foundation/Http/Middleware/TrimStrings.php(51): Illuminate/Foundation/Http/Middleware/TransformsRequest->handle(Object(Illuminate/Http/Request), Object(Closure))
#52 C:/Users/Mugahed/Desktop/MyMetier/vendor/laravel/framework/src/Illuminate/Pipeline/Pipeline.php(219): Illuminate/Foundation/Http/Middleware/TrimStrings->handle(Object(Illuminate/Http/Request), Object(Closure))
#53 C:/Users/Mugahed/Desktop/MyMetier/vendor/laravel/framework/src/Illuminate/Http/Middleware/ValidatePostSize.php(27): Illuminate/Pipeline/Pipeline->{closure:{closure:Illuminate/Pipeline/Pipeline::carry():194}:195}(Object(Illuminate/Http/Request))
#54 C:/Users/Mugahed/Desktop/MyMetier/vendor/laravel/framework/src/Illuminate/Pipeline/Pipeline.php(219): Illuminate/Http/Middleware/ValidatePostSize->handle(Object(Illuminate/Http/Request), Object(Closure))
#55 C:/Users/Mugahed/Desktop/MyMetier/vendor/laravel/framework/src/Illuminate/Foundation/Http/Middleware/PreventRequestsDuringMaintenance.php(109): Illuminate/Pipeline/Pipeline->{closure:{closure:Illuminate/Pipeline/Pipeline::carry():194}:195}(Object(Illuminate/Http/Request))
#56 C:/Users/Mugahed/Desktop/MyMetier/vendor/laravel/framework/src/Illuminate/Pipeline/Pipeline.php(219): Illuminate/Foundation/Http/Middleware/PreventRequestsDuringMaintenance->handle(Object(Illuminate/Http/Request), Object(Closure))
#57 C:/Users/Mugahed/Desktop/MyMetier/vendor/laravel/framework/src/Illuminate/Http/Middleware/HandleCors.php(61): Illuminate/Pipeline/Pipeline->{closure:{closure:Illuminate/Pipeline/Pipeline::carry():194}:195}(Object(Illuminate/Http/Request))
#58 C:/Users/Mugahed/Desktop/MyMetier/vendor/laravel/framework/src/Illuminate/Pipeline/Pipeline.php(219): Illuminate/Http/Middleware/HandleCors->handle(Object(Illuminate/Http/Request), Object(Closure))
#59 C:/Users/Mugahed/Desktop/MyMetier/vendor/laravel/framework/src/Illuminate/Http/Middleware/TrustProxies.php(58): Illuminate/Pipeline/Pipeline->{closure:{closure:Illuminate/Pipeline/Pipeline::carry():194}:195}(Object(Illuminate/Http/Request))
#60 C:/Users/Mugahed/Desktop/MyMetier/vendor/laravel/framework/src/Illuminate/Pipeline/Pipeline.php(219): Illuminate/Http/Middleware/TrustProxies->handle(Object(Illuminate/Http/Request), Object(Closure))
#61 C:/Users/Mugahed/Desktop/MyMetier/vendor/laravel/framework/src/Illuminate/Foundation/Http/Middleware/InvokeDeferredCallbacks.php(22): Illuminate/Pipeline/Pipeline->{closure:{closure:Illuminate/Pipeline/Pipeline::carry():194}:195}(Object(Illuminate/Http/Request))
#62 C:/Users/Mugahed/Desktop/MyMetier/vendor/laravel/framework/src/Illuminate/Pipeline/Pipeline.php(219): Illuminate/Foundation/Http/Middleware/InvokeDeferredCallbacks->handle(Object(Illuminate/Http/Request), Object(Closure))
#63 C:/Users/Mugahed/Desktop/MyMetier/vendor/laravel/framework/src/Illuminate/Http/Middleware/ValidatePathEncoding.php(28): Illuminate/Pipeline/Pipeline->{closure:{closure:Illuminate/Pipeline/Pipeline::carry():194}:195}(Object(Illuminate/Http/Request))
#64 C:/Users/Mugahed/Desktop/MyMetier/vendor/laravel/framework/src/Illuminate/Pipeline/Pipeline.php(219): Illuminate/Http/Middleware/ValidatePathEncoding->handle(Object(Illuminate/Http/Request), Object(Closure))
#65 C:/Users/Mugahed/Desktop/MyMetier/vendor/laravel/framework/src/Illuminate/Pipeline/Pipeline.php(137): Illuminate/Pipeline/Pipeline->{closure:{closure:Illuminate/Pipeline/Pipeline::carry():194}:195}(Object(Illuminate/Http/Request))
#66 C:/Users/Mugahed/Desktop/MyMetier/vendor/laravel/framework/src/Illuminate/Foundation/Http/Kernel.php(175): Illuminate/Pipeline/Pipeline->then(Object(Closure))
#67 C:/Users/Mugahed/Desktop/MyMetier/vendor/laravel/framework/src/Illuminate/Foundation/Http/Kernel.php(144): Illuminate/Foundation/Http/Kernel->sendRequestThroughRouter(Object(Illuminate/Http/Request))
#68 C:/Users/Mugahed/Desktop/MyMetier/vendor/laravel/framework/src/Illuminate/Foundation/Application.php(1220): Illuminate/Foundation/Http/Kernel->handle(Object(Illuminate/Http/Request))
#69 C:/Users/Mugahed/Desktop/MyMetier/public/index.php(20): Illuminate/Foundation/Application->handleRequest(Object(Illuminate/Http/Request))
#70 C:/Program Files/Herd/resources/app.asar.unpacked/resources/valet/server.php(139): require('C://Users//Mugahe...')
#71 {main}

[previous exception] [object] (Illuminate\\View\\ViewException(code: 0): Vite manifest not found at: C:\\Users\\Mugahed\\Desktop\\MyMetier\\public\\build/manifest.json (View: C:\\Users\\Mugahed\\Desktop\\MyMetier\\resources\\views\\partials\\head.blade.php) (View: C:\\Users\\Mugahed\\Desktop\\MyMetier\\resources\\views\\partials\\head.blade.php) (View: C:\\Users\\Mugahed\\Desktop\\MyMetier\\resources\\views\\partials\\head.blade.php) at C:/Users/Mugahed/Desktop/MyMetier/vendor/laravel/framework/src/Illuminate/Foundation/Vite.php:946)
[stacktrace]
#0 C:/Users/Mugahed/Desktop/MyMetier/vendor/livewire/livewire/src/Mechanisms/ExtendBlade/ExtendedCompilerEngine.php(58): Illuminate/View/Engines/CompilerEngine->handleViewException(Object(Illuminate/View/ViewException), 2)
#1 C:/Users/Mugahed/Desktop/MyMetier/vendor/laravel/framework/src/Illuminate/View/Engines/PhpEngine.php(59): Livewire/Mechanisms/ExtendBlade/ExtendedCompilerEngine->handleViewException(Object(Illuminate/View/ViewException), 2)
#2 C:/Users/Mugahed/Desktop/MyMetier/vendor/livewire/livewire/src/Mechanisms/ExtendBlade/ExtendedCompilerEngine.php(22): Illuminate/View/Engines/PhpEngine->evaluatePath('C://Users//Mugahe...', Array)
#3 C:/Users/Mugahed/Desktop/MyMetier/vendor/laravel/framework/src/Illuminate/View/Engines/CompilerEngine.php(76): Livewire/Mechanisms/ExtendBlade/ExtendedCompilerEngine->evaluatePath('C://Users//Mugahe...', Array)
#4 C:/Users/Mugahed/Desktop/MyMetier/vendor/livewire/livewire/src/Mechanisms/ExtendBlade/ExtendedCompilerEngine.php(10): Illuminate/View/Engines/CompilerEngine->get('C://Users//Mugahe...', Array)
#5 C:/Users/Mugahed/Desktop/MyMetier/vendor/laravel/framework/src/Illuminate/View/View.php(208): Livewire/Mechanisms/ExtendBlade/ExtendedCompilerEngine->get('C://Users//Mugahe...', Array)
#6 C:/Users/Mugahed/Desktop/MyMetier/vendor/laravel/framework/src/Illuminate/View/View.php(191): Illuminate/View/View->getContents()
#7 C:/Users/Mugahed/Desktop/MyMetier/vendor/laravel/framework/src/Illuminate/View/View.php(160): Illuminate/View/View->renderContents()
#8 C:/Users/Mugahed/Desktop/MyMetier/vendor/laravel/framework/src/Illuminate/View/Concerns/ManagesComponents.php(103): Illuminate/View/View->render()
#9 C:/Users/Mugahed/Desktop/MyMetier/storage/framework/views/ff04fcdb3c928c7d4b903b5450a05f1e.php(17): Illuminate/View/Factory->renderComponent()
#10 C:/Users/Mugahed/Desktop/MyMetier/vendor/laravel/framework/src/Illuminate/Filesystem/Filesystem.php(123): require('C://Users//Mugahe...')
#11 C:/Users/Mugahed/Desktop/MyMetier/vendor/laravel/framework/src/Illuminate/Filesystem/Filesystem.php(124): Illuminate/Filesystem/Filesystem::{closure:Illuminate/Filesystem/Filesystem::getRequire():120}()
#12 C:/Users/Mugahed/Desktop/MyMetier/vendor/laravel/framework/src/Illuminate/View/Engines/PhpEngine.php(57): Illuminate/Filesystem/Filesystem->getRequire('C://Users//Mugahe...', Array)
#13 C:/Users/Mugahed/Desktop/MyMetier/vendor/livewire/livewire/src/Mechanisms/ExtendBlade/ExtendedCompilerEngine.php(22): Illuminate/View/Engines/PhpEngine->evaluatePath('C://Users//Mugahe...', Array)
#14 C:/Users/Mugahed/Desktop/MyMetier/vendor/laravel/framework/src/Illuminate/View/Engines/CompilerEngine.php(76): Livewire/Mechanisms/ExtendBlade/ExtendedCompilerEngine->evaluatePath('C://Users//Mugahe...', Array)
#15 C:/Users/Mugahed/Desktop/MyMetier/vendor/livewire/livewire/src/Mechanisms/ExtendBlade/ExtendedCompilerEngine.php(10): Illuminate/View/Engines/CompilerEngine->get('C://Users//Mugahe...', Array)
#16 C:/Users/Mugahed/Desktop/MyMetier/vendor/laravel/framework/src/Illuminate/View/View.php(208): Livewire/Mechanisms/ExtendBlade/ExtendedCompilerEngine->get('C://Users//Mugahe...', Array)
#17 C:/Users/Mugahed/Desktop/MyMetier/vendor/laravel/framework/src/Illuminate/View/View.php(191): Illuminate/View/View->getContents()
#18 C:/Users/Mugahed/Desktop/MyMetier/vendor/laravel/framework/src/Illuminate/View/View.php(160): Illuminate/View/View->renderContents()
#19 C:/Users/Mugahed/Desktop/MyMetier/vendor/laravel/framework/src/Illuminate/View/Compilers/BladeCompiler.php(353): Illuminate/View/View->render()
#20 C:/Users/Mugahed/Desktop/MyMetier/vendor/laravel/framework/src/Illuminate/Support/Facades/Facade.php(363): Illuminate/View/Compilers/BladeCompiler::render('    <?php $layo...', Array)
#21 C:/Users/Mugahed/Desktop/MyMetier/vendor/livewire/livewire/src/Features/SupportPageComponents/SupportPageComponents.php(154): Illuminate/Support/Facades/Facade::__callStatic('render', Array)
#22 C:/Users/Mugahed/Desktop/MyMetier/vendor/livewire/livewire/src/Features/SupportPageComponents/HandlesPageComponents.php(26): Livewire/Features/SupportPageComponents/SupportPageComponents::renderContentsIntoLayout('<div wire:snaps...', Object(Livewire/Features/SupportPageComponents/PageComponentConfig))
#23 C:/Users/Mugahed/Desktop/MyMetier/vendor/laravel/framework/src/Illuminate/Routing/ControllerDispatcher.php(46): Livewire/Component->__invoke()
#24 C:/Users/Mugahed/Desktop/MyMetier/vendor/laravel/framework/src/Illuminate/Routing/Route.php(269): Illuminate/Routing/ControllerDispatcher->dispatch(Object(Illuminate/Routing/Route), Object(App/Livewire/CreateRequestPage), '__invoke')
#25 C:/Users/Mugahed/Desktop/MyMetier/vendor/laravel/framework/src/Illuminate/Routing/Route.php(215): Illuminate/Routing/Route->runController()
#26 C:/Users/Mugahed/Desktop/MyMetier/vendor/laravel/framework/src/Illuminate/Routing/Router.php(822): Illuminate/Routing/Route->run()
#27 C:/Users/Mugahed/Desktop/MyMetier/vendor/laravel/framework/src/Illuminate/Pipeline/Pipeline.php(180): Illuminate/Routing/Router->{closure:Illuminate/Routing/Router::runRouteWithinStack():821}(Object(Illuminate/Http/Request))
#28 C:/Users/Mugahed/Desktop/MyMetier/vendor/laravel/framework/src/Illuminate/Auth/Middleware/EnsureEmailIsVerified.php(41): Illuminate/Pipeline/Pipeline->{closure:Illuminate/Pipeline/Pipeline::prepareDestination():178}(Object(Illuminate/Http/Request))
#29 C:/Users/Mugahed/Desktop/MyMetier/vendor/laravel/framework/src/Illuminate/Pipeline/Pipeline.php(219): Illuminate/Auth/Middleware/EnsureEmailIsVerified->handle(Object(Illuminate/Http/Request), Object(Closure))
#30 C:/Users/Mugahed/Desktop/MyMetier/app/Http/Middleware/LogResponseTime.php(20): Illuminate/Pipeline/Pipeline->{closure:{closure:Illuminate/Pipeline/Pipeline::carry():194}:195}(Object(Illuminate/Http/Request))
#31 C:/Users/Mugahed/Desktop/MyMetier/vendor/laravel/framework/src/Illuminate/Pipeline/Pipeline.php(219): App/Http/Middleware/LogResponseTime->handle(Object(Illuminate/Http/Request), Object(Closure))
#32 C:/Users/Mugahed/Desktop/MyMetier/app/Http/Middleware/RegenerateSessionAfterLogin.php(25): Illuminate/Pipeline/Pipeline->{closure:{closure:Illuminate/Pipeline/Pipeline::carry():194}:195}(Object(Illuminate/Http/Request))
#33 C:/Users/Mugahed/Desktop/MyMetier/vendor/laravel/framework/src/Illuminate/Pipeline/Pipeline.php(219): App/Http/Middleware/RegenerateSessionAfterLogin->handle(Object(Illuminate/Http/Request), Object(Closure))
#34 C:/Users/Mugahed/Desktop/MyMetier/vendor/laravel/framework/src/Illuminate/Routing/Middleware/SubstituteBindings.php(52): Illuminate/Pipeline/Pipeline->{closure:{closure:Illuminate/Pipeline/Pipeline::carry():194}:195}(Object(Illuminate/Http/Request))
#35 C:/Users/Mugahed/Desktop/MyMetier/vendor/laravel/framework/src/Illuminate/Pipeline/Pipeline.php(219): Illuminate/Routing/Middleware/SubstituteBindings->handle(Object(Illuminate/Http/Request), Object(Closure))
#36 C:/Users/Mugahed/Desktop/MyMetier/vendor/laravel/framework/src/Illuminate/Auth/Middleware/Authenticate.php(63): Illuminate/Pipeline/Pipeline->{closure:{closure:Illuminate/Pipeline/Pipeline::carry():194}:195}(Object(Illuminate/Http/Request))
#37 C:/Users/Mugahed/Desktop/MyMetier/vendor/laravel/framework/src/Illuminate/Pipeline/Pipeline.php(219): Illuminate/Auth/Middleware/Authenticate->handle(Object(Illuminate/Http/Request), Object(Closure))
#38 C:/Users/Mugahed/Desktop/MyMetier/vendor/laravel/framework/src/Illuminate/Foundation/Http/Middleware/PreventRequestForgery.php(104): Illuminate/Pipeline/Pipeline->{closure:{closure:Illuminate/Pipeline/Pipeline::carry():194}:195}(Object(Illuminate/Http/Request))
#39 C:/Users/Mugahed/Desktop/MyMetier/vendor/laravel/framework/src/Illuminate/Pipeline/Pipeline.php(219): Illuminate/Foundation/Http/Middleware/PreventRequestForgery->handle(Object(Illuminate/Http/Request), Object(Closure))
#40 C:/Users/Mugahed/Desktop/MyMetier/vendor/laravel/framework/src/Illuminate/View/Middleware/ShareErrorsFromSession.php(48): Illuminate/Pipeline/Pipeline->{closure:{closure:Illuminate/Pipeline/Pipeline::carry():194}:195}(Object(Illuminate/Http/Request))
#41 C:/Users/Mugahed/Desktop/MyMetier/vendor/laravel/framework/src/Illuminate/Pipeline/Pipeline.php(219): Illuminate/View/Middleware/ShareErrorsFromSession->handle(Object(Illuminate/Http/Request), Object(Closure))
#42 C:/Users/Mugahed/Desktop/MyMetier/vendor/laravel/framework/src/Illuminate/Session/Middleware/StartSession.php(120): Illuminate/Pipeline/Pipeline->{closure:{closure:Illuminate/Pipeline/Pipeline::carry():194}:195}(Object(Illuminate/Http/Request))
#43 C:/Users/Mugahed/Desktop/MyMetier/vendor/laravel/framework/src/Illuminate/Session/Middleware/StartSession.php(63): Illuminate/Session/Middleware/StartSession->handleStatefulRequest(Object(Illuminate/Http/Request), Object(Illuminate/Session/Store), Object(Closure))
#44 C:/Users/Mugahed/Desktop/MyMetier/vendor/laravel/framework/src/Illuminate/Pipeline/Pipeline.php(219): Illuminate/Session/Middleware/StartSession->handle(Object(Illuminate/Http/Request), Object(Closure))
#45 C:/Users/Mugahed/Desktop/MyMetier/vendor/laravel/framework/src/Illuminate/Cookie/Middleware/AddQueuedCookiesToResponse.php(36): Illuminate/Pipeline/Pipeline->{closure:{closure:Illuminate/Pipeline/Pipeline::carry():194}:195}(Object(Illuminate/Http/Request))
#46 C:/Users/Mugahed/Desktop/MyMetier/vendor/laravel/framework/src/Illuminate/Pipeline/Pipeline.php(219): Illuminate/Cookie/Middleware/AddQueuedCookiesToResponse->handle(Object(Illuminate/Http/Request), Object(Closure))
#47 C:/Users/Mugahed/Desktop/MyMetier/vendor/laravel/framework/src/Illuminate/Cookie/Middleware/EncryptCookies.php(74): Illuminate/Pipeline/Pipeline->{closure:{closure:Illuminate/Pipeline/Pipeline::carry():194}:195}(Object(Illuminate/Http/Request))
#48 C:/Users/Mugahed/Desktop/MyMetier/vendor/laravel/framework/src/Illuminate/Pipeline/Pipeline.php(219): Illuminate/Cookie/Middleware/EncryptCookies->handle(Object(Illuminate/Http/Request), Object(Closure))
#49 C:/Users/Mugahed/Desktop/MyMetier/vendor/laravel/framework/src/Illuminate/Pipeline/Pipeline.php(137): Illuminate/Pipeline/Pipeline->{closure:{closure:Illuminate/Pipeline/Pipeline::carry():194}:195}(Object(Illuminate/Http/Request))
#50 C:/Users/Mugahed/Desktop/MyMetier/vendor/laravel/framework/src/Illuminate/Routing/Router.php(821): Illuminate/Pipeline/Pipeline->then(Object(Closure))
#51 C:/Users/Mugahed/Desktop/MyMetier/vendor/laravel/framework/src/Illuminate/Routing/Router.php(800): Illuminate/Routing/Router->runRouteWithinStack(Object(Illuminate/Routing/Route), Object(Illuminate/Http/Request))
#52 C:/Users/Mugahed/Desktop/MyMetier/vendor/laravel/framework/src/Illuminate/Routing/Router.php(764): Illuminate/Routing/Router->runRoute(Object(Illuminate/Http/Request), Object(Illuminate/Routing/Route))
#53 C:/Users/Mugahed/Desktop/MyMetier/vendor/laravel/framework/src/Illuminate/Routing/Router.php(753): Illuminate/Routing/Router->dispatchToRoute(Object(Illuminate/Http/Request))
#54 C:/Users/Mugahed/Desktop/MyMetier/vendor/laravel/framework/src/Illuminate/Foundation/Http/Kernel.php(200): Illuminate/Routing/Router->dispatch(Object(Illuminate/Http/Request))
#55 C:/Users/Mugahed/Desktop/MyMetier/vendor/laravel/framework/src/Illuminate/Pipeline/Pipeline.php(180): Illuminate/Foundation/Http/Kernel->{closure:Illuminate/Foundation/Http/Kernel::dispatchToRouter():197}(Object(Illuminate/Http/Request))
#56 C:/Users/Mugahed/Desktop/MyMetier/vendor/livewire/livewire/src/Features/SupportDisablingBackButtonCache/DisableBackButtonCacheMiddleware.php(19): Illuminate/Pipeline/Pipeline->{closure:Illuminate/Pipeline/Pipeline::prepareDestination():178}(Object(Illuminate/Http/Request))
#57 C:/Users/Mugahed/Desktop/MyMetier/vendor/laravel/framework/src/Illuminate/Pipeline/Pipeline.php(219): Livewire/Features/SupportDisablingBackButtonCache/DisableBackButtonCacheMiddleware->handle(Object(Illuminate/Http/Request), Object(Closure))
#58 C:/Users/Mugahed/Desktop/MyMetier/vendor/laravel/framework/src/Illuminate/Foundation/Http/Middleware/TransformsRequest.php(21): Illuminate/Pipeline/Pipeline->{closure:{closure:Illuminate/Pipeline/Pipeline::carry():194}:195}(Object(Illuminate/Http/Request))
#59 C:/Users/Mugahed/Desktop/MyMetier/vendor/laravel/framework/src/Illuminate/Foundation/Http/Middleware/ConvertEmptyStringsToNull.php(31): Illuminate/Foundation/Http/Middleware/TransformsRequest->handle(Object(Illuminate/Http/Request), Object(Closure))
#60 C:/Users/Mugahed/Desktop/MyMetier/vendor/laravel/framework/src/Illuminate/Pipeline/Pipeline.php(219): Illuminate/Foundation/Http/Middleware/ConvertEmptyStringsToNull->handle(Object(Illuminate/Http/Request), Object(Closure))
#61 C:/Users/Mugahed/Desktop/MyMetier/vendor/laravel/framework/src/Illuminate/Foundation/Http/Middleware/TransformsRequest.php(21): Illuminate/Pipeline/Pipeline->{closure:{closure:Illuminate/Pipeline/Pipeline::carry():194}:195}(Object(Illuminate/Http/Request))
#62 C:/Users/Mugahed/Desktop/MyMetier/vendor/laravel/framework/src/Illuminate/Foundation/Http/Middleware/TrimStrings.php(51): Illuminate/Foundation/Http/Middleware/TransformsRequest->handle(Object(Illuminate/Http/Request), Object(Closure))
#63 C:/Users/Mugahed/Desktop/MyMetier/vendor/laravel/framework/src/Illuminate/Pipeline/Pipeline.php(219): Illuminate/Foundation/Http/Middleware/TrimStrings->handle(Object(Illuminate/Http/Request), Object(Closure))
#64 C:/Users/Mugahed/Desktop/MyMetier/vendor/laravel/framework/src/Illuminate/Http/Middleware/ValidatePostSize.php(27): Illuminate/Pipeline/Pipeline->{closure:{closure:Illuminate/Pipeline/Pipeline::carry():194}:195}(Object(Illuminate/Http/Request))
#65 C:/Users/Mugahed/Desktop/MyMetier/vendor/laravel/framework/src/Illuminate/Pipeline/Pipeline.php(219): Illuminate/Http/Middleware/ValidatePostSize->handle(Object(Illuminate/Http/Request), Object(Closure))
#66 C:/Users/Mugahed/Desktop/MyMetier/vendor/laravel/framework/src/Illuminate/Foundation/Http/Middleware/PreventRequestsDuringMaintenance.php(109): Illuminate/Pipeline/Pipeline->{closure:{closure:Illuminate/Pipeline/Pipeline::carry():194}:195}(Object(Illuminate/Http/Request))
#67 C:/Users/Mugahed/Desktop/MyMetier/vendor/laravel/framework/src/Illuminate/Pipeline/Pipeline.php(219): Illuminate/Foundation/Http/Middleware/PreventRequestsDuringMaintenance->handle(Object(Illuminate/Http/Request), Object(Closure))
#68 C:/Users/Mugahed/Desktop/MyMetier/vendor/laravel/framework/src/Illuminate/Http/Middleware/HandleCors.php(61): Illuminate/Pipeline/Pipeline->{closure:{closure:Illuminate/Pipeline/Pipeline::carry():194}:195}(Object(Illuminate/Http/Request))
#69 C:/Users/Mugahed/Desktop/MyMetier/vendor/laravel/framework/src/Illuminate/Pipeline/Pipeline.php(219): Illuminate/Http/Middleware/HandleCors->handle(Object(Illuminate/Http/Request), Object(Closure))
#70 C:/Users/Mugahed/Desktop/MyMetier/vendor/laravel/framework/src/Illuminate/Http/Middleware/TrustProxies.php(58): Illuminate/Pipeline/Pipeline->{closure:{closure:Illuminate/Pipeline/Pipeline::carry():194}:195}(Object(Illuminate/Http/Request))
#71 C:/Users/Mugahed/Desktop/MyMetier/vendor/laravel/framework/src/Illuminate/Pipeline/Pipeline.php(219): Illuminate/Http/Middleware/TrustProxies->handle(Object(Illuminate/Http/Request), Object(Closure))
#72 C:/Users/Mugahed/Desktop/MyMetier/vendor/laravel/framework/src/Illuminate/Foundation/Http/Middleware/InvokeDeferredCallbacks.php(22): Illuminate/Pipeline/Pipeline->{closure:{closure:Illuminate/Pipeline/Pipeline::carry():194}:195}(Object(Illuminate/Http/Request))
#73 C:/Users/Mugahed/Desktop/MyMetier/vendor/laravel/framework/src/Illuminate/Pipeline/Pipeline.php(219): Illuminate/Foundation/Http/Middleware/InvokeDeferredCallbacks->handle(Object(Illuminate/Http/Request), Object(Closure))
#74 C:/Users/Mugahed/Desktop/MyMetier/vendor/laravel/framework/src/Illuminate/Http/Middleware/ValidatePathEncoding.php(28): Illuminate/Pipeline/Pipeline->{closure:{closure:Illuminate/Pipeline/Pipeline::carry():194}:195}(Object(Illuminate/Http/Request))
#75 C:/Users/Mugahed/Desktop/MyMetier/vendor/laravel/framework/src/Illuminate/Pipeline/Pipeline.php(219): Illuminate/Http/Middleware/ValidatePathEncoding->handle(Object(Illuminate/Http/Request), Object(Closure))
#76 C:/Users/Mugahed/Desktop/MyMetier/vendor/laravel/framework/src/Illuminate/Pipeline/Pipeline.php(137): Illuminate/Pipeline/Pipeline->{closure:{closure:Illuminate/Pipeline/Pipeline::carry():194}:195}(Object(Illuminate/Http/Request))
#77 C:/Users/Mugahed/Desktop/MyMetier/vendor/laravel/framework/src/Illuminate/Foundation/Http/Kernel.php(175): Illuminate/Pipeline/Pipeline->then(Object(Closure))
#78 C:/Users/Mugahed/Desktop/MyMetier/vendor/laravel/framework/src/Illuminate/Foundation/Http/Kernel.php(144): Illuminate/Foundation/Http/Kernel->sendRequestThroughRouter(Object(Illuminate/Http/Request))
#79 C:/Users/Mugahed/Desktop/MyMetier/vendor/laravel/framework/src/Illuminate/Foundation/Application.php(1220): Illuminate/Foundation/Http/Kernel->handle(Object(Illuminate/Http/Request))
#80 C:/Users/Mugahed/Desktop/MyMetier/public/index.php(20): Illuminate/Foundation/Application->handleRequest(Object(Illuminate/Http/Request))
#81 C:/Program Files/Herd/resources/app.asar.unpacked/resources/valet/server.php(139): require('C://Users//Mugahe...')
#82 {main}

[previous exception] [object] (Illuminate\\View\\ViewException(code: 0): Vite manifest not found at: C:\\Users\\Mugahed\\Desktop\\MyMetier\\public\\build/manifest.json (View: C:\\Users\\Mugahed\\Desktop\\MyMetier\\resources\\views\\partials\\head.blade.php) (View: C:\\Users\\Mugahed\\Desktop\\MyMetier\\resources\\views\\partials\\head.blade.php) at C:/Users/Mugahed/Desktop/MyMetier/vendor/laravel/framework/src/Illuminate/Foundation/Vite.php:946)
[stacktrace]
#0 C:/Users/Mugahed/Desktop/MyMetier/vendor/livewire/livewire/src/Mechanisms/ExtendBlade/ExtendedCompilerEngine.php(58): Illuminate/View/Engines/CompilerEngine->handleViewException(Object(Illuminate/View/ViewException), 3)
#1 C:/Users/Mugahed/Desktop/MyMetier/vendor/laravel/framework/src/Illuminate/View/Engines/PhpEngine.php(59): Livewire/Mechanisms/ExtendBlade/ExtendedCompilerEngine->handleViewException(Object(Illuminate/View/ViewException), 3)
#2 C:/Users/Mugahed/Desktop/MyMetier/vendor/livewire/livewire/src/Mechanisms/ExtendBlade/ExtendedCompilerEngine.php(22): Illuminate/View/Engines/PhpEngine->evaluatePath('C://Users//Mugahe...', Array)
#3 C:/Users/Mugahed/Desktop/MyMetier/vendor/laravel/framework/src/Illuminate/View/Engines/CompilerEngine.php(76): Livewire/Mechanisms/ExtendBlade/ExtendedCompilerEngine->evaluatePath('C://Users//Mugahe...', Array)
#4 C:/Users/Mugahed/Desktop/MyMetier/vendor/livewire/livewire/src/Mechanisms/ExtendBlade/ExtendedCompilerEngine.php(10): Illuminate/View/Engines/CompilerEngine->get('C://Users//Mugahe...', Array)
#5 C:/Users/Mugahed/Desktop/MyMetier/vendor/laravel/framework/src/Illuminate/View/View.php(208): Livewire/Mechanisms/ExtendBlade/ExtendedCompilerEngine->get('C://Users//Mugahe...', Array)
#6 C:/Users/Mugahed/Desktop/MyMetier/vendor/laravel/framework/src/Illuminate/View/View.php(191): Illuminate/View/View->getContents()
#7 C:/Users/Mugahed/Desktop/MyMetier/vendor/laravel/framework/src/Illuminate/View/View.php(160): Illuminate/View/View->renderContents()
#8 C:/Users/Mugahed/Desktop/MyMetier/vendor/laravel/framework/src/Illuminate/View/Concerns/ManagesComponents.php(103): Illuminate/View/View->render()
#9 C:/Users/Mugahed/Desktop/MyMetier/storage/framework/views/3327b84ba3f7c80652f8d459a39283af.php(37): Illuminate/View/Factory->renderComponent()
#10 C:/Users/Mugahed/Desktop/MyMetier/vendor/laravel/framework/src/Illuminate/Filesystem/Filesystem.php(123): require('C://Users//Mugahe...')
#11 C:/Users/Mugahed/Desktop/MyMetier/vendor/laravel/framework/src/Illuminate/Filesystem/Filesystem.php(124): Illuminate/Filesystem/Filesystem::{closure:Illuminate/Filesystem/Filesystem::getRequire():120}()
#12 C:/Users/Mugahed/Desktop/MyMetier/vendor/laravel/framework/src/Illuminate/View/Engines/PhpEngine.php(57): Illuminate/Filesystem/Filesystem->getRequire('C://Users//Mugahe...', Array)
#13 C:/Users/Mugahed/Desktop/MyMetier/vendor/livewire/livewire/src/Mechanisms/ExtendBlade/ExtendedCompilerEngine.php(22): Illuminate/View/Engines/PhpEngine->evaluatePath('C://Users//Mugahe...', Array)
#14 C:/Users/Mugahed/Desktop/MyMetier/vendor/laravel/framework/src/Illuminate/View/Engines/CompilerEngine.php(76): Livewire/Mechanisms/ExtendBlade/ExtendedCompilerEngine->evaluatePath('C://Users//Mugahe...', Array)
#15 C:/Users/Mugahed/Desktop/MyMetier/vendor/livewire/livewire/src/Mechanisms/ExtendBlade/ExtendedCompilerEngine.php(10): Illuminate/View/Engines/CompilerEngine->get('C://Users//Mugahe...', Array)
#16 C:/Users/Mugahed/Desktop/MyMetier/vendor/laravel/framework/src/Illuminate/View/View.php(208): Livewire/Mechanisms/ExtendBlade/ExtendedCompilerEngine->get('C://Users//Mugahe...', Array)
#17 C:/Users/Mugahed/Desktop/MyMetier/vendor/laravel/framework/src/Illuminate/View/View.php(191): Illuminate/View/View->getContents()
#18 C:/Users/Mugahed/Desktop/MyMetier/vendor/laravel/framework/src/Illuminate/View/View.php(160): Illuminate/View/View->renderContents()
#19 C:/Users/Mugahed/Desktop/MyMetier/vendor/laravel/framework/src/Illuminate/View/Concerns/ManagesComponents.php(103): Illuminate/View/View->render()
#20 C:/Users/Mugahed/Desktop/MyMetier/storage/framework/views/ff04fcdb3c928c7d4b903b5450a05f1e.php(17): Illuminate/View/Factory->renderComponent()
#21 C:/Users/Mugahed/Desktop/MyMetier/vendor/laravel/framework/src/Illuminate/Filesystem/Filesystem.php(123): require('C://Users//Mugahe...')
#22 C:/Users/Mugahed/Desktop/MyMetier/vendor/laravel/framework/src/Illuminate/Filesystem/Filesystem.php(124): Illuminate/Filesystem/Filesystem::{closure:Illuminate/Filesystem/Filesystem::getRequire():120}()
#23 C:/Users/Mugahed/Desktop/MyMetier/vendor/laravel/framework/src/Illuminate/View/Engines/PhpEngine.php(57): Illuminate/Filesystem/Filesystem->getRequire('C://Users//Mugahe...', Array)
#24 C:/Users/Mugahed/Desktop/MyMetier/vendor/livewire/livewire/src/Mechanisms/ExtendBlade/ExtendedCompilerEngine.php(22): Illuminate/View/Engines/PhpEngine->evaluatePath('C://Users//Mugahe...', Array)
#25 C:/Users/Mugahed/Desktop/MyMetier/vendor/laravel/framework/src/Illuminate/View/Engines/CompilerEngine.php(76): Livewire/Mechanisms/ExtendBlade/ExtendedCompilerEngine->evaluatePath('C://Users//Mugahe...', Array)
#26 C:/Users/Mugahed/Desktop/MyMetier/vendor/livewire/livewire/src/Mechanisms/ExtendBlade/ExtendedCompilerEngine.php(10): Illuminate/View/Engines/CompilerEngine->get('C://Users//Mugahe...', Array)
#27 C:/Users/Mugahed/Desktop/MyMetier/vendor/laravel/framework/src/Illuminate/View/View.php(208): Livewire/Mechanisms/ExtendBlade/ExtendedCompilerEngine->get('C://Users//Mugahe...', Array)
#28 C:/Users/Mugahed/Desktop/MyMetier/vendor/laravel/framework/src/Illuminate/View/View.php(191): Illuminate/View/View->getContents()
#29 C:/Users/Mugahed/Desktop/MyMetier/vendor/laravel/framework/src/Illuminate/View/View.php(160): Illuminate/View/View->renderContents()
#30 C:/Users/Mugahed/Desktop/MyMetier/vendor/laravel/framework/src/Illuminate/View/Compilers/BladeCompiler.php(353): Illuminate/View/View->render()
#31 C:/Users/Mugahed/Desktop/MyMetier/vendor/laravel/framework/src/Illuminate/Support/Facades/Facade.php(363): Illuminate/View/Compilers/BladeCompiler::render('    <?php $layo...', Array)
#32 C:/Users/Mugahed/Desktop/MyMetier/vendor/livewire/livewire/src/Features/SupportPageComponents/SupportPageComponents.php(154): Illuminate/Support/Facades/Facade::__callStatic('render', Array)
#33 C:/Users/Mugahed/Desktop/MyMetier/vendor/livewire/livewire/src/Features/SupportPageComponents/HandlesPageComponents.php(26): Livewire/Features/SupportPageComponents/SupportPageComponents::renderContentsIntoLayout('<div wire:snaps...', Object(Livewire/Features/SupportPageComponents/PageComponentConfig))
#34 C:/Users/Mugahed/Desktop/MyMetier/vendor/laravel/framework/src/Illuminate/Routing/ControllerDispatcher.php(46): Livewire/Component->__invoke()
#35 C:/Users/Mugahed/Desktop/MyMetier/vendor/laravel/framework/src/Illuminate/Routing/Route.php(269): Illuminate/Routing/ControllerDispatcher->dispatch(Object(Illuminate/Routing/Route), Object(App/Livewire/CreateRequestPage), '__invoke')
#36 C:/Users/Mugahed/Desktop/MyMetier/vendor/laravel/framework/src/Illuminate/Routing/Route.php(215): Illuminate/Routing/Route->runController()
#37 C:/Users/Mugahed/Desktop/MyMetier/vendor/laravel/framework/src/Illuminate/Routing/Router.php(822): Illuminate/Routing/Route->run()
#38 C:/Users/Mugahed/Desktop/MyMetier/vendor/laravel/framework/src/Illuminate/Pipeline/Pipeline.php(180): Illuminate/Routing/Router->{closure:Illuminate/Routing/Router::runRouteWithinStack():821}(Object(Illuminate/Http/Request))
#39 C:/Users/Mugahed/Desktop/MyMetier/vendor/laravel/framework/src/Illuminate/Auth/Middleware/EnsureEmailIsVerified.php(41): Illuminate/Pipeline/Pipeline->{closure:Illuminate/Pipeline/Pipeline::prepareDestination():178}(Object(Illuminate/Http/Request))
#40 C:/Users/Mugahed/Desktop/MyMetier/vendor/laravel/framework/src/Illuminate/Pipeline/Pipeline.php(219): Illuminate/Auth/Middleware/EnsureEmailIsVerified->handle(Object(Illuminate/Http/Request), Object(Closure))
#41 C:/Users/Mugahed/Desktop/MyMetier/app/Http/Middleware/LogResponseTime.php(20): Illuminate/Pipeline/Pipeline->{closure:{closure:Illuminate/Pipeline/Pipeline::carry():194}:195}(Object(Illuminate/Http/Request))
#42 C:/Users/Mugahed/Desktop/MyMetier/vendor/laravel/framework/src/Illuminate/Pipeline/Pipeline.php(219): App/Http/Middleware/LogResponseTime->handle(Object(Illuminate/Http/Request), Object(Closure))
#43 C:/Users/Mugahed/Desktop/MyMetier/app/Http/Middleware/RegenerateSessionAfterLogin.php(25): Illuminate/Pipeline/Pipeline->{closure:{closure:Illuminate/Pipeline/Pipeline::carry():194}:195}(Object(Illuminate/Http/Request))
#44 C:/Users/Mugahed/Desktop/MyMetier/vendor/laravel/framework/src/Illuminate/Pipeline/Pipeline.php(219): App/Http/Middleware/RegenerateSessionAfterLogin->handle(Object(Illuminate/Http/Request), Object(Closure))
#45 C:/Users/Mugahed/Desktop/MyMetier/vendor/laravel/framework/src/Illuminate/Routing/Middleware/SubstituteBindings.php(52): Illuminate/Pipeline/Pipeline->{closure:{closure:Illuminate/Pipeline/Pipeline::carry():194}:195}(Object(Illuminate/Http/Request))
#46 C:/Users/Mugahed/Desktop/MyMetier/vendor/laravel/framework/src/Illuminate/Pipeline/Pipeline.php(219): Illuminate/Routing/Middleware/SubstituteBindings->handle(Object(Illuminate/Http/Request), Object(Closure))
#47 C:/Users/Mugahed/Desktop/MyMetier/vendor/laravel/framework/src/Illuminate/Auth/Middleware/Authenticate.php(63): Illuminate/Pipeline/Pipeline->{closure:{closure:Illuminate/Pipeline/Pipeline::carry():194}:195}(Object(Illuminate/Http/Request))
#48 C:/Users/Mugahed/Desktop/MyMetier/vendor/laravel/framework/src/Illuminate/Pipeline/Pipeline.php(219): Illuminate/Auth/Middleware/Authenticate->handle(Object(Illuminate/Http/Request), Object(Closure))
#49 C:/Users/Mugahed/Desktop/MyMetier/vendor/laravel/framework/src/Illuminate/Foundation/Http/Middleware/PreventRequestForgery.php(104): Illuminate/Pipeline/Pipeline->{closure:{closure:Illuminate/Pipeline/Pipeline::carry():194}:195}(Object(Illuminate/Http/Request))
#50 C:/Users/Mugahed/Desktop/MyMetier/vendor/laravel/framework/src/Illuminate/Pipeline/Pipeline.php(219): Illuminate/Foundation/Http/Middleware/PreventRequestForgery->handle(Object(Illuminate/Http/Request), Object(Closure))
#51 C:/Users/Mugahed/Desktop/MyMetier/vendor/laravel/framework/src/Illuminate/View/Middleware/ShareErrorsFromSession.php(48): Illuminate/Pipeline/Pipeline->{closure:{closure:Illuminate/Pipeline/Pipeline::carry():194}:195}(Object(Illuminate/Http/Request))
#52 C:/Users/Mugahed/Desktop/MyMetier/vendor/laravel/framework/src/Illuminate/Pipeline/Pipeline.php(219): Illuminate/View/Middleware/ShareErrorsFromSession->handle(Object(Illuminate/Http/Request), Object(Closure))
#53 C:/Users/Mugahed/Desktop/MyMetier/vendor/laravel/framework/src/Illuminate/Session/Middleware/StartSession.php(120): Illuminate/Pipeline/Pipeline->{closure:{closure:Illuminate/Pipeline/Pipeline::carry():194}:195}(Object(Illuminate/Http/Request))
#54 C:/Users/Mugahed/Desktop/MyMetier/vendor/laravel/framework/src/Illuminate/Session/Middleware/StartSession.php(63): Illuminate/Session/Middleware/StartSession->handleStatefulRequest(Object(Illuminate/Http/Request), Object(Illuminate/Session/Store), Object(Closure))
#55 C:/Users/Mugahed/Desktop/MyMetier/vendor/laravel/framework/src/Illuminate/Pipeline/Pipeline.php(219): Illuminate/Session/Middleware/StartSession->handle(Object(Illuminate/Http/Request), Object(Closure))
#56 C:/Users/Mugahed/Desktop/MyMetier/vendor/laravel/framework/src/Illuminate/Cookie/Middleware/AddQueuedCookiesToResponse.php(36): Illuminate/Pipeline/Pipeline->{closure:{closure:Illuminate/Pipeline/Pipeline::carry():194}:195}(Object(Illuminate/Http/Request))
#57 C:/Users/Mugahed/Desktop/MyMetier/vendor/laravel/framework/src/Illuminate/Pipeline/Pipeline.php(219): Illuminate/Cookie/Middleware/AddQueuedCookiesToResponse->handle(Object(Illuminate/Http/Request), Object(Closure))
#58 C:/Users/Mugahed/Desktop/MyMetier/vendor/laravel/framework/src/Illuminate/Cookie/Middleware/EncryptCookies.php(74): Illuminate/Pipeline/Pipeline->{closure:{closure:Illuminate/Pipeline/Pipeline::carry():194}:195}(Object(Illuminate/Http/Request))
#59 C:/Users/Mugahed/Desktop/MyMetier/vendor/laravel/framework/src/Illuminate/Pipeline/Pipeline.php(219): Illuminate/Cookie/Middleware/EncryptCookies->handle(Object(Illuminate/Http/Request), Object(Closure))
#60 C:/Users/Mugahed/Desktop/MyMetier/vendor/laravel/framework/src/Illuminate/Pipeline/Pipeline.php(137): Illuminate/Pipeline/Pipeline->{closure:{closure:Illuminate/Pipeline/Pipeline::carry():194}:195}(Object(Illuminate/Http/Request))
#61 C:/Users/Mugahed/Desktop/MyMetier/vendor/laravel/framework/src/Illuminate/Routing/Router.php(821): Illuminate/Pipeline/Pipeline->then(Object(Closure))
#62 C:/Users/Mugahed/Desktop/MyMetier/vendor/laravel/framework/src/Illuminate/Routing/Router.php(800): Illuminate/Routing/Router->runRouteWithinStack(Object(Illuminate/Routing/Route), Object(Illuminate/Http/Request))
#63 C:/Users/Mugahed/Desktop/MyMetier/vendor/laravel/framework/src/Illuminate/Routing/Router.php(764): Illuminate/Routing/Router->runRoute(Object(Illuminate/Http/Request), Object(Illuminate/Routing/Route))
#64 C:/Users/Mugahed/Desktop/MyMetier/vendor/laravel/framework/src/Illuminate/Routing/Router.php(753): Illuminate/Routing/Router->dispatchToRoute(Object(Illuminate/Http/Request))
#65 C:/Users/Mugahed/Desktop/MyMetier/vendor/laravel/framework/src/Illuminate/Foundation/Http/Kernel.php(200): Illuminate/Routing/Router->dispatch(Object(Illuminate/Http/Request))
#66 C:/Users/Mugahed/Desktop/MyMetier/vendor/laravel/framework/src/Illuminate/Pipeline/Pipeline.php(180): Illuminate/Foundation/Http/Kernel->{closure:Illuminate/Foundation/Http/Kernel::dispatchToRouter():197}(Object(Illuminate/Http/Request))
#67 C:/Users/Mugahed/Desktop/MyMetier/vendor/livewire/livewire/src/Features/SupportDisablingBackButtonCache/DisableBackButtonCacheMiddleware.php(19): Illuminate/Pipeline/Pipeline->{closure:Illuminate/Pipeline/Pipeline::prepareDestination():178}(Object(Illuminate/Http/Request))
#68 C:/Users/Mugahed/Desktop/MyMetier/vendor/laravel/framework/src/Illuminate/Pipeline/Pipeline.php(219): Livewire/Features/SupportDisablingBackButtonCache/DisableBackButtonCacheMiddleware->handle(Object(Illuminate/Http/Request), Object(Closure))
#69 C:/Users/Mugahed/Desktop/MyMetier/vendor/laravel/framework/src/Illuminate/Foundation/Http/Middleware/TransformsRequest.php(21): Illuminate/Pipeline/Pipeline->{closure:{closure:Illuminate/Pipeline/Pipeline::carry():194}:195}(Object(Illuminate/Http/Request))
#70 C:/Users/Mugahed/Desktop/MyMetier/vendor/laravel/framework/src/Illuminate/Foundation/Http/Middleware/ConvertEmptyStringsToNull.php(31): Illuminate/Foundation/Http/Middleware/TransformsRequest->handle(Object(Illuminate/Http/Request), Object(Closure))
#71 C:/Users/Mugahed/Desktop/MyMetier/vendor/laravel/framework/src/Illuminate/Pipeline/Pipeline.php(219): Illuminate/Foundation/Http/Middleware/ConvertEmptyStringsToNull->handle(Object(Illuminate/Http/Request), Object(Closure))
#72 C:/Users/Mugahed/Desktop/MyMetier/vendor/laravel/framework/src/Illuminate/Foundation/Http/Middleware/TransformsRequest.php(21): Illuminate/Pipeline/Pipeline->{closure:{closure:Illuminate/Pipeline/Pipeline::carry():194}:195}(Object(Illuminate/Http/Request))
#73 C:/Users/Mugahed/Desktop/MyMetier/vendor/laravel/framework/src/Illuminate/Foundation/Http/Middleware/TrimStrings.php(51): Illuminate/Foundation/Http/Middleware/TransformsRequest->handle(Object(Illuminate/Http/Request), Object(Closure))
#74 C:/Users/Mugahed/Desktop/MyMetier/vendor/laravel/framework/src/Illuminate/Pipeline/Pipeline.php(219): Illuminate/Foundation/Http/Middleware/TrimStrings->handle(Object(Illuminate/Http/Request), Object(Closure))
#75 C:/Users/Mugahed/Desktop/MyMetier/vendor/laravel/framework/src/Illuminate/Http/Middleware/ValidatePostSize.php(27): Illuminate/Pipeline/Pipeline->{closure:{closure:Illuminate/Pipeline/Pipeline::carry():194}:195}(Object(Illuminate/Http/Request))
#76 C:/Users/Mugahed/Desktop/MyMetier/vendor/laravel/framework/src/Illuminate/Pipeline/Pipeline.php(219): Illuminate/Http/Middleware/ValidatePostSize->handle(Object(Illuminate/Http/Request), Object(Closure))
#77 C:/Users/Mugahed/Desktop/MyMetier/vendor/laravel/framework/src/Illuminate/Foundation/Http/Middleware/PreventRequestsDuringMaintenance.php(109): Illuminate/Pipeline/Pipeline->{closure:{closure:Illuminate/Pipeline/Pipeline::carry():194}:195}(Object(Illuminate/Http/Request))
#78 C:/Users/Mugahed/Desktop/MyMetier/vendor/laravel/framework/src/Illuminate/Pipeline/Pipeline.php(219): Illuminate/Foundation/Http/Middleware/PreventRequestsDuringMaintenance->handle(Object(Illuminate/Http/Request), Object(Closure))
#79 C:/Users/Mugahed/Desktop/MyMetier/vendor/laravel/framework/src/Illuminate/Http/Middleware/HandleCors.php(61): Illuminate/Pipeline/Pipeline->{closure:{closure:Illuminate/Pipeline/Pipeline::carry():194}:195}(Object(Illuminate/Http/Request))
#80 C:/Users/Mugahed/Desktop/MyMetier/vendor/laravel/framework/src/Illuminate/Pipeline/Pipeline.php(219): Illuminate/Http/Middleware/HandleCors->handle(Object(Illuminate/Http/Request), Object(Closure))
#81 C:/Users/Mugahed/Desktop/MyMetier/vendor/laravel/framework/src/Illuminate/Http/Middleware/TrustProxies.php(58): Illuminate/Pipeline/Pipeline->{closure:{closure:Illuminate/Pipeline/Pipeline::carry():194}:195}(Object(Illuminate/Http/Request))
#82 C:/Users/Mugahed/Desktop/MyMetier/vendor/laravel/framework/src/Illuminate/Pipeline/Pipeline.php(219): Illuminate/Http/Middleware/TrustProxies->handle(Object(Illuminate/Http/Request), Object(Closure))
#83 C:/Users/Mugahed/Desktop/MyMetier/vendor/laravel/framework/src/Illuminate/Foundation/Http/Middleware/InvokeDeferredCallbacks.php(22): Illuminate/Pipeline/Pipeline->{closure:{closure:Illuminate/Pipeline/Pipeline::carry():194}:195}(Object(Illuminate/Http/Request))
#84 C:/Users/Mugahed/Desktop/MyMetier/vendor/laravel/framework/src/Illuminate/Pipeline/Pipeline.php(219): Illuminate/Foundation/Http/Middleware/InvokeDeferredCallbacks->handle(Object(Illuminate/Http/Request), Object(Closure))
#85 C:/Users/Mugahed/Desktop/MyMetier/vendor/laravel/framework/src/Illuminate/Http/Middleware/ValidatePathEncoding.php(28): Illuminate/Pipeline/Pipeline->{closure:{closure:Illuminate/Pipeline/Pipeline::carry():194}:195}(Object(Illuminate/Http/Request))
#86 C:/Users/Mugahed/Desktop/MyMetier/vendor/laravel/framework/src/Illuminate/Pipeline/Pipeline.php(219): Illuminate/Http/Middleware/ValidatePathEncoding->handle(Object(Illuminate/Http/Request), Object(Closure))
#87 C:/Users/Mugahed/Desktop/MyMetier/vendor/laravel/framework/src/Illuminate/Pipeline/Pipeline.php(137): Illuminate/Pipeline/Pipeline->{closure:{closure:Illuminate/Pipeline/Pipeline::carry():194}:195}(Object(Illuminate/Http/Request))
#88 C:/Users/Mugahed/Desktop/MyMetier/vendor/laravel/framework/src/Illuminate/Foundation/Http/Kernel.php(175): Illuminate/Pipeline/Pipeline->then(Object(Closure))
#89 C:/Users/Mugahed/Desktop/MyMetier/vendor/laravel/framework/src/Illuminate/Foundation/Http/Kernel.php(144): Illuminate/Foundation/Http/Kernel->sendRequestThroughRouter(Object(Illuminate/Http/Request))
#90 C:/Users/Mugahed/Desktop/MyMetier/vendor/laravel/framework/src/Illuminate/Foundation/Application.php(1220): Illuminate/Foundation/Http/Kernel->handle(Object(Illuminate/Http/Request))
#91 C:/Users/Mugahed/Desktop/MyMetier/public/index.php(20): Illuminate/Foundation/Application->handleRequest(Object(Illuminate/Http/Request))
#92 C:/Program Files/Herd/resources/app.asar.unpacked/resources/valet/server.php(139): require('C://Users//Mugahe...')
#93 {main}

[previous exception] [object] (Illuminate\\View\\ViewException(code: 0): Vite manifest not found at: C:\\Users\\Mugahed\\Desktop\\MyMetier\\public\\build/manifest.json (View: C:\\Users\\Mugahed\\Desktop\\MyMetier\\resources\\views\\partials\\head.blade.php) at C:/Users/Mugahed/Desktop/MyMetier/vendor/laravel/framework/src/Illuminate/Foundation/Vite.php:946)
[stacktrace]
#0 C:/Users/Mugahed/Desktop/MyMetier/vendor/livewire/livewire/src/Mechanisms/ExtendBlade/ExtendedCompilerEngine.php(58): Illuminate/View/Engines/CompilerEngine->handleViewException(Object(Illuminate/Foundation/ViteManifestNotFoundException), 4)
#1 C:/Users/Mugahed/Desktop/MyMetier/vendor/laravel/framework/src/Illuminate/View/Engines/PhpEngine.php(59): Livewire/Mechanisms/ExtendBlade/ExtendedCompilerEngine->handleViewException(Object(Illuminate/Foundation/ViteManifestNotFoundException), 4)
#2 C:/Users/Mugahed/Desktop/MyMetier/vendor/livewire/livewire/src/Mechanisms/ExtendBlade/ExtendedCompilerEngine.php(22): Illuminate/View/Engines/PhpEngine->evaluatePath('C://Users//Mugahe...', Array)
#3 C:/Users/Mugahed/Desktop/MyMetier/vendor/laravel/framework/src/Illuminate/View/Engines/CompilerEngine.php(76): Livewire/Mechanisms/ExtendBlade/ExtendedCompilerEngine->evaluatePath('C://Users//Mugahe...', Array)
#4 C:/Users/Mugahed/Desktop/MyMetier/vendor/livewire/livewire/src/Mechanisms/ExtendBlade/ExtendedCompilerEngine.php(10): Illuminate/View/Engines/CompilerEngine->get('C://Users//Mugahe...', Array)
#5 C:/Users/Mugahed/Desktop/MyMetier/vendor/laravel/framework/src/Illuminate/View/View.php(208): Livewire/Mechanisms/ExtendBlade/ExtendedCompilerEngine->get('C://Users//Mugahe...', Array)
#6 C:/Users/Mugahed/Desktop/MyMetier/vendor/laravel/framework/src/Illuminate/View/View.php(191): Illuminate/View/View->getContents()
#7 C:/Users/Mugahed/Desktop/MyMetier/vendor/laravel/framework/src/Illuminate/View/View.php(160): Illuminate/View/View->renderContents()
#8 C:/Users/Mugahed/Desktop/MyMetier/storage/framework/views/af295cd8e3d2599cb28a1e04a64a20ab.php(4): Illuminate/View/View->render()
#9 C:/Users/Mugahed/Desktop/MyMetier/vendor/laravel/framework/src/Illuminate/Filesystem/Filesystem.php(123): require('C://Users//Mugahe...')
#10 C:/Users/Mugahed/Desktop/MyMetier/vendor/laravel/framework/src/Illuminate/Filesystem/Filesystem.php(124): Illuminate/Filesystem/Filesystem::{closure:Illuminate/Filesystem/Filesystem::getRequire():120}()
#11 C:/Users/Mugahed/Desktop/MyMetier/vendor/laravel/framework/src/Illuminate/View/Engines/PhpEngine.php(57): Illuminate/Filesystem/Filesystem->getRequire('C://Users//Mugahe...', Array)
#12 C:/Users/Mugahed/Desktop/MyMetier/vendor/livewire/livewire/src/Mechanisms/ExtendBlade/ExtendedCompilerEngine.php(22): Illuminate/View/Engines/PhpEngine->evaluatePath('C://Users//Mugahe...', Array)
#13 C:/Users/Mugahed/Desktop/MyMetier/vendor/laravel/framework/src/Illuminate/View/Engines/CompilerEngine.php(76): Livewire/Mechanisms/ExtendBlade/ExtendedCompilerEngine->evaluatePath('C://Users//Mugahe...', Array)
#14 C:/Users/Mugahed/Desktop/MyMetier/vendor/livewire/livewire/src/Mechanisms/ExtendBlade/ExtendedCompilerEngine.php(10): Illuminate/View/Engines/CompilerEngine->get('C://Users//Mugahe...', Array)
#15 C:/Users/Mugahed/Desktop/MyMetier/vendor/laravel/framework/src/Illuminate/View/View.php(208): Livewire/Mechanisms/ExtendBlade/ExtendedCompilerEngine->get('C://Users//Mugahe...', Array)
#16 C:/Users/Mugahed/Desktop/MyMetier/vendor/laravel/framework/src/Illuminate/View/View.php(191): Illuminate/View/View->getContents()
#17 C:/Users/Mugahed/Desktop/MyMetier/vendor/laravel/framework/src/Illuminate/View/View.php(160): Illuminate/View/View->renderContents()
#18 C:/Users/Mugahed/Desktop/MyMetier/vendor/laravel/framework/src/Illuminate/View/Concerns/ManagesComponents.php(103): Illuminate/View/View->render()
#19 C:/Users/Mugahed/Desktop/MyMetier/storage/framework/views/3327b84ba3f7c80652f8d459a39283af.php(37): Illuminate/View/Factory->renderComponent()
#20 C:/Users/Mugahed/Desktop/MyMetier/vendor/laravel/framework/src/Illuminate/Filesystem/Filesystem.php(123): require('C://Users//Mugahe...')
#21 C:/Users/Mugahed/Desktop/MyMetier/vendor/laravel/framework/src/Illuminate/Filesystem/Filesystem.php(124): Illuminate/Filesystem/Filesystem::{closure:Illuminate/Filesystem/Filesystem::getRequire():120}()
#22 C:/Users/Mugahed/Desktop/MyMetier/vendor/laravel/framework/src/Illuminate/View/Engines/PhpEngine.php(57): Illuminate/Filesystem/Filesystem->getRequire('C://Users//Mugahe...', Array)
#23 C:/Users/Mugahed/Desktop/MyMetier/vendor/livewire/livewire/src/Mechanisms/ExtendBlade/ExtendedCompilerEngine.php(22): Illuminate/View/Engines/PhpEngine->evaluatePath('C://Users//Mugahe...', Array)
#24 C:/Users/Mugahed/Desktop/MyMetier/vendor/laravel/framework/src/Illuminate/View/Engines/CompilerEngine.php(76): Livewire/Mechanisms/ExtendBlade/ExtendedCompilerEngine->evaluatePath('C://Users//Mugahe...', Array)
#25 C:/Users/Mugahed/Desktop/MyMetier/vendor/livewire/livewire/src/Mechanisms/ExtendBlade/ExtendedCompilerEngine.php(10): Illuminate/View/Engines/CompilerEngine->get('C://Users//Mugahe...', Array)
#26 C:/Users/Mugahed/Desktop/MyMetier/vendor/laravel/framework/src/Illuminate/View/View.php(208): Livewire/Mechanisms/ExtendBlade/ExtendedCompilerEngine->get('C://Users//Mugahe...', Array)
#27 C:/Users/Mugahed/Desktop/MyMetier/vendor/laravel/framework/src/Illuminate/View/View.php(191): Illuminate/View/View->getContents()
#28 C:/Users/Mugahed/Desktop/MyMetier/vendor/laravel/framework/src/Illuminate/View/View.php(160): Illuminate/View/View->renderContents()
#29 C:/Users/Mugahed/Desktop/MyMetier/vendor/laravel/framework/src/Illuminate/View/Concerns/ManagesComponents.php(103): Illuminate/View/View->render()
#30 C:/Users/Mugahed/Desktop/MyMetier/storage/framework/views/ff04fcdb3c928c7d4b903b5450a05f1e.php(17): Illuminate/View/Factory->renderComponent()
#31 C:/Users/Mugahed/Desktop/MyMetier/vendor/laravel/framework/src/Illuminate/Filesystem/Filesystem.php(123): require('C://Users//Mugahe...')
#32 C:/Users/Mugahed/Desktop/MyMetier/vendor/laravel/framework/src/Illuminate/Filesystem/Filesystem.php(124): Illuminate/Filesystem/Filesystem::{closure:Illuminate/Filesystem/Filesystem::getRequire():120}()
#33 C:/Users/Mugahed/Desktop/MyMetier/vendor/laravel/framework/src/Illuminate/View/Engines/PhpEngine.php(57): Illuminate/Filesystem/Filesystem->getRequire('C://Users//Mugahe...', Array)
#34 C:/Users/Mugahed/Desktop/MyMetier/vendor/livewire/livewire/src/Mechanisms/ExtendBlade/ExtendedCompilerEngine.php(22): Illuminate/View/Engines/PhpEngine->evaluatePath('C://Users//Mugahe...', Array)
#35 C:/Users/Mugahed/Desktop/MyMetier/vendor/laravel/framework/src/Illuminate/View/Engines/CompilerEngine.php(76): Livewire/Mechanisms/ExtendBlade/ExtendedCompilerEngine->evaluatePath('C://Users//Mugahe...', Array)
#36 C:/Users/Mugahed/Desktop/MyMetier/vendor/livewire/livewire/src/Mechanisms/ExtendBlade/ExtendedCompilerEngine.php(10): Illuminate/View/Engines/CompilerEngine->get('C://Users//Mugahe...', Array)
#37 C:/Users/Mugahed/Desktop/MyMetier/vendor/laravel/framework/src/Illuminate/View/View.php(208): Livewire/Mechanisms/ExtendBlade/ExtendedCompilerEngine->get('C://Users//Mugahe...', Array)
#38 C:/Users/Mugahed/Desktop/MyMetier/vendor/laravel/framework/src/Illuminate/View/View.php(191): Illuminate/View/View->getContents()
#39 C:/Users/Mugahed/Desktop/MyMetier/vendor/laravel/framework/src/Illuminate/View/View.php(160): Illuminate/View/View->renderContents()
#40 C:/Users/Mugahed/Desktop/MyMetier/vendor/laravel/framework/src/Illuminate/View/Compilers/BladeCompiler.php(353): Illuminate/View/View->render()
#41 C:/Users/Mugahed/Desktop/MyMetier/vendor/laravel/framework/src/Illuminate/Support/Facades/Facade.php(363): Illuminate/View/Compilers/BladeCompiler::render('    <?php $layo...', Array)
#42 C:/Users/Mugahed/Desktop/MyMetier/vendor/livewire/livewire/src/Features/SupportPageComponents/SupportPageComponents.php(154): Illuminate/Support/Facades/Facade::__callStatic('render', Array)
#43 C:/Users/Mugahed/Desktop/MyMetier/vendor/livewire/livewire/src/Features/SupportPageComponents/HandlesPageComponents.php(26): Livewire/Features/SupportPageComponents/SupportPageComponents::renderContentsIntoLayout('<div wire:snaps...', Object(Livewire/Features/SupportPageComponents/PageComponentConfig))
#44 C:/Users/Mugahed/Desktop/MyMetier/vendor/laravel/framework/src/Illuminate/Routing/ControllerDispatcher.php(46): Livewire/Component->__invoke()
#45 C:/Users/Mugahed/Desktop/MyMetier/vendor/laravel/framework/src/Illuminate/Routing/Route.php(269): Illuminate/Routing/ControllerDispatcher->dispatch(Object(Illuminate/Routing/Route), Object(App/Livewire/CreateRequestPage), '__invoke')
#46 C:/Users/Mugahed/Desktop/MyMetier/vendor/laravel/framework/src/Illuminate/Routing/Route.php(215): Illuminate/Routing/Route->runController()
#47 C:/Users/Mugahed/Desktop/MyMetier/vendor/laravel/framework/src/Illuminate/Routing/Router.php(822): Illuminate/Routing/Route->run()
#48 C:/Users/Mugahed/Desktop/MyMetier/vendor/laravel/framework/src/Illuminate/Pipeline/Pipeline.php(180): Illuminate/Routing/Router->{closure:Illuminate/Routing/Router::runRouteWithinStack():821}(Object(Illuminate/Http/Request))
#49 C:/Users/Mugahed/Desktop/MyMetier/vendor/laravel/framework/src/Illuminate/Auth/Middleware/EnsureEmailIsVerified.php(41): Illuminate/Pipeline/Pipeline->{closure:Illuminate/Pipeline/Pipeline::prepareDestination():178}(Object(Illuminate/Http/Request))
#50 C:/Users/Mugahed/Desktop/MyMetier/vendor/laravel/framework/src/Illuminate/Pipeline/Pipeline.php(219): Illuminate/Auth/Middleware/EnsureEmailIsVerified->handle(Object(Illuminate/Http/Request), Object(Closure))
#51 C:/Users/Mugahed/Desktop/MyMetier/app/Http/Middleware/LogResponseTime.php(20): Illuminate/Pipeline/Pipeline->{closure:{closure:Illuminate/Pipeline/Pipeline::carry():194}:195}(Object(Illuminate/Http/Request))
#52 C:/Users/Mugahed/Desktop/MyMetier/vendor/laravel/framework/src/Illuminate/Pipeline/Pipeline.php(219): App/Http/Middleware/LogResponseTime->handle(Object(Illuminate/Http/Request), Object(Closure))
#53 C:/Users/Mugahed/Desktop/MyMetier/app/Http/Middleware/RegenerateSessionAfterLogin.php(25): Illuminate/Pipeline/Pipeline->{closure:{closure:Illuminate/Pipeline/Pipeline::carry():194}:195}(Object(Illuminate/Http/Request))
#54 C:/Users/Mugahed/Desktop/MyMetier/vendor/laravel/framework/src/Illuminate/Pipeline/Pipeline.php(219): App/Http/Middleware/RegenerateSessionAfterLogin->handle(Object(Illuminate/Http/Request), Object(Closure))
#55 C:/Users/Mugahed/Desktop/MyMetier/vendor/laravel/framework/src/Illuminate/Routing/Middleware/SubstituteBindings.php(52): Illuminate/Pipeline/Pipeline->{closure:{closure:Illuminate/Pipeline/Pipeline::carry():194}:195}(Object(Illuminate/Http/Request))
#56 C:/Users/Mugahed/Desktop/MyMetier/vendor/laravel/framework/src/Illuminate/Pipeline/Pipeline.php(219): Illuminate/Routing/Middleware/SubstituteBindings->handle(Object(Illuminate/Http/Request), Object(Closure))
#57 C:/Users/Mugahed/Desktop/MyMetier/vendor/laravel/framework/src/Illuminate/Auth/Middleware/Authenticate.php(63): Illuminate/Pipeline/Pipeline->{closure:{closure:Illuminate/Pipeline/Pipeline::carry():194}:195}(Object(Illuminate/Http/Request))
#58 C:/Users/Mugahed/Desktop/MyMetier/vendor/laravel/framework/src/Illuminate/Pipeline/Pipeline.php(219): Illuminate/Auth/Middleware/Authenticate->handle(Object(Illuminate/Http/Request), Object(Closure))
#59 C:/Users/Mugahed/Desktop/MyMetier/vendor/laravel/framework/src/Illuminate/Foundation/Http/Middleware/PreventRequestForgery.php(104): Illuminate/Pipeline/Pipeline->{closure:{closure:Illuminate/Pipeline/Pipeline::carry():194}:195}(Object(Illuminate/Http/Request))
#60 C:/Users/Mugahed/Desktop/MyMetier/vendor/laravel/framework/src/Illuminate/Pipeline/Pipeline.php(219): Illuminate/Foundation/Http/Middleware/PreventRequestForgery->handle(Object(Illuminate/Http/Request), Object(Closure))
#61 C:/Users/Mugahed/Desktop/MyMetier/vendor/laravel/framework/src/Illuminate/View/Middleware/ShareErrorsFromSession.php(48): Illuminate/Pipeline/Pipeline->{closure:{closure:Illuminate/Pipeline/Pipeline::carry():194}:195}(Object(Illuminate/Http/Request))
#62 C:/Users/Mugahed/Desktop/MyMetier/vendor/laravel/framework/src/Illuminate/Pipeline/Pipeline.php(219): Illuminate/View/Middleware/ShareErrorsFromSession->handle(Object(Illuminate/Http/Request), Object(Closure))
#63 C:/Users/Mugahed/Desktop/MyMetier/vendor/laravel/framework/src/Illuminate/Session/Middleware/StartSession.php(120): Illuminate/Pipeline/Pipeline->{closure:{closure:Illuminate/Pipeline/Pipeline::carry():194}:195}(Object(Illuminate/Http/Request))
#64 C:/Users/Mugahed/Desktop/MyMetier/vendor/laravel/framework/src/Illuminate/Session/Middleware/StartSession.php(63): Illuminate/Session/Middleware/StartSession->handleStatefulRequest(Object(Illuminate/Http/Request), Object(Illuminate/Session/Store), Object(Closure))
#65 C:/Users/Mugahed/Desktop/MyMetier/vendor/laravel/framework/src/Illuminate/Pipeline/Pipeline.php(219): Illuminate/Session/Middleware/StartSession->handle(Object(Illuminate/Http/Request), Object(Closure))
#66 C:/Users/Mugahed/Desktop/MyMetier/vendor/laravel/framework/src/Illuminate/Cookie/Middleware/AddQueuedCookiesToResponse.php(36): Illuminate/Pipeline/Pipeline->{closure:{closure:Illuminate/Pipeline/Pipeline::carry():194}:195}(Object(Illuminate/Http/Request))
#67 C:/Users/Mugahed/Desktop/MyMetier/vendor/laravel/framework/src/Illuminate/Pipeline/Pipeline.php(219): Illuminate/Cookie/Middleware/AddQueuedCookiesToResponse->handle(Object(Illuminate/Http/Request), Object(Closure))
#68 C:/Users/Mugahed/Desktop/MyMetier/vendor/laravel/framework/src/Illuminate/Cookie/Middleware/EncryptCookies.php(74): Illuminate/Pipeline/Pipeline->{closure:{closure:Illuminate/Pipeline/Pipeline::carry():194}:195}(Object(Illuminate/Http/Request))
#69 C:/Users/Mugahed/Desktop/MyMetier/vendor/laravel/framework/src/Illuminate/Pipeline/Pipeline.php(219): Illuminate/Cookie/Middleware/EncryptCookies->handle(Object(Illuminate/Http/Request), Object(Closure))
#70 C:/Users/Mugahed/Desktop/MyMetier/vendor/laravel/framework/src/Illuminate/Pipeline/Pipeline.php(137): Illuminate/Pipeline/Pipeline->{closure:{closure:Illuminate/Pipeline/Pipeline::carry():194}:195}(Object(Illuminate/Http/Request))
#71 C:/Users/Mugahed/Desktop/MyMetier/vendor/laravel/framework/src/Illuminate/Routing/Router.php(821): Illuminate/Pipeline/Pipeline->then(Object(Closure))
#72 C:/Users/Mugahed/Desktop/MyMetier/vendor/laravel/framework/src/Illuminate/Routing/Router.php(800): Illuminate/Routing/Router->runRouteWithinStack(Object(Illuminate/Routing/Route), Object(Illuminate/Http/Request))
#73 C:/Users/Mugahed/Desktop/MyMetier/vendor/laravel/framework/src/Illuminate/Routing/Router.php(764): Illuminate/Routing/Router->runRoute(Object(Illuminate/Http/Request), Object(Illuminate/Routing/Route))
#74 C:/Users/Mugahed/Desktop/MyMetier/vendor/laravel/framework/src/Illuminate/Routing/Router.php(753): Illuminate/Routing/Router->dispatchToRoute(Object(Illuminate/Http/Request))
#75 C:/Users/Mugahed/Desktop/MyMetier/vendor/laravel/framework/src/Illuminate/Foundation/Http/Kernel.php(200): Illuminate/Routing/Router->dispatch(Object(Illuminate/Http/Request))
#76 C:/Users/Mugahed/Desktop/MyMetier/vendor/laravel/framework/src/Illuminate/Pipeline/Pipeline.php(180): Illuminate/Foundation/Http/Kernel->{closure:Illuminate/Foundation/Http/Kernel::dispatchToRouter():197}(Object(Illuminate/Http/Request))
#77 C:/Users/Mugahed/Desktop/MyMetier/vendor/livewire/livewire/src/Features/SupportDisablingBackButtonCache/DisableBackButtonCacheMiddleware.php(19): Illuminate/Pipeline/Pipeline->{closure:Illuminate/Pipeline/Pipeline::prepareDestination():178}(Object(Illuminate/Http/Request))
#78 C:/Users/Mugahed/Desktop/MyMetier/vendor/laravel/framework/src/Illuminate/Pipeline/Pipeline.php(219): Livewire/Features/SupportDisablingBackButtonCache/DisableBackButtonCacheMiddleware->handle(Object(Illuminate/Http/Request), Object(Closure))
#79 C:/Users/Mugahed/Desktop/MyMetier/vendor/laravel/framework/src/Illuminate/Foundation/Http/Middleware/TransformsRequest.php(21): Illuminate/Pipeline/Pipeline->{closure:{closure:Illuminate/Pipeline/Pipeline::carry():194}:195}(Object(Illuminate/Http/Request))
#80 C:/Users/Mugahed/Desktop/MyMetier/vendor/laravel/framework/src/Illuminate/Foundation/Http/Middleware/ConvertEmptyStringsToNull.php(31): Illuminate/Foundation/Http/Middleware/TransformsRequest->handle(Object(Illuminate/Http/Request), Object(Closure))
#81 C:/Users/Mugahed/Desktop/MyMetier/vendor/laravel/framework/src/Illuminate/Pipeline/Pipeline.php(219): Illuminate/Foundation/Http/Middleware/ConvertEmptyStringsToNull->handle(Object(Illuminate/Http/Request), Object(Closure))
#82 C:/Users/Mugahed/Desktop/MyMetier/vendor/laravel/framework/src/Illuminate/Foundation/Http/Middleware/TransformsRequest.php(21): Illuminate/Pipeline/Pipeline->{closure:{closure:Illuminate/Pipeline/Pipeline::carry():194}:195}(Object(Illuminate/Http/Request))
#83 C:/Users/Mugahed/Desktop/MyMetier/vendor/laravel/framework/src/Illuminate/Foundation/Http/Middleware/TrimStrings.php(51): Illuminate/Foundation/Http/Middleware/TransformsRequest->handle(Object(Illuminate/Http/Request), Object(Closure))
#84 C:/Users/Mugahed/Desktop/MyMetier/vendor/laravel/framework/src/Illuminate/Pipeline/Pipeline.php(219): Illuminate/Foundation/Http/Middleware/TrimStrings->handle(Object(Illuminate/Http/Request), Object(Closure))
#85 C:/Users/Mugahed/Desktop/MyMetier/vendor/laravel/framework/src/Illuminate/Http/Middleware/ValidatePostSize.php(27): Illuminate/Pipeline/Pipeline->{closure:{closure:Illuminate/Pipeline/Pipeline::carry():194}:195}(Object(Illuminate/Http/Request))
#86 C:/Users/Mugahed/Desktop/MyMetier/vendor/laravel/framework/src/Illuminate/Pipeline/Pipeline.php(219): Illuminate/Http/Middleware/ValidatePostSize->handle(Object(Illuminate/Http/Request), Object(Closure))
#87 C:/Users/Mugahed/Desktop/MyMetier/vendor/laravel/framework/src/Illuminate/Foundation/Http/Middleware/PreventRequestsDuringMaintenance.php(109): Illuminate/Pipeline/Pipeline->{closure:{closure:Illuminate/Pipeline/Pipeline::carry():194}:195}(Object(Illuminate/Http/Request))
#88 C:/Users/Mugahed/Desktop/MyMetier/vendor/laravel/framework/src/Illuminate/Pipeline/Pipeline.php(219): Illuminate/Foundation/Http/Middleware/PreventRequestsDuringMaintenance->handle(Object(Illuminate/Http/Request), Object(Closure))
#89 C:/Users/Mugahed/Desktop/MyMetier/vendor/laravel/framework/src/Illuminate/Http/Middleware/HandleCors.php(61): Illuminate/Pipeline/Pipeline->{closure:{closure:Illuminate/Pipeline/Pipeline::carry():194}:195}(Object(Illuminate/Http/Request))
#90 C:/Users/Mugahed/Desktop/MyMetier/vendor/laravel/framework/src/Illuminate/Pipeline/Pipeline.php(219): Illuminate/Http/Middleware/HandleCors->handle(Object(Illuminate/Http/Request), Object(Closure))
#91 C:/Users/Mugahed/Desktop/MyMetier/vendor/laravel/framework/src/Illuminate/Http/Middleware/TrustProxies.php(58): Illuminate/Pipeline/Pipeline->{closure:{closure:Illuminate/Pipeline/Pipeline::carry():194}:195}(Object(Illuminate/Http/Request))
#92 C:/Users/Mugahed/Desktop/MyMetier/vendor/laravel/framework/src/Illuminate/Pipeline/Pipeline.php(219): Illuminate/Http/Middleware/TrustProxies->handle(Object(Illuminate/Http/Request), Object(Closure))
#93 C:/Users/Mugahed/Desktop/MyMetier/vendor/laravel/framework/src/Illuminate/Foundation/Http/Middleware/InvokeDeferredCallbacks.php(22): Illuminate/Pipeline/Pipeline->{closure:{closure:Illuminate/Pipeline/Pipeline::carry():194}:195}(Object(Illuminate/Http/Request))
#94 C:/Users/Mugahed/Desktop/MyMetier/vendor/laravel/framework/src/Illuminate/Pipeline/Pipeline.php(219): Illuminate/Foundation/Http/Middleware/InvokeDeferredCallbacks->handle(Object(Illuminate/Http/Request), Object(Closure))
#95 C:/Users/Mugahed/Desktop/MyMetier/vendor/laravel/framework/src/Illuminate/Http/Middleware/ValidatePathEncoding.php(28): Illuminate/Pipeline/Pipeline->{closure:{closure:Illuminate/Pipeline/Pipeline::carry():194}:195}(Object(Illuminate/Http/Request))
#96 C:/Users/Mugahed/Desktop/MyMetier/vendor/laravel/framework/src/Illuminate/Pipeline/Pipeline.php(219): Illuminate/Http/Middleware/ValidatePathEncoding->handle(Object(Illuminate/Http/Request), Object(Closure))
#97 C:/Users/Mugahed/Desktop/MyMetier/vendor/laravel/framework/src/Illuminate/Pipeline/Pipeline.php(137): Illuminate/Pipeline/Pipeline->{closure:{closure:Illuminate/Pipeline/Pipeline::carry():194}:195}(Object(Illuminate/Http/Request))
#98 C:/Users/Mugahed/Desktop/MyMetier/vendor/laravel/framework/src/Illuminate/Foundation/Http/Kernel.php(175): Illuminate/Pipeline/Pipeline->then(Object(Closure))
#99 C:/Users/Mugahed/Desktop/MyMetier/vendor/laravel/framework/src/Illuminate/Foundation/Http/Kernel.php(144): Illuminate/Foundation/Http/Kernel->sendRequestThroughRouter(Object(Illuminate/Http/Request))
#100 C:/Users/Mugahed/Desktop/MyMetier/vendor/laravel/framework/src/Illuminate/Foundation/Application.php(1220): Illuminate/Foundation/Http/Kernel->handle(Object(Illuminate/Http/Request))
#101 C:/Users/Mugahed/Desktop/MyMetier/public/index.php(20): Illuminate/Foundation/Application->handleRequest(Object(Illuminate/Http/Request))
#102 C:/Program Files/Herd/resources/app.asar.unpacked/resources/valet/server.php(139): require('C://Users//Mugahe...')
#103 {main}

[previous exception] [object] (Illuminate\\Foundation\\ViteManifestNotFoundException(code: 0): Vite manifest not found at: C:\\Users\\Mugahed\\Desktop\\MyMetier\\public\\build/manifest.json at C:/Users/Mugahed/Desktop/MyMetier/vendor/laravel/framework/src/Illuminate/Foundation/Vite.php:946)
[stacktrace]
#0 C:/Users/Mugahed/Desktop/MyMetier/vendor/laravel/framework/src/Illuminate/Foundation/Vite.php(384): Illuminate/Foundation/Vite->manifest('build')
#1 C:/Users/Mugahed/Desktop/MyMetier/storage/framework/views/a9ced505145134330db4d454cdfd3f5b.php(16): Illuminate/Foundation/Vite->__invoke(Object(Illuminate/Support/Collection))
#2 C:/Users/Mugahed/Desktop/MyMetier/vendor/laravel/framework/src/Illuminate/Filesystem/Filesystem.php(123): require('C://Users//Mugahe...')
#3 C:/Users/Mugahed/Desktop/MyMetier/vendor/laravel/framework/src/Illuminate/Filesystem/Filesystem.php(124): Illuminate/Filesystem/Filesystem::{closure:Illuminate/Filesystem/Filesystem::getRequire():120}()
#4 C:/Users/Mugahed/Desktop/MyMetier/vendor/laravel/framework/src/Illuminate/View/Engines/PhpEngine.php(57): Illuminate/Filesystem/Filesystem->getRequire('C://Users//Mugahe...', Array)
#5 C:/Users/Mugahed/Desktop/MyMetier/vendor/livewire/livewire/src/Mechanisms/ExtendBlade/ExtendedCompilerEngine.php(22): Illuminate/View/Engines/PhpEngine->evaluatePath('C://Users//Mugahe...', Array)
#6 C:/Users/Mugahed/Desktop/MyMetier/vendor/laravel/framework/src/Illuminate/View/Engines/CompilerEngine.php(76): Livewire/Mechanisms/ExtendBlade/ExtendedCompilerEngine->evaluatePath('C://Users//Mugahe...', Array)
#7 C:/Users/Mugahed/Desktop/MyMetier/vendor/livewire/livewire/src/Mechanisms/ExtendBlade/ExtendedCompilerEngine.php(10): Illuminate/View/Engines/CompilerEngine->get('C://Users//Mugahe...', Array)
#8 C:/Users/Mugahed/Desktop/MyMetier/vendor/laravel/framework/src/Illuminate/View/View.php(208): Livewire/Mechanisms/ExtendBlade/ExtendedCompilerEngine->get('C://Users//Mugahe...', Array)
#9 C:/Users/Mugahed/Desktop/MyMetier/vendor/laravel/framework/src/Illuminate/View/View.php(191): Illuminate/View/View->getContents()
#10 C:/Users/Mugahed/Desktop/MyMetier/vendor/laravel/framework/src/Illuminate/View/View.php(160): Illuminate/View/View->renderContents()
#11 C:/Users/Mugahed/Desktop/MyMetier/storage/framework/views/af295cd8e3d2599cb28a1e04a64a20ab.php(4): Illuminate/View/View->render()
#12 C:/Users/Mugahed/Desktop/MyMetier/vendor/laravel/framework/src/Illuminate/Filesystem/Filesystem.php(123): require('C://Users//Mugahe...')
#13 C:/Users/Mugahed/Desktop/MyMetier/vendor/laravel/framework/src/Illuminate/Filesystem/Filesystem.php(124): Illuminate/Filesystem/Filesystem::{closure:Illuminate/Filesystem/Filesystem::getRequire():120}()
#14 C:/Users/Mugahed/Desktop/MyMetier/vendor/laravel/framework/src/Illuminate/View/Engines/PhpEngine.php(57): Illuminate/Filesystem/Filesystem->getRequire('C://Users//Mugahe...', Array)
#15 C:/Users/Mugahed/Desktop/MyMetier/vendor/livewire/livewire/src/Mechanisms/ExtendBlade/ExtendedCompilerEngine.php(22): Illuminate/View/Engines/PhpEngine->evaluatePath('C://Users//Mugahe...', Array)
#16 C:/Users/Mugahed/Desktop/MyMetier/vendor/laravel/framework/src/Illuminate/View/Engines/CompilerEngine.php(76): Livewire/Mechanisms/ExtendBlade/ExtendedCompilerEngine->evaluatePath('C://Users//Mugahe...', Array)
#17 C:/Users/Mugahed/Desktop/MyMetier/vendor/livewire/livewire/src/Mechanisms/ExtendBlade/ExtendedCompilerEngine.php(10): Illuminate/View/Engines/CompilerEngine->get('C://Users//Mugahe...', Array)
#18 C:/Users/Mugahed/Desktop/MyMetier/vendor/laravel/framework/src/Illuminate/View/View.php(208): Livewire/Mechanisms/ExtendBlade/ExtendedCompilerEngine->get('C://Users//Mugahe...', Array)
#19 C:/Users/Mugahed/Desktop/MyMetier/vendor/laravel/framework/src/Illuminate/View/View.php(191): Illuminate/View/View->getContents()
#20 C:/Users/Mugahed/Desktop/MyMetier/vendor/laravel/framework/src/Illuminate/View/View.php(160): Illuminate/View/View->renderContents()
#21 C:/Users/Mugahed/Desktop/MyMetier/vendor/laravel/framework/src/Illuminate/View/Concerns/ManagesComponents.php(103): Illuminate/View/View->render()
#22 C:/Users/Mugahed/Desktop/MyMetier/storage/framework/views/3327b84ba3f7c80652f8d459a39283af.php(37): Illuminate/View/Factory->renderComponent()
#23 C:/Users/Mugahed/Desktop/MyMetier/vendor/laravel/framework/src/Illuminate/Filesystem/Filesystem.php(123): require('C://Users//Mugahe...')
#24 C:/Users/Mugahed/Desktop/MyMetier/vendor/laravel/framework/src/Illuminate/Filesystem/Filesystem.php(124): Illuminate/Filesystem/Filesystem::{closure:Illuminate/Filesystem/Filesystem::getRequire():120}()
#25 C:/Users/Mugahed/Desktop/MyMetier/vendor/laravel/framework/src/Illuminate/View/Engines/PhpEngine.php(57): Illuminate/Filesystem/Filesystem->getRequire('C://Users//Mugahe...', Array)
#26 C:/Users/Mugahed/Desktop/MyMetier/vendor/livewire/livewire/src/Mechanisms/ExtendBlade/ExtendedCompilerEngine.php(22): Illuminate/View/Engines/PhpEngine->evaluatePath('C://Users//Mugahe...', Array)
#27 C:/Users/Mugahed/Desktop/MyMetier/vendor/laravel/framework/src/Illuminate/View/Engines/CompilerEngine.php(76): Livewire/Mechanisms/ExtendBlade/ExtendedCompilerEngine->evaluatePath('C://Users//Mugahe...', Array)
#28 C:/Users/Mugahed/Desktop/MyMetier/vendor/livewire/livewire/src/Mechanisms/ExtendBlade/ExtendedCompilerEngine.php(10): Illuminate/View/Engines/CompilerEngine->get('C://Users//Mugahe...', Array)
#29 C:/Users/Mugahed/Desktop/MyMetier/vendor/laravel/framework/src/Illuminate/View/View.php(208): Livewire/Mechanisms/ExtendBlade/ExtendedCompilerEngine->get('C://Users//Mugahe...', Array)
#30 C:/Users/Mugahed/Desktop/MyMetier/vendor/laravel/framework/src/Illuminate/View/View.php(191): Illuminate/View/View->getContents()
#31 C:/Users/Mugahed/Desktop/MyMetier/vendor/laravel/framework/src/Illuminate/View/View.php(160): Illuminate/View/View->renderContents()
#32 C:/Users/Mugahed/Desktop/MyMetier/vendor/laravel/framework/src/Illuminate/View/Concerns/ManagesComponents.php(103): Illuminate/View/View->render()
#33 C:/Users/Mugahed/Desktop/MyMetier/storage/framework/views/ff04fcdb3c928c7d4b903b5450a05f1e.php(17): Illuminate/View/Factory->renderComponent()
#34 C:/Users/Mugahed/Desktop/MyMetier/vendor/laravel/framework/src/Illuminate/Filesystem/Filesystem.php(123): require('C://Users//Mugahe...')
#35 C:/Users/Mugahed/Desktop/MyMetier/vendor/laravel/framework/src/Illuminate/Filesystem/Filesystem.php(124): Illuminate/Filesystem/Filesystem::{closure:Illuminate/Filesystem/Filesystem::getRequire():120}()
#36 C:/Users/Mugahed/Desktop/MyMetier/vendor/laravel/framework/src/Illuminate/View/Engines/PhpEngine.php(57): Illuminate/Filesystem/Filesystem->getRequire('C://Users//Mugahe...', Array)
#37 C:/Users/Mugahed/Desktop/MyMetier/vendor/livewire/livewire/src/Mechanisms/ExtendBlade/ExtendedCompilerEngine.php(22): Illuminate/View/Engines/PhpEngine->evaluatePath('C://Users//Mugahe...', Array)
#38 C:/Users/Mugahed/Desktop/MyMetier/vendor/laravel/framework/src/Illuminate/View/Engines/CompilerEngine.php(76): Livewire/Mechanisms/ExtendBlade/ExtendedCompilerEngine->evaluatePath('C://Users//Mugahe...', Array)
#39 C:/Users/Mugahed/Desktop/MyMetier/vendor/livewire/livewire/src/Mechanisms/ExtendBlade/ExtendedCompilerEngine.php(10): Illuminate/View/Engines/CompilerEngine->get('C://Users//Mugahe...', Array)
#40 C:/Users/Mugahed/Desktop/MyMetier/vendor/laravel/framework/src/Illuminate/View/View.php(208): Livewire/Mechanisms/ExtendBlade/ExtendedCompilerEngine->get('C://Users//Mugahe...', Array)
#41 C:/Users/Mugahed/Desktop/MyMetier/vendor/laravel/framework/src/Illuminate/View/View.php(191): Illuminate/View/View->getContents()
#42 C:/Users/Mugahed/Desktop/MyMetier/vendor/laravel/framework/src/Illuminate/View/View.php(160): Illuminate/View/View->renderContents()
#43 C:/Users/Mugahed/Desktop/MyMetier/vendor/laravel/framework/src/Illuminate/View/Compilers/BladeCompiler.php(353): Illuminate/View/View->render()
#44 C:/Users/Mugahed/Desktop/MyMetier/vendor/laravel/framework/src/Illuminate/Support/Facades/Facade.php(363): Illuminate/View/Compilers/BladeCompiler::render('    <?php $layo...', Array)
#45 C:/Users/Mugahed/Desktop/MyMetier/vendor/livewire/livewire/src/Features/SupportPageComponents/SupportPageComponents.php(154): Illuminate/Support/Facades/Facade::__callStatic('render', Array)
#46 C:/Users/Mugahed/Desktop/MyMetier/vendor/livewire/livewire/src/Features/SupportPageComponents/HandlesPageComponents.php(26): Livewire/Features/SupportPageComponents/SupportPageComponents::renderContentsIntoLayout('<div wire:snaps...', Object(Livewire/Features/SupportPageComponents/PageComponentConfig))
#47 C:/Users/Mugahed/Desktop/MyMetier/vendor/laravel/framework/src/Illuminate/Routing/ControllerDispatcher.php(46): Livewire/Component->__invoke()
#48 C:/Users/Mugahed/Desktop/MyMetier/vendor/laravel/framework/src/Illuminate/Routing/Route.php(269): Illuminate/Routing/ControllerDispatcher->dispatch(Object(Illuminate/Routing/Route), Object(App/Livewire/CreateRequestPage), '__invoke')
#49 C:/Users/Mugahed/Desktop/MyMetier/vendor/laravel/framework/src/Illuminate/Routing/Route.php(215): Illuminate/Routing/Route->runController()
#50 C:/Users/Mugahed/Desktop/MyMetier/vendor/laravel/framework/src/Illuminate/Routing/Router.php(822): Illuminate/Routing/Route->run()
#51 C:/Users/Mugahed/Desktop/MyMetier/vendor/laravel/framework/src/Illuminate/Pipeline/Pipeline.php(180): Illuminate/Routing/Router->{closure:Illuminate/Routing/Router::runRouteWithinStack():821}(Object(Illuminate/Http/Request))
#52 C:/Users/Mugahed/Desktop/MyMetier/vendor/laravel/framework/src/Illuminate/Auth/Middleware/EnsureEmailIsVerified.php(41): Illuminate/Pipeline/Pipeline->{closure:Illuminate/Pipeline/Pipeline::prepareDestination():178}(Object(Illuminate/Http/Request))
#53 C:/Users/Mugahed/Desktop/MyMetier/vendor/laravel/framework/src/Illuminate/Pipeline/Pipeline.php(219): Illuminate/Auth/Middleware/EnsureEmailIsVerified->handle(Object(Illuminate/Http/Request), Object(Closure))
#54 C:/Users/Mugahed/Desktop/MyMetier/app/Http/Middleware/LogResponseTime.php(20): Illuminate/Pipeline/Pipeline->{closure:{closure:Illuminate/Pipeline/Pipeline::carry():194}:195}(Object(Illuminate/Http/Request))
#55 C:/Users/Mugahed/Desktop/MyMetier/vendor/laravel/framework/src/Illuminate/Pipeline/Pipeline.php(219): App/Http/Middleware/LogResponseTime->handle(Object(Illuminate/Http/Request), Object(Closure))
#56 C:/Users/Mugahed/Desktop/MyMetier/app/Http/Middleware/RegenerateSessionAfterLogin.php(25): Illuminate/Pipeline/Pipeline->{closure:{closure:Illuminate/Pipeline/Pipeline::carry():194}:195}(Object(Illuminate/Http/Request))
#57 C:/Users/Mugahed/Desktop/MyMetier/vendor/laravel/framework/src/Illuminate/Pipeline/Pipeline.php(219): App/Http/Middleware/RegenerateSessionAfterLogin->handle(Object(Illuminate/Http/Request), Object(Closure))
#58 C:/Users/Mugahed/Desktop/MyMetier/vendor/laravel/framework/src/Illuminate/Routing/Middleware/SubstituteBindings.php(52): Illuminate/Pipeline/Pipeline->{closure:{closure:Illuminate/Pipeline/Pipeline::carry():194}:195}(Object(Illuminate/Http/Request))
#59 C:/Users/Mugahed/Desktop/MyMetier/vendor/laravel/framework/src/Illuminate/Pipeline/Pipeline.php(219): Illuminate/Routing/Middleware/SubstituteBindings->handle(Object(Illuminate/Http/Request), Object(Closure))
#60 C:/Users/Mugahed/Desktop/MyMetier/vendor/laravel/framework/src/Illuminate/Auth/Middleware/Authenticate.php(63): Illuminate/Pipeline/Pipeline->{closure:{closure:Illuminate/Pipeline/Pipeline::carry():194}:195}(Object(Illuminate/Http/Request))
#61 C:/Users/Mugahed/Desktop/MyMetier/vendor/laravel/framework/src/Illuminate/Pipeline/Pipeline.php(219): Illuminate/Auth/Middleware/Authenticate->handle(Object(Illuminate/Http/Request), Object(Closure))
#62 C:/Users/Mugahed/Desktop/MyMetier/vendor/laravel/framework/src/Illuminate/Foundation/Http/Middleware/PreventRequestForgery.php(104): Illuminate/Pipeline/Pipeline->{closure:{closure:Illuminate/Pipeline/Pipeline::carry():194}:195}(Object(Illuminate/Http/Request))
#63 C:/Users/Mugahed/Desktop/MyMetier/vendor/laravel/framework/src/Illuminate/Pipeline/Pipeline.php(219): Illuminate/Foundation/Http/Middleware/PreventRequestForgery->handle(Object(Illuminate/Http/Request), Object(Closure))
#64 C:/Users/Mugahed/Desktop/MyMetier/vendor/laravel/framework/src/Illuminate/View/Middleware/ShareErrorsFromSession.php(48): Illuminate/Pipeline/Pipeline->{closure:{closure:Illuminate/Pipeline/Pipeline::carry():194}:195}(Object(Illuminate/Http/Request))
#65 C:/Users/Mugahed/Desktop/MyMetier/vendor/laravel/framework/src/Illuminate/Pipeline/Pipeline.php(219): Illuminate/View/Middleware/ShareErrorsFromSession->handle(Object(Illuminate/Http/Request), Object(Closure))
#66 C:/Users/Mugahed/Desktop/MyMetier/vendor/laravel/framework/src/Illuminate/Session/Middleware/StartSession.php(120): Illuminate/Pipeline/Pipeline->{closure:{closure:Illuminate/Pipeline/Pipeline::carry():194}:195}(Object(Illuminate/Http/Request))
#67 C:/Users/Mugahed/Desktop/MyMetier/vendor/laravel/framework/src/Illuminate/Session/Middleware/StartSession.php(63): Illuminate/Session/Middleware/StartSession->handleStatefulRequest(Object(Illuminate/Http/Request), Object(Illuminate/Session/Store), Object(Closure))
#68 C:/Users/Mugahed/Desktop/MyMetier/vendor/laravel/framework/src/Illuminate/Pipeline/Pipeline.php(219): Illuminate/Session/Middleware/StartSession->handle(Object(Illuminate/Http/Request), Object(Closure))
#69 C:/Users/Mugahed/Desktop/MyMetier/vendor/laravel/framework/src/Illuminate/Cookie/Middleware/AddQueuedCookiesToResponse.php(36): Illuminate/Pipeline/Pipeline->{closure:{closure:Illuminate/Pipeline/Pipeline::carry():194}:195}(Object(Illuminate/Http/Request))
#70 C:/Users/Mugahed/Desktop/MyMetier/vendor/laravel/framework/src/Illuminate/Pipeline/Pipeline.php(219): Illuminate/Cookie/Middleware/AddQueuedCookiesToResponse->handle(Object(Illuminate/Http/Request), Object(Closure))
#71 C:/Users/Mugahed/Desktop/MyMetier/vendor/laravel/framework/src/Illuminate/Cookie/Middleware/EncryptCookies.php(74): Illuminate/Pipeline/Pipeline->{closure:{closure:Illuminate/Pipeline/Pipeline::carry():194}:195}(Object(Illuminate/Http/Request))
#72 C:/Users/Mugahed/Desktop/MyMetier/vendor/laravel/framework/src/Illuminate/Pipeline/Pipeline.php(219): Illuminate/Cookie/Middleware/EncryptCookies->handle(Object(Illuminate/Http/Request), Object(Closure))
#73 C:/Users/Mugahed/Desktop/MyMetier/vendor/laravel/framework/src/Illuminate/Pipeline/Pipeline.php(137): Illuminate/Pipeline/Pipeline->{closure:{closure:Illuminate/Pipeline/Pipeline::carry():194}:195}(Object(Illuminate/Http/Request))
#74 C:/Users/Mugahed/Desktop/MyMetier/vendor/laravel/framework/src/Illuminate/Routing/Router.php(821): Illuminate/Pipeline/Pipeline->then(Object(Closure))
#75 C:/Users/Mugahed/Desktop/MyMetier/vendor/laravel/framework/src/Illuminate/Routing/Router.php(800): Illuminate/Routing/Router->runRouteWithinStack(Object(Illuminate/Routing/Route), Object(Illuminate/Http/Request))
#76 C:/Users/Mugahed/Desktop/MyMetier/vendor/laravel/framework/src/Illuminate/Routing/Router.php(764): Illuminate/Routing/Router->runRoute(Object(Illuminate/Http/Request), Object(Illuminate/Routing/Route))
#77 C:/Users/Mugahed/Desktop/MyMetier/vendor/laravel/framework/src/Illuminate/Routing/Router.php(753): Illuminate/Routing/Router->dispatchToRoute(Object(Illuminate/Http/Request))
#78 C:/Users/Mugahed/Desktop/MyMetier/vendor/laravel/framework/src/Illuminate/Foundation/Http/Kernel.php(200): Illuminate/Routing/Router->dispatch(Object(Illuminate/Http/Request))
#79 C:/Users/Mugahed/Desktop/MyMetier/vendor/laravel/framework/src/Illuminate/Pipeline/Pipeline.php(180): Illuminate/Foundation/Http/Kernel->{closure:Illuminate/Foundation/Http/Kernel::dispatchToRouter():197}(Object(Illuminate/Http/Request))
#80 C:/Users/Mugahed/Desktop/MyMetier/vendor/livewire/livewire/src/Features/SupportDisablingBackButtonCache/DisableBackButtonCacheMiddleware.php(19): Illuminate/Pipeline/Pipeline->{closure:Illuminate/Pipeline/Pipeline::prepareDestination():178}(Object(Illuminate/Http/Request))
#81 C:/Users/Mugahed/Desktop/MyMetier/vendor/laravel/framework/src/Illuminate/Pipeline/Pipeline.php(219): Livewire/Features/SupportDisablingBackButtonCache/DisableBackButtonCacheMiddleware->handle(Object(Illuminate/Http/Request), Object(Closure))
#82 C:/Users/Mugahed/Desktop/MyMetier/vendor/laravel/framework/src/Illuminate/Foundation/Http/Middleware/TransformsRequest.php(21): Illuminate/Pipeline/Pipeline->{closure:{closure:Illuminate/Pipeline/Pipeline::carry():194}:195}(Object(Illuminate/Http/Request))
#83 C:/Users/Mugahed/Desktop/MyMetier/vendor/laravel/framework/src/Illuminate/Foundation/Http/Middleware/ConvertEmptyStringsToNull.php(31): Illuminate/Foundation/Http/Middleware/TransformsRequest->handle(Object(Illuminate/Http/Request), Object(Closure))
#84 C:/Users/Mugahed/Desktop/MyMetier/vendor/laravel/framework/src/Illuminate/Pipeline/Pipeline.php(219): Illuminate/Foundation/Http/Middleware/ConvertEmptyStringsToNull->handle(Object(Illuminate/Http/Request), Object(Closure))
#85 C:/Users/Mugahed/Desktop/MyMetier/vendor/laravel/framework/src/Illuminate/Foundation/Http/Middleware/TransformsRequest.php(21): Illuminate/Pipeline/Pipeline->{closure:{closure:Illuminate/Pipeline/Pipeline::carry():194}:195}(Object(Illuminate/Http/Request))
#86 C:/Users/Mugahed/Desktop/MyMetier/vendor/laravel/framework/src/Illuminate/Foundation/Http/Middleware/TrimStrings.php(51): Illuminate/Foundation/Http/Middleware/TransformsRequest->handle(Object(Illuminate/Http/Request), Object(Closure))
#87 C:/Users/Mugahed/Desktop/MyMetier/vendor/laravel/framework/src/Illuminate/Pipeline/Pipeline.php(219): Illuminate/Foundation/Http/Middleware/TrimStrings->handle(Object(Illuminate/Http/Request), Object(Closure))
#88 C:/Users/Mugahed/Desktop/MyMetier/vendor/laravel/framework/src/Illuminate/Http/Middleware/ValidatePostSize.php(27): Illuminate/Pipeline/Pipeline->{closure:{closure:Illuminate/Pipeline/Pipeline::carry():194}:195}(Object(Illuminate/Http/Request))
#89 C:/Users/Mugahed/Desktop/MyMetier/vendor/laravel/framework/src/Illuminate/Pipeline/Pipeline.php(219): Illuminate/Http/Middleware/ValidatePostSize->handle(Object(Illuminate/Http/Request), Object(Closure))
#90 C:/Users/Mugahed/Desktop/MyMetier/vendor/laravel/framework/src/Illuminate/Foundation/Http/Middleware/PreventRequestsDuringMaintenance.php(109): Illuminate/Pipeline/Pipeline->{closure:{closure:Illuminate/Pipeline/Pipeline::carry():194}:195}(Object(Illuminate/Http/Request))
#91 C:/Users/Mugahed/Desktop/MyMetier/vendor/laravel/framework/src/Illuminate/Pipeline/Pipeline.php(219): Illuminate/Foundation/Http/Middleware/PreventRequestsDuringMaintenance->handle(Object(Illuminate/Http/Request), Object(Closure))
#92 C:/Users/Mugahed/Desktop/MyMetier/vendor/laravel/framework/src/Illuminate/Http/Middleware/HandleCors.php(61): Illuminate/Pipeline/Pipeline->{closure:{closure:Illuminate/Pipeline/Pipeline::carry():194}:195}(Object(Illuminate/Http/Request))
#93 C:/Users/Mugahed/Desktop/MyMetier/vendor/laravel/framework/src/Illuminate/Pipeline/Pipeline.php(219): Illuminate/Http/Middleware/HandleCors->handle(Object(Illuminate/Http/Request), Object(Closure))
#94 C:/Users/Mugahed/Desktop/MyMetier/vendor/laravel/framework/src/Illuminate/Http/Middleware/TrustProxies.php(58): Illuminate/Pipeline/Pipeline->{closure:{closure:Illuminate/Pipeline/Pipeline::carry():194}:195}(Object(Illuminate/Http/Request))
#95 C:/Users/Mugahed/Desktop/MyMetier/vendor/laravel/framework/src/Illuminate/Pipeline/Pipeline.php(219): Illuminate/Http/Middleware/TrustProxies->handle(Object(Illuminate/Http/Request), Object(Closure))
#96 C:/Users/Mugahed/Desktop/MyMetier/vendor/laravel/framework/src/Illuminate/Foundation/Http/Middleware/InvokeDeferredCallbacks.php(22): Illuminate/Pipeline/Pipeline->{closure:{closure:Illuminate/Pipeline/Pipeline::carry():194}:195}(Object(Illuminate/Http/Request))
#97 C:/Users/Mugahed/Desktop/MyMetier/vendor/laravel/framework/src/Illuminate/Pipeline/Pipeline.php(219): Illuminate/Foundation/Http/Middleware/InvokeDeferredCallbacks->handle(Object(Illuminate/Http/Request), Object(Closure))
#98 C:/Users/Mugahed/Desktop/MyMetier/vendor/laravel/framework/src/Illuminate/Http/Middleware/ValidatePathEncoding.php(28): Illuminate/Pipeline/Pipeline->{closure:{closure:Illuminate/Pipeline/Pipeline::carry():194}:195}(Object(Illuminate/Http/Request))
#99 C:/Users/Mugahed/Desktop/MyMetier/vendor/laravel/framework/src/Illuminate/Pipeline/Pipeline.php(219): Illuminate/Http/Middleware/ValidatePathEncoding->handle(Object(Illuminate/Http/Request), Object(Closure))
#100 C:/Users/Mugahed/Desktop/MyMetier/vendor/laravel/framework/src/Illuminate/Pipeline/Pipeline.php(137): Illuminate/Pipeline/Pipeline->{closure:{closure:Illuminate/Pipeline/Pipeline::carry():194}:195}(Object(Illuminate/Http/Request))
#101 C:/Users/Mugahed/Desktop/MyMetier/vendor/laravel/framework/src/Illuminate/Foundation/Http/Kernel.php(175): Illuminate/Pipeline/Pipeline->then(Object(Closure))
#102 C:/Users/Mugahed/Desktop/MyMetier/vendor/laravel/framework/src/Illuminate/Foundation/Http/Kernel.php(144): Illuminate/Foundation/Http/Kernel->sendRequestThroughRouter(Object(Illuminate/Http/Request))
#103 C:/Users/Mugahed/Desktop/MyMetier/vendor/laravel/framework/src/Illuminate/Foundation/Application.php(1220): Illuminate/Foundation/Http/Kernel->handle(Object(Illuminate/Http/Request))
#104 C:/Users/Mugahed/Desktop/MyMetier/public/index.php(20): Illuminate/Foundation/Application->handleRequest(Object(Illuminate/Http/Request))
#105 C:/Program Files/Herd/resources/app.asar.unpacked/resources/valet/server.php(139): require('C://Users//Mugahe...')
#106 {main}
"} 
[2026-03-25 22:39:21] local.DEBUG: REQUEST TIME {"url":"http://mymetier.test/requests","time_ms":22708.17,"memory_mb":20.0} 
[2026-03-25 22:39:21] local.WARNING: SLOW REQUEST ALERT {"url":"http://mymetier.test/requests","time_ms":22708.17,"memory_mb":20.0} 
[2026-03-25 22:39:22] local.DEBUG: REQUEST TIME {"url":"http://mymetier.test/requests/create","time_ms":3505.84,"memory_mb":20.0} 
[2026-03-25 22:39:22] local.WARNING: SLOW REQUEST ALERT {"url":"http://mymetier.test/requests/create","time_ms":3505.84,"memory_mb":20.0} 
[2026-03-25 22:39:30] local.ERROR: Vite manifest not found at: C:\Users\Mugahed\Desktop\MyMetier\public\build/manifest.json (View: C:\Users\Mugahed\Desktop\MyMetier\resources\views\components\layouts\app.blade.php) (View: C:\Users\Mugahed\Desktop\MyMetier\resources\views\components\layouts\app.blade.php) {"user_id":2,"url":"http://mymetier.test","userId":2,"exception":"[object] (Illuminate\\View\\ViewException(code: 0): Vite manifest not found at: C:\\Users\\Mugahed\\Desktop\\MyMetier\\public\\build/manifest.json (View: C:\\Users\\Mugahed\\Desktop\\MyMetier\\resources\\views\\components\\layouts\\app.blade.php) (View: C:\\Users\\Mugahed\\Desktop\\MyMetier\\resources\\views\\components\\layouts\\app.blade.php) at C:/Users/Mugahed/Desktop/MyMetier/vendor/laravel/framework/src/Illuminate/Foundation/Vite.php:946)
[stacktrace]
#0 C:/Users/Mugahed/Desktop/MyMetier/vendor/livewire/livewire/src/Mechanisms/ExtendBlade/ExtendedCompilerEngine.php(58): Illuminate/View/Engines/CompilerEngine->handleViewException(Object(Illuminate/View/ViewException), 1)
#1 C:/Users/Mugahed/Desktop/MyMetier/vendor/laravel/framework/src/Illuminate/View/Engines/PhpEngine.php(59): Livewire/Mechanisms/ExtendBlade/ExtendedCompilerEngine->handleViewException(Object(Illuminate/View/ViewException), 1)
#2 C:/Users/Mugahed/Desktop/MyMetier/vendor/livewire/livewire/src/Mechanisms/ExtendBlade/ExtendedCompilerEngine.php(22): Illuminate/View/Engines/PhpEngine->evaluatePath('C://Users//Mugahe...', Array)
#3 C:/Users/Mugahed/Desktop/MyMetier/vendor/laravel/framework/src/Illuminate/View/Engines/CompilerEngine.php(76): Livewire/Mechanisms/ExtendBlade/ExtendedCompilerEngine->evaluatePath('C://Users//Mugahe...', Array)
#4 C:/Users/Mugahed/Desktop/MyMetier/vendor/livewire/livewire/src/Mechanisms/ExtendBlade/ExtendedCompilerEngine.php(10): Illuminate/View/Engines/CompilerEngine->get('C://Users//Mugahe...', Array)
#5 C:/Users/Mugahed/Desktop/MyMetier/vendor/laravel/framework/src/Illuminate/View/View.php(208): Livewire/Mechanisms/ExtendBlade/ExtendedCompilerEngine->get('C://Users//Mugahe...', Array)
#6 C:/Users/Mugahed/Desktop/MyMetier/vendor/laravel/framework/src/Illuminate/View/View.php(191): Illuminate/View/View->getContents()
#7 C:/Users/Mugahed/Desktop/MyMetier/vendor/laravel/framework/src/Illuminate/View/View.php(160): Illuminate/View/View->renderContents()
#8 C:/Users/Mugahed/Desktop/MyMetier/vendor/laravel/framework/src/Illuminate/View/Compilers/BladeCompiler.php(353): Illuminate/View/View->render()
#9 C:/Users/Mugahed/Desktop/MyMetier/vendor/laravel/framework/src/Illuminate/Support/Facades/Facade.php(363): Illuminate/View/Compilers/BladeCompiler::render('    <?php $layo...', Array)
#10 C:/Users/Mugahed/Desktop/MyMetier/vendor/livewire/livewire/src/Features/SupportPageComponents/SupportPageComponents.php(154): Illuminate/Support/Facades/Facade::__callStatic('render', Array)
#11 C:/Users/Mugahed/Desktop/MyMetier/vendor/livewire/livewire/src/Features/SupportPageComponents/HandlesPageComponents.php(26): Livewire/Features/SupportPageComponents/SupportPageComponents::renderContentsIntoLayout('<div wire:snaps...', Object(Livewire/Features/SupportPageComponents/PageComponentConfig))
#12 C:/Users/Mugahed/Desktop/MyMetier/vendor/laravel/framework/src/Illuminate/Routing/ControllerDispatcher.php(46): Livewire/Component->__invoke()
#13 C:/Users/Mugahed/Desktop/MyMetier/vendor/laravel/framework/src/Illuminate/Routing/Route.php(269): Illuminate/Routing/ControllerDispatcher->dispatch(Object(Illuminate/Routing/Route), Object(App/Livewire/HomePage), '__invoke')
#14 C:/Users/Mugahed/Desktop/MyMetier/vendor/laravel/framework/src/Illuminate/Routing/Route.php(215): Illuminate/Routing/Route->runController()
#15 C:/Users/Mugahed/Desktop/MyMetier/vendor/laravel/framework/src/Illuminate/Routing/Router.php(822): Illuminate/Routing/Route->run()
#16 C:/Users/Mugahed/Desktop/MyMetier/vendor/laravel/framework/src/Illuminate/Pipeline/Pipeline.php(180): Illuminate/Routing/Router->{closure:Illuminate/Routing/Router::runRouteWithinStack():821}(Object(Illuminate/Http/Request))
#17 C:/Users/Mugahed/Desktop/MyMetier/app/Http/Middleware/LogResponseTime.php(20): Illuminate/Pipeline/Pipeline->{closure:Illuminate/Pipeline/Pipeline::prepareDestination():178}(Object(Illuminate/Http/Request))
#18 C:/Users/Mugahed/Desktop/MyMetier/vendor/laravel/framework/src/Illuminate/Pipeline/Pipeline.php(219): App/Http/Middleware/LogResponseTime->handle(Object(Illuminate/Http/Request), Object(Closure))
#19 C:/Users/Mugahed/Desktop/MyMetier/app/Http/Middleware/RegenerateSessionAfterLogin.php(25): Illuminate/Pipeline/Pipeline->{closure:{closure:Illuminate/Pipeline/Pipeline::carry():194}:195}(Object(Illuminate/Http/Request))
#20 C:/Users/Mugahed/Desktop/MyMetier/vendor/laravel/framework/src/Illuminate/Pipeline/Pipeline.php(219): App/Http/Middleware/RegenerateSessionAfterLogin->handle(Object(Illuminate/Http/Request), Object(Closure))
#21 C:/Users/Mugahed/Desktop/MyMetier/vendor/laravel/framework/src/Illuminate/Routing/Middleware/SubstituteBindings.php(52): Illuminate/Pipeline/Pipeline->{closure:{closure:Illuminate/Pipeline/Pipeline::carry():194}:195}(Object(Illuminate/Http/Request))
#22 C:/Users/Mugahed/Desktop/MyMetier/vendor/laravel/framework/src/Illuminate/Pipeline/Pipeline.php(219): Illuminate/Routing/Middleware/SubstituteBindings->handle(Object(Illuminate/Http/Request), Object(Closure))
#23 C:/Users/Mugahed/Desktop/MyMetier/vendor/laravel/framework/src/Illuminate/Foundation/Http/Middleware/PreventRequestForgery.php(104): Illuminate/Pipeline/Pipeline->{closure:{closure:Illuminate/Pipeline/Pipeline::carry():194}:195}(Object(Illuminate/Http/Request))
#24 C:/Users/Mugahed/Desktop/MyMetier/vendor/laravel/framework/src/Illuminate/Pipeline/Pipeline.php(219): Illuminate/Foundation/Http/Middleware/PreventRequestForgery->handle(Object(Illuminate/Http/Request), Object(Closure))
#25 C:/Users/Mugahed/Desktop/MyMetier/vendor/laravel/framework/src/Illuminate/View/Middleware/ShareErrorsFromSession.php(48): Illuminate/Pipeline/Pipeline->{closure:{closure:Illuminate/Pipeline/Pipeline::carry():194}:195}(Object(Illuminate/Http/Request))
#26 C:/Users/Mugahed/Desktop/MyMetier/vendor/laravel/framework/src/Illuminate/Pipeline/Pipeline.php(219): Illuminate/View/Middleware/ShareErrorsFromSession->handle(Object(Illuminate/Http/Request), Object(Closure))
#27 C:/Users/Mugahed/Desktop/MyMetier/vendor/laravel/framework/src/Illuminate/Session/Middleware/StartSession.php(120): Illuminate/Pipeline/Pipeline->{closure:{closure:Illuminate/Pipeline/Pipeline::carry():194}:195}(Object(Illuminate/Http/Request))
#28 C:/Users/Mugahed/Desktop/MyMetier/vendor/laravel/framework/src/Illuminate/Session/Middleware/StartSession.php(63): Illuminate/Session/Middleware/StartSession->handleStatefulRequest(Object(Illuminate/Http/Request), Object(Illuminate/Session/Store), Object(Closure))
#29 C:/Users/Mugahed/Desktop/MyMetier/vendor/laravel/framework/src/Illuminate/Pipeline/Pipeline.php(219): Illuminate/Session/Middleware/StartSession->handle(Object(Illuminate/Http/Request), Object(Closure))
#30 C:/Users/Mugahed/Desktop/MyMetier/vendor/laravel/framework/src/Illuminate/Cookie/Middleware/AddQueuedCookiesToResponse.php(36): Illuminate/Pipeline/Pipeline->{closure:{closure:Illuminate/Pipeline/Pipeline::carry():194}:195}(Object(Illuminate/Http/Request))
#31 C:/Users/Mugahed/Desktop/MyMetier/vendor/laravel/framework/src/Illuminate/Pipeline/Pipeline.php(219): Illuminate/Cookie/Middleware/AddQueuedCookiesToResponse->handle(Object(Illuminate/Http/Request), Object(Closure))
#32 C:/Users/Mugahed/Desktop/MyMetier/vendor/laravel/framework/src/Illuminate/Cookie/Middleware/EncryptCookies.php(74): Illuminate/Pipeline/Pipeline->{closure:{closure:Illuminate/Pipeline/Pipeline::carry():194}:195}(Object(Illuminate/Http/Request))
#33 C:/Users/Mugahed/Desktop/MyMetier/vendor/laravel/framework/src/Illuminate/Pipeline/Pipeline.php(219): Illuminate/Cookie/Middleware/EncryptCookies->handle(Object(Illuminate/Http/Request), Object(Closure))
#34 C:/Users/Mugahed/Desktop/MyMetier/vendor/laravel/framework/src/Illuminate/Pipeline/Pipeline.php(137): Illuminate/Pipeline/Pipeline->{closure:{closure:Illuminate/Pipeline/Pipeline::carry():194}:195}(Object(Illuminate/Http/Request))
#35 C:/Users/Mugahed/Desktop/MyMetier/vendor/laravel/framework/src/Illuminate/Routing/Router.php(821): Illuminate/Pipeline/Pipeline->then(Object(Closure))
#36 C:/Users/Mugahed/Desktop/MyMetier/vendor/laravel/framework/src/Illuminate/Routing/Router.php(800): Illuminate/Routing/Router->runRouteWithinStack(Object(Illuminate/Routing/Route), Object(Illuminate/Http/Request))
#37 C:/Users/Mugahed/Desktop/MyMetier/vendor/laravel/framework/src/Illuminate/Routing/Router.php(764): Illuminate/Routing/Router->runRoute(Object(Illuminate/Http/Request), Object(Illuminate/Routing/Route))
#38 C:/Users/Mugahed/Desktop/MyMetier/vendor/laravel/framework/src/Illuminate/Routing/Router.php(753): Illuminate/Routing/Router->dispatchToRoute(Object(Illuminate/Http/Request))
#39 C:/Users/Mugahed/Desktop/MyMetier/vendor/laravel/framework/src/Illuminate/Foundation/Http/Kernel.php(200): Illuminate/Routing/Router->dispatch(Object(Illuminate/Http/Request))
#40 C:/Users/Mugahed/Desktop/MyMetier/vendor/laravel/framework/src/Illuminate/Pipeline/Pipeline.php(180): Illuminate/Foundation/Http/Kernel->{closure:Illuminate/Foundation/Http/Kernel::dispatchToRouter():197}(Object(Illuminate/Http/Request))
#41 C:/Users/Mugahed/Desktop/MyMetier/vendor/livewire/livewire/src/Features/SupportDisablingBackButtonCache/DisableBackButtonCacheMiddleware.php(19): Illuminate/Pipeline/Pipeline->{closure:Illuminate/Pipeline/Pipeline::prepareDestination():178}(Object(Illuminate/Http/Request))
#42 C:/Users/Mugahed/Desktop/MyMetier/vendor/laravel/framework/src/Illuminate/Pipeline/Pipeline.php(219): Livewire/Features/SupportDisablingBackButtonCache/DisableBackButtonCacheMiddleware->handle(Object(Illuminate/Http/Request), Object(Closure))
#43 C:/Users/Mugahed/Desktop/MyMetier/vendor/laravel/framework/src/Illuminate/Foundation/Http/Middleware/TransformsRequest.php(21): Illuminate/Pipeline/Pipeline->{closure:{closure:Illuminate/Pipeline/Pipeline::carry():194}:195}(Object(Illuminate/Http/Request))
#44 C:/Users/Mugahed/Desktop/MyMetier/vendor/laravel/framework/src/Illuminate/Foundation/Http/Middleware/ConvertEmptyStringsToNull.php(31): Illuminate/Foundation/Http/Middleware/TransformsRequest->handle(Object(Illuminate/Http/Request), Object(Closure))
#45 C:/Users/Mugahed/Desktop/MyMetier/vendor/laravel/framework/src/Illuminate/Pipeline/Pipeline.php(219): Illuminate/Foundation/Http/Middleware/ConvertEmptyStringsToNull->handle(Object(Illuminate/Http/Request), Object(Closure))
#46 C:/Users/Mugahed/Desktop/MyMetier/vendor/laravel/framework/src/Illuminate/Foundation/Http/Middleware/TransformsRequest.php(21): Illuminate/Pipeline/Pipeline->{closure:{closure:Illuminate/Pipeline/Pipeline::carry():194}:195}(Object(Illuminate/Http/Request))
#47 C:/Users/Mugahed/Desktop/MyMetier/vendor/laravel/framework/src/Illuminate/Foundation/Http/Middleware/TrimStrings.php(51): Illuminate/Foundation/Http/Middleware/TransformsRequest->handle(Object(Illuminate/Http/Request), Object(Closure))
#48 C:/Users/Mugahed/Desktop/MyMetier/vendor/laravel/framework/src/Illuminate/Pipeline/Pipeline.php(219): Illuminate/Foundation/Http/Middleware/TrimStrings->handle(Object(Illuminate/Http/Request), Object(Closure))
#49 C:/Users/Mugahed/Desktop/MyMetier/vendor/laravel/framework/src/Illuminate/Http/Middleware/ValidatePostSize.php(27): Illuminate/Pipeline/Pipeline->{closure:{closure:Illuminate/Pipeline/Pipeline::carry():194}:195}(Object(Illuminate/Http/Request))
#50 C:/Users/Mugahed/Desktop/MyMetier/vendor/laravel/framework/src/Illuminate/Pipeline/Pipeline.php(219): Illuminate/Http/Middleware/ValidatePostSize->handle(Object(Illuminate/Http/Request), Object(Closure))
#51 C:/Users/Mugahed/Desktop/MyMetier/vendor/laravel/framework/src/Illuminate/Foundation/Http/Middleware/PreventRequestsDuringMaintenance.php(109): Illuminate/Pipeline/Pipeline->{closure:{closure:Illuminate/Pipeline/Pipeline::carry():194}:195}(Object(Illuminate/Http/Request))
#52 C:/Users/Mugahed/Desktop/MyMetier/vendor/laravel/framework/src/Illuminate/Pipeline/Pipeline.php(219): Illuminate/Foundation/Http/Middleware/PreventRequestsDuringMaintenance->handle(Object(Illuminate/Http/Request), Object(Closure))
#53 C:/Users/Mugahed/Desktop/MyMetier/vendor/laravel/framework/src/Illuminate/Http/Middleware/HandleCors.php(61): Illuminate/Pipeline/Pipeline->{closure:{closure:Illuminate/Pipeline/Pipeline::carry():194}:195}(Object(Illuminate/Http/Request))
#54 C:/Users/Mugahed/Desktop/MyMetier/vendor/laravel/framework/src/Illuminate/Pipeline/Pipeline.php(219): Illuminate/Http/Middleware/HandleCors->handle(Object(Illuminate/Http/Request), Object(Closure))
#55 C:/Users/Mugahed/Desktop/MyMetier/vendor/laravel/framework/src/Illuminate/Http/Middleware/TrustProxies.php(58): Illuminate/Pipeline/Pipeline->{closure:{closure:Illuminate/Pipeline/Pipeline::carry():194}:195}(Object(Illuminate/Http/Request))
#56 C:/Users/Mugahed/Desktop/MyMetier/vendor/laravel/framework/src/Illuminate/Pipeline/Pipeline.php(219): Illuminate/Http/Middleware/TrustProxies->handle(Object(Illuminate/Http/Request), Object(Closure))
#57 C:/Users/Mugahed/Desktop/MyMetier/vendor/laravel/framework/src/Illuminate/Foundation/Http/Middleware/InvokeDeferredCallbacks.php(22): Illuminate/Pipeline/Pipeline->{closure:{closure:Illuminate/Pipeline/Pipeline::carry():194}:195}(Object(Illuminate/Http/Request))
#58 C:/Users/Mugahed/Desktop/MyMetier/vendor/laravel/framework/src/Illuminate/Pipeline/Pipeline.php(219): Illuminate/Foundation/Http/Middleware/InvokeDeferredCallbacks->handle(Object(Illuminate/Http/Request), Object(Closure))
#59 C:/Users/Mugahed/Desktop/MyMetier/vendor/laravel/framework/src/Illuminate/Http/Middleware/ValidatePathEncoding.php(28): Illuminate/Pipeline/Pipeline->{closure:{closure:Illuminate/Pipeline/Pipeline::carry():194}:195}(Object(Illuminate/Http/Request))
#60 C:/Users/Mugahed/Desktop/MyMetier/vendor/laravel/framework/src/Illuminate/Pipeline/Pipeline.php(219): Illuminate/Http/Middleware/ValidatePathEncoding->handle(Object(Illuminate/Http/Request), Object(Closure))
#61 C:/Users/Mugahed/Desktop/MyMetier/vendor/laravel/framework/src/Illuminate/Pipeline/Pipeline.php(137): Illuminate/Pipeline/Pipeline->{closure:{closure:Illuminate/Pipeline/Pipeline::carry():194}:195}(Object(Illuminate/Http/Request))
#62 C:/Users/Mugahed/Desktop/MyMetier/vendor/laravel/framework/src/Illuminate/Foundation/Http/Kernel.php(175): Illuminate/Pipeline/Pipeline->then(Object(Closure))
#63 C:/Users/Mugahed/Desktop/MyMetier/vendor/laravel/framework/src/Illuminate/Foundation/Http/Kernel.php(144): Illuminate/Foundation/Http/Kernel->sendRequestThroughRouter(Object(Illuminate/Http/Request))
#64 C:/Users/Mugahed/Desktop/MyMetier/vendor/laravel/framework/src/Illuminate/Foundation/Application.php(1220): Illuminate/Foundation/Http/Kernel->handle(Object(Illuminate/Http/Request))
#65 C:/Users/Mugahed/Desktop/MyMetier/public/index.php(20): Illuminate/Foundation/Application->handleRequest(Object(Illuminate/Http/Request))
#66 C:/Program Files/Herd/resources/app.asar.unpacked/resources/valet/server.php(139): require('C://Users//Mugahe...')
#67 {main}

[previous exception] [object] (Illuminate\\View\\ViewException(code: 0): Vite manifest not found at: C:\\Users\\Mugahed\\Desktop\\MyMetier\\public\\build/manifest.json (View: C:\\Users\\Mugahed\\Desktop\\MyMetier\\resources\\views\\components\\layouts\\app.blade.php) at C:/Users/Mugahed/Desktop/MyMetier/vendor/laravel/framework/src/Illuminate/Foundation/Vite.php:946)
[stacktrace]
#0 C:/Users/Mugahed/Desktop/MyMetier/vendor/livewire/livewire/src/Mechanisms/ExtendBlade/ExtendedCompilerEngine.php(58): Illuminate/View/Engines/CompilerEngine->handleViewException(Object(Illuminate/Foundation/ViteManifestNotFoundException), 2)
#1 C:/Users/Mugahed/Desktop/MyMetier/vendor/laravel/framework/src/Illuminate/View/Engines/PhpEngine.php(59): Livewire/Mechanisms/ExtendBlade/ExtendedCompilerEngine->handleViewException(Object(Illuminate/Foundation/ViteManifestNotFoundException), 2)
#2 C:/Users/Mugahed/Desktop/MyMetier/vendor/livewire/livewire/src/Mechanisms/ExtendBlade/ExtendedCompilerEngine.php(22): Illuminate/View/Engines/PhpEngine->evaluatePath('C://Users//Mugahe...', Array)
#3 C:/Users/Mugahed/Desktop/MyMetier/vendor/laravel/framework/src/Illuminate/View/Engines/CompilerEngine.php(76): Livewire/Mechanisms/ExtendBlade/ExtendedCompilerEngine->evaluatePath('C://Users//Mugahe...', Array)
#4 C:/Users/Mugahed/Desktop/MyMetier/vendor/livewire/livewire/src/Mechanisms/ExtendBlade/ExtendedCompilerEngine.php(10): Illuminate/View/Engines/CompilerEngine->get('C://Users//Mugahe...', Array)
#5 C:/Users/Mugahed/Desktop/MyMetier/vendor/laravel/framework/src/Illuminate/View/View.php(208): Livewire/Mechanisms/ExtendBlade/ExtendedCompilerEngine->get('C://Users//Mugahe...', Array)
#6 C:/Users/Mugahed/Desktop/MyMetier/vendor/laravel/framework/src/Illuminate/View/View.php(191): Illuminate/View/View->getContents()
#7 C:/Users/Mugahed/Desktop/MyMetier/vendor/laravel/framework/src/Illuminate/View/View.php(160): Illuminate/View/View->renderContents()
#8 C:/Users/Mugahed/Desktop/MyMetier/vendor/laravel/framework/src/Illuminate/View/Concerns/ManagesComponents.php(103): Illuminate/View/View->render()
#9 C:/Users/Mugahed/Desktop/MyMetier/storage/framework/views/ff04fcdb3c928c7d4b903b5450a05f1e.php(17): Illuminate/View/Factory->renderComponent()
#10 C:/Users/Mugahed/Desktop/MyMetier/vendor/laravel/framework/src/Illuminate/Filesystem/Filesystem.php(123): require('C://Users//Mugahe...')
#11 C:/Users/Mugahed/Desktop/MyMetier/vendor/laravel/framework/src/Illuminate/Filesystem/Filesystem.php(124): Illuminate/Filesystem/Filesystem::{closure:Illuminate/Filesystem/Filesystem::getRequire():120}()
#12 C:/Users/Mugahed/Desktop/MyMetier/vendor/laravel/framework/src/Illuminate/View/Engines/PhpEngine.php(57): Illuminate/Filesystem/Filesystem->getRequire('C://Users//Mugahe...', Array)
#13 C:/Users/Mugahed/Desktop/MyMetier/vendor/livewire/livewire/src/Mechanisms/ExtendBlade/ExtendedCompilerEngine.php(22): Illuminate/View/Engines/PhpEngine->evaluatePath('C://Users//Mugahe...', Array)
#14 C:/Users/Mugahed/Desktop/MyMetier/vendor/laravel/framework/src/Illuminate/View/Engines/CompilerEngine.php(76): Livewire/Mechanisms/ExtendBlade/ExtendedCompilerEngine->evaluatePath('C://Users//Mugahe...', Array)
#15 C:/Users/Mugahed/Desktop/MyMetier/vendor/livewire/livewire/src/Mechanisms/ExtendBlade/ExtendedCompilerEngine.php(10): Illuminate/View/Engines/CompilerEngine->get('C://Users//Mugahe...', Array)
#16 C:/Users/Mugahed/Desktop/MyMetier/vendor/laravel/framework/src/Illuminate/View/View.php(208): Livewire/Mechanisms/ExtendBlade/ExtendedCompilerEngine->get('C://Users//Mugahe...', Array)
#17 C:/Users/Mugahed/Desktop/MyMetier/vendor/laravel/framework/src/Illuminate/View/View.php(191): Illuminate/View/View->getContents()
#18 C:/Users/Mugahed/Desktop/MyMetier/vendor/laravel/framework/src/Illuminate/View/View.php(160): Illuminate/View/View->renderContents()
#19 C:/Users/Mugahed/Desktop/MyMetier/vendor/laravel/framework/src/Illuminate/View/Compilers/BladeCompiler.php(353): Illuminate/View/View->render()
#20 C:/Users/Mugahed/Desktop/MyMetier/vendor/laravel/framework/src/Illuminate/Support/Facades/Facade.php(363): Illuminate/View/Compilers/BladeCompiler::render('    <?php $layo...', Array)
#21 C:/Users/Mugahed/Desktop/MyMetier/vendor/livewire/livewire/src/Features/SupportPageComponents/SupportPageComponents.php(154): Illuminate/Support/Facades/Facade::__callStatic('render', Array)
#22 C:/Users/Mugahed/Desktop/MyMetier/vendor/livewire/livewire/src/Features/SupportPageComponents/HandlesPageComponents.php(26): Livewire/Features/SupportPageComponents/SupportPageComponents::renderContentsIntoLayout('<div wire:snaps...', Object(Livewire/Features/SupportPageComponents/PageComponentConfig))
#23 C:/Users/Mugahed/Desktop/MyMetier/vendor/laravel/framework/src/Illuminate/Routing/ControllerDispatcher.php(46): Livewire/Component->__invoke()
#24 C:/Users/Mugahed/Desktop/MyMetier/vendor/laravel/framework/src/Illuminate/Routing/Route.php(269): Illuminate/Routing/ControllerDispatcher->dispatch(Object(Illuminate/Routing/Route), Object(App/Livewire/HomePage), '__invoke')
#25 C:/Users/Mugahed/Desktop/MyMetier/vendor/laravel/framework/src/Illuminate/Routing/Route.php(215): Illuminate/Routing/Route->runController()
#26 C:/Users/Mugahed/Desktop/MyMetier/vendor/laravel/framework/src/Illuminate/Routing/Router.php(822): Illuminate/Routing/Route->run()
#27 C:/Users/Mugahed/Desktop/MyMetier/vendor/laravel/framework/src/Illuminate/Pipeline/Pipeline.php(180): Illuminate/Routing/Router->{closure:Illuminate/Routing/Router::runRouteWithinStack():821}(Object(Illuminate/Http/Request))
#28 C:/Users/Mugahed/Desktop/MyMetier/app/Http/Middleware/LogResponseTime.php(20): Illuminate/Pipeline/Pipeline->{closure:Illuminate/Pipeline/Pipeline::prepareDestination():178}(Object(Illuminate/Http/Request))
#29 C:/Users/Mugahed/Desktop/MyMetier/vendor/laravel/framework/src/Illuminate/Pipeline/Pipeline.php(219): App/Http/Middleware/LogResponseTime->handle(Object(Illuminate/Http/Request), Object(Closure))
#30 C:/Users/Mugahed/Desktop/MyMetier/app/Http/Middleware/RegenerateSessionAfterLogin.php(25): Illuminate/Pipeline/Pipeline->{closure:{closure:Illuminate/Pipeline/Pipeline::carry():194}:195}(Object(Illuminate/Http/Request))
#31 C:/Users/Mugahed/Desktop/MyMetier/vendor/laravel/framework/src/Illuminate/Pipeline/Pipeline.php(219): App/Http/Middleware/RegenerateSessionAfterLogin->handle(Object(Illuminate/Http/Request), Object(Closure))
#32 C:/Users/Mugahed/Desktop/MyMetier/vendor/laravel/framework/src/Illuminate/Routing/Middleware/SubstituteBindings.php(52): Illuminate/Pipeline/Pipeline->{closure:{closure:Illuminate/Pipeline/Pipeline::carry():194}:195}(Object(Illuminate/Http/Request))
#33 C:/Users/Mugahed/Desktop/MyMetier/vendor/laravel/framework/src/Illuminate/Pipeline/Pipeline.php(219): Illuminate/Routing/Middleware/SubstituteBindings->handle(Object(Illuminate/Http/Request), Object(Closure))
#34 C:/Users/Mugahed/Desktop/MyMetier/vendor/laravel/framework/src/Illuminate/Foundation/Http/Middleware/PreventRequestForgery.php(104): Illuminate/Pipeline/Pipeline->{closure:{closure:Illuminate/Pipeline/Pipeline::carry():194}:195}(Object(Illuminate/Http/Request))
#35 C:/Users/Mugahed/Desktop/MyMetier/vendor/laravel/framework/src/Illuminate/Pipeline/Pipeline.php(219): Illuminate/Foundation/Http/Middleware/PreventRequestForgery->handle(Object(Illuminate/Http/Request), Object(Closure))
#36 C:/Users/Mugahed/Desktop/MyMetier/vendor/laravel/framework/src/Illuminate/View/Middleware/ShareErrorsFromSession.php(48): Illuminate/Pipeline/Pipeline->{closure:{closure:Illuminate/Pipeline/Pipeline::carry():194}:195}(Object(Illuminate/Http/Request))
#37 C:/Users/Mugahed/Desktop/MyMetier/vendor/laravel/framework/src/Illuminate/Pipeline/Pipeline.php(219): Illuminate/View/Middleware/ShareErrorsFromSession->handle(Object(Illuminate/Http/Request), Object(Closure))
#38 C:/Users/Mugahed/Desktop/MyMetier/vendor/laravel/framework/src/Illuminate/Session/Middleware/StartSession.php(120): Illuminate/Pipeline/Pipeline->{closure:{closure:Illuminate/Pipeline/Pipeline::carry():194}:195}(Object(Illuminate/Http/Request))
#39 C:/Users/Mugahed/Desktop/MyMetier/vendor/laravel/framework/src/Illuminate/Session/Middleware/StartSession.php(63): Illuminate/Session/Middleware/StartSession->handleStatefulRequest(Object(Illuminate/Http/Request), Object(Illuminate/Session/Store), Object(Closure))
#40 C:/Users/Mugahed/Desktop/MyMetier/vendor/laravel/framework/src/Illuminate/Pipeline/Pipeline.php(219): Illuminate/Session/Middleware/StartSession->handle(Object(Illuminate/Http/Request), Object(Closure))
#41 C:/Users/Mugahed/Desktop/MyMetier/vendor/laravel/framework/src/Illuminate/Cookie/Middleware/AddQueuedCookiesToResponse.php(36): Illuminate/Pipeline/Pipeline->{closure:{closure:Illuminate/Pipeline/Pipeline::carry():194}:195}(Object(Illuminate/Http/Request))
#42 C:/Users/Mugahed/Desktop/MyMetier/vendor/laravel/framework/src/Illuminate/Pipeline/Pipeline.php(219): Illuminate/Cookie/Middleware/AddQueuedCookiesToResponse->handle(Object(Illuminate/Http/Request), Object(Closure))
#43 C:/Users/Mugahed/Desktop/MyMetier/vendor/laravel/framework/src/Illuminate/Cookie/Middleware/EncryptCookies.php(74): Illuminate/Pipeline/Pipeline->{closure:{closure:Illuminate/Pipeline/Pipeline::carry():194}:195}(Object(Illuminate/Http/Request))
#44 C:/Users/Mugahed/Desktop/MyMetier/vendor/laravel/framework/src/Illuminate/Pipeline/Pipeline.php(219): Illuminate/Cookie/Middleware/EncryptCookies->handle(Object(Illuminate/Http/Request), Object(Closure))
#45 C:/Users/Mugahed/Desktop/MyMetier/vendor/laravel/framework/src/Illuminate/Pipeline/Pipeline.php(137): Illuminate/Pipeline/Pipeline->{closure:{closure:Illuminate/Pipeline/Pipeline::carry():194}:195}(Object(Illuminate/Http/Request))
#46 C:/Users/Mugahed/Desktop/MyMetier/vendor/laravel/framework/src/Illuminate/Routing/Router.php(821): Illuminate/Pipeline/Pipeline->then(Object(Closure))
#47 C:/Users/Mugahed/Desktop/MyMetier/vendor/laravel/framework/src/Illuminate/Routing/Router.php(800): Illuminate/Routing/Router->runRouteWithinStack(Object(Illuminate/Routing/Route), Object(Illuminate/Http/Request))
#48 C:/Users/Mugahed/Desktop/MyMetier/vendor/laravel/framework/src/Illuminate/Routing/Router.php(764): Illuminate/Routing/Router->runRoute(Object(Illuminate/Http/Request), Object(Illuminate/Routing/Route))
#49 C:/Users/Mugahed/Desktop/MyMetier/vendor/laravel/framework/src/Illuminate/Routing/Router.php(753): Illuminate/Routing/Router->dispatchToRoute(Object(Illuminate/Http/Request))
#50 C:/Users/Mugahed/Desktop/MyMetier/vendor/laravel/framework/src/Illuminate/Foundation/Http/Kernel.php(200): Illuminate/Routing/Router->dispatch(Object(Illuminate/Http/Request))
#51 C:/Users/Mugahed/Desktop/MyMetier/vendor/laravel/framework/src/Illuminate/Pipeline/Pipeline.php(180): Illuminate/Foundation/Http/Kernel->{closure:Illuminate/Foundation/Http/Kernel::dispatchToRouter():197}(Object(Illuminate/Http/Request))
#52 C:/Users/Mugahed/Desktop/MyMetier/vendor/livewire/livewire/src/Features/SupportDisablingBackButtonCache/DisableBackButtonCacheMiddleware.php(19): Illuminate/Pipeline/Pipeline->{closure:Illuminate/Pipeline/Pipeline::prepareDestination():178}(Object(Illuminate/Http/Request))
#53 C:/Users/Mugahed/Desktop/MyMetier/vendor/laravel/framework/src/Illuminate/Pipeline/Pipeline.php(219): Livewire/Features/SupportDisablingBackButtonCache/DisableBackButtonCacheMiddleware->handle(Object(Illuminate/Http/Request), Object(Closure))
#54 C:/Users/Mugahed/Desktop/MyMetier/vendor/laravel/framework/src/Illuminate/Foundation/Http/Middleware/TransformsRequest.php(21): Illuminate/Pipeline/Pipeline->{closure:{closure:Illuminate/Pipeline/Pipeline::carry():194}:195}(Object(Illuminate/Http/Request))
#55 C:/Users/Mugahed/Desktop/MyMetier/vendor/laravel/framework/src/Illuminate/Foundation/Http/Middleware/ConvertEmptyStringsToNull.php(31): Illuminate/Foundation/Http/Middleware/TransformsRequest->handle(Object(Illuminate/Http/Request), Object(Closure))
#56 C:/Users/Mugahed/Desktop/MyMetier/vendor/laravel/framework/src/Illuminate/Pipeline/Pipeline.php(219): Illuminate/Foundation/Http/Middleware/ConvertEmptyStringsToNull->handle(Object(Illuminate/Http/Request), Object(Closure))
#57 C:/Users/Mugahed/Desktop/MyMetier/vendor/laravel/framework/src/Illuminate/Foundation/Http/Middleware/TransformsRequest.php(21): Illuminate/Pipeline/Pipeline->{closure:{closure:Illuminate/Pipeline/Pipeline::carry():194}:195}(Object(Illuminate/Http/Request))
#58 C:/Users/Mugahed/Desktop/MyMetier/vendor/laravel/framework/src/Illuminate/Foundation/Http/Middleware/TrimStrings.php(51): Illuminate/Foundation/Http/Middleware/TransformsRequest->handle(Object(Illuminate/Http/Request), Object(Closure))
#59 C:/Users/Mugahed/Desktop/MyMetier/vendor/laravel/framework/src/Illuminate/Pipeline/Pipeline.php(219): Illuminate/Foundation/Http/Middleware/TrimStrings->handle(Object(Illuminate/Http/Request), Object(Closure))
#60 C:/Users/Mugahed/Desktop/MyMetier/vendor/laravel/framework/src/Illuminate/Http/Middleware/ValidatePostSize.php(27): Illuminate/Pipeline/Pipeline->{closure:{closure:Illuminate/Pipeline/Pipeline::carry():194}:195}(Object(Illuminate/Http/Request))
#61 C:/Users/Mugahed/Desktop/MyMetier/vendor/laravel/framework/src/Illuminate/Pipeline/Pipeline.php(219): Illuminate/Http/Middleware/ValidatePostSize->handle(Object(Illuminate/Http/Request), Object(Closure))
#62 C:/Users/Mugahed/Desktop/MyMetier/vendor/laravel/framework/src/Illuminate/Foundation/Http/Middleware/PreventRequestsDuringMaintenance.php(109): Illuminate/Pipeline/Pipeline->{closure:{closure:Illuminate/Pipeline/Pipeline::carry():194}:195}(Object(Illuminate/Http/Request))
#63 C:/Users/Mugahed/Desktop/MyMetier/vendor/laravel/framework/src/Illuminate/Pipeline/Pipeline.php(219): Illuminate/Foundation/Http/Middleware/PreventRequestsDuringMaintenance->handle(Object(Illuminate/Http/Request), Object(Closure))
#64 C:/Users/Mugahed/Desktop/MyMetier/vendor/laravel/framework/src/Illuminate/Http/Middleware/HandleCors.php(61): Illuminate/Pipeline/Pipeline->{closure:{closure:Illuminate/Pipeline/Pipeline::carry():194}:195}(Object(Illuminate/Http/Request))
#65 C:/Users/Mugahed/Desktop/MyMetier/vendor/laravel/framework/src/Illuminate/Pipeline/Pipeline.php(219): Illuminate/Http/Middleware/HandleCors->handle(Object(Illuminate/Http/Request), Object(Closure))
#66 C:/Users/Mugahed/Desktop/MyMetier/vendor/laravel/framework/src/Illuminate/Http/Middleware/TrustProxies.php(58): Illuminate/Pipeline/Pipeline->{closure:{closure:Illuminate/Pipeline/Pipeline::carry():194}:195}(Object(Illuminate/Http/Request))
#67 C:/Users/Mugahed/Desktop/MyMetier/vendor/laravel/framework/src/Illuminate/Pipeline/Pipeline.php(219): Illuminate/Http/Middleware/TrustProxies->handle(Object(Illuminate/Http/Request), Object(Closure))
#68 C:/Users/Mugahed/Desktop/MyMetier/vendor/laravel/framework/src/Illuminate/Foundation/Http/Middleware/InvokeDeferredCallbacks.php(22): Illuminate/Pipeline/Pipeline->{closure:{closure:Illuminate/Pipeline/Pipeline::carry():194}:195}(Object(Illuminate/Http/Request))
#69 C:/Users/Mugahed/Desktop/MyMetier/vendor/laravel/framework/src/Illuminate/Pipeline/Pipeline.php(219): Illuminate/Foundation/Http/Middleware/InvokeDeferredCallbacks->handle(Object(Illuminate/Http/Request), Object(Closure))
#70 C:/Users/Mugahed/Desktop/MyMetier/vendor/laravel/framework/src/Illuminate/Http/Middleware/ValidatePathEncoding.php(28): Illuminate/Pipeline/Pipeline->{closure:{closure:Illuminate/Pipeline/Pipeline::carry():194}:195}(Object(Illuminate/Http/Request))
#71 C:/Users/Mugahed/Desktop/MyMetier/vendor/laravel/framework/src/Illuminate/Pipeline/Pipeline.php(219): Illuminate/Http/Middleware/ValidatePathEncoding->handle(Object(Illuminate/Http/Request), Object(Closure))
#72 C:/Users/Mugahed/Desktop/MyMetier/vendor/laravel/framework/src/Illuminate/Pipeline/Pipeline.php(137): Illuminate/Pipeline/Pipeline->{closure:{closure:Illuminate/Pipeline/Pipeline::carry():194}:195}(Object(Illuminate/Http/Request))
#73 C:/Users/Mugahed/Desktop/MyMetier/vendor/laravel/framework/src/Illuminate/Foundation/Http/Kernel.php(175): Illuminate/Pipeline/Pipeline->then(Object(Closure))
#74 C:/Users/Mugahed/Desktop/MyMetier/vendor/laravel/framework/src/Illuminate/Foundation/Http/Kernel.php(144): Illuminate/Foundation/Http/Kernel->sendRequestThroughRouter(Object(Illuminate/Http/Request))
#75 C:/Users/Mugahed/Desktop/MyMetier/vendor/laravel/framework/src/Illuminate/Foundation/Application.php(1220): Illuminate/Foundation/Http/Kernel->handle(Object(Illuminate/Http/Request))
#76 C:/Users/Mugahed/Desktop/MyMetier/public/index.php(20): Illuminate/Foundation/Application->handleRequest(Object(Illuminate/Http/Request))
#77 C:/Program Files/Herd/resources/app.asar.unpacked/resources/valet/server.php(139): require('C://Users//Mugahe...')
#78 {main}

[previous exception] [object] (Illuminate\\Foundation\\ViteManifestNotFoundException(code: 0): Vite manifest not found at: C:\\Users\\Mugahed\\Desktop\\MyMetier\\public\\build/manifest.json at C:/Users/Mugahed/Desktop/MyMetier/vendor/laravel/framework/src/Illuminate/Foundation/Vite.php:946)
[stacktrace]
#0 C:/Users/Mugahed/Desktop/MyMetier/vendor/laravel/framework/src/Illuminate/Foundation/Vite.php(384): Illuminate/Foundation/Vite->manifest('build')
#1 C:/Users/Mugahed/Desktop/MyMetier/storage/framework/views/9721e44a0102645f700cb5603e554144.php(20): Illuminate/Foundation/Vite->__invoke(Object(Illuminate/Support/Collection))
#2 C:/Users/Mugahed/Desktop/MyMetier/vendor/laravel/framework/src/Illuminate/Filesystem/Filesystem.php(123): require('C://Users//Mugahe...')
#3 C:/Users/Mugahed/Desktop/MyMetier/vendor/laravel/framework/src/Illuminate/Filesystem/Filesystem.php(124): Illuminate/Filesystem/Filesystem::{closure:Illuminate/Filesystem/Filesystem::getRequire():120}()
#4 C:/Users/Mugahed/Desktop/MyMetier/vendor/laravel/framework/src/Illuminate/View/Engines/PhpEngine.php(57): Illuminate/Filesystem/Filesystem->getRequire('C://Users//Mugahe...', Array)
#5 C:/Users/Mugahed/Desktop/MyMetier/vendor/livewire/livewire/src/Mechanisms/ExtendBlade/ExtendedCompilerEngine.php(22): Illuminate/View/Engines/PhpEngine->evaluatePath('C://Users//Mugahe...', Array)
#6 C:/Users/Mugahed/Desktop/MyMetier/vendor/laravel/framework/src/Illuminate/View/Engines/CompilerEngine.php(76): Livewire/Mechanisms/ExtendBlade/ExtendedCompilerEngine->evaluatePath('C://Users//Mugahe...', Array)
#7 C:/Users/Mugahed/Desktop/MyMetier/vendor/livewire/livewire/src/Mechanisms/ExtendBlade/ExtendedCompilerEngine.php(10): Illuminate/View/Engines/CompilerEngine->get('C://Users//Mugahe...', Array)
#8 C:/Users/Mugahed/Desktop/MyMetier/vendor/laravel/framework/src/Illuminate/View/View.php(208): Livewire/Mechanisms/ExtendBlade/ExtendedCompilerEngine->get('C://Users//Mugahe...', Array)
#9 C:/Users/Mugahed/Desktop/MyMetier/vendor/laravel/framework/src/Illuminate/View/View.php(191): Illuminate/View/View->getContents()
#10 C:/Users/Mugahed/Desktop/MyMetier/vendor/laravel/framework/src/Illuminate/View/View.php(160): Illuminate/View/View->renderContents()
#11 C:/Users/Mugahed/Desktop/MyMetier/vendor/laravel/framework/src/Illuminate/View/Concerns/ManagesComponents.php(103): Illuminate/View/View->render()
#12 C:/Users/Mugahed/Desktop/MyMetier/storage/framework/views/ff04fcdb3c928c7d4b903b5450a05f1e.php(17): Illuminate/View/Factory->renderComponent()
#13 C:/Users/Mugahed/Desktop/MyMetier/vendor/laravel/framework/src/Illuminate/Filesystem/Filesystem.php(123): require('C://Users//Mugahe...')
#14 C:/Users/Mugahed/Desktop/MyMetier/vendor/laravel/framework/src/Illuminate/Filesystem/Filesystem.php(124): Illuminate/Filesystem/Filesystem::{closure:Illuminate/Filesystem/Filesystem::getRequire():120}()
#15 C:/Users/Mugahed/Desktop/MyMetier/vendor/laravel/framework/src/Illuminate/View/Engines/PhpEngine.php(57): Illuminate/Filesystem/Filesystem->getRequire('C://Users//Mugahe...', Array)
#16 C:/Users/Mugahed/Desktop/MyMetier/vendor/livewire/livewire/src/Mechanisms/ExtendBlade/ExtendedCompilerEngine.php(22): Illuminate/View/Engines/PhpEngine->evaluatePath('C://Users//Mugahe...', Array)
#17 C:/Users/Mugahed/Desktop/MyMetier/vendor/laravel/framework/src/Illuminate/View/Engines/CompilerEngine.php(76): Livewire/Mechanisms/ExtendBlade/ExtendedCompilerEngine->evaluatePath('C://Users//Mugahe...', Array)
#18 C:/Users/Mugahed/Desktop/MyMetier/vendor/livewire/livewire/src/Mechanisms/ExtendBlade/ExtendedCompilerEngine.php(10): Illuminate/View/Engines/CompilerEngine->get('C://Users//Mugahe...', Array)
#19 C:/Users/Mugahed/Desktop/MyMetier/vendor/laravel/framework/src/Illuminate/View/View.php(208): Livewire/Mechanisms/ExtendBlade/ExtendedCompilerEngine->get('C://Users//Mugahe...', Array)
#20 C:/Users/Mugahed/Desktop/MyMetier/vendor/laravel/framework/src/Illuminate/View/View.php(191): Illuminate/View/View->getContents()
#21 C:/Users/Mugahed/Desktop/MyMetier/vendor/laravel/framework/src/Illuminate/View/View.php(160): Illuminate/View/View->renderContents()
#22 C:/Users/Mugahed/Desktop/MyMetier/vendor/laravel/framework/src/Illuminate/View/Compilers/BladeCompiler.php(353): Illuminate/View/View->render()
#23 C:/Users/Mugahed/Desktop/MyMetier/vendor/laravel/framework/src/Illuminate/Support/Facades/Facade.php(363): Illuminate/View/Compilers/BladeCompiler::render('    <?php $layo...', Array)
#24 C:/Users/Mugahed/Desktop/MyMetier/vendor/livewire/livewire/src/Features/SupportPageComponents/SupportPageComponents.php(154): Illuminate/Support/Facades/Facade::__callStatic('render', Array)
#25 C:/Users/Mugahed/Desktop/MyMetier/vendor/livewire/livewire/src/Features/SupportPageComponents/HandlesPageComponents.php(26): Livewire/Features/SupportPageComponents/SupportPageComponents::renderContentsIntoLayout('<div wire:snaps...', Object(Livewire/Features/SupportPageComponents/PageComponentConfig))
#26 C:/Users/Mugahed/Desktop/MyMetier/vendor/laravel/framework/src/Illuminate/Routing/ControllerDispatcher.php(46): Livewire/Component->__invoke()
#27 C:/Users/Mugahed/Desktop/MyMetier/vendor/laravel/framework/src/Illuminate/Routing/Route.php(269): Illuminate/Routing/ControllerDispatcher->dispatch(Object(Illuminate/Routing/Route), Object(App/Livewire/HomePage), '__invoke')
#28 C:/Users/Mugahed/Desktop/MyMetier/vendor/laravel/framework/src/Illuminate/Routing/Route.php(215): Illuminate/Routing/Route->runController()
#29 C:/Users/Mugahed/Desktop/MyMetier/vendor/laravel/framework/src/Illuminate/Routing/Router.php(822): Illuminate/Routing/Route->run()
#30 C:/Users/Mugahed/Desktop/MyMetier/vendor/laravel/framework/src/Illuminate/Pipeline/Pipeline.php(180): Illuminate/Routing/Router->{closure:Illuminate/Routing/Router::runRouteWithinStack():821}(Object(Illuminate/Http/Request))
#31 C:/Users/Mugahed/Desktop/MyMetier/app/Http/Middleware/LogResponseTime.php(20): Illuminate/Pipeline/Pipeline->{closure:Illuminate/Pipeline/Pipeline::prepareDestination():178}(Object(Illuminate/Http/Request))
#32 C:/Users/Mugahed/Desktop/MyMetier/vendor/laravel/framework/src/Illuminate/Pipeline/Pipeline.php(219): App/Http/Middleware/LogResponseTime->handle(Object(Illuminate/Http/Request), Object(Closure))
#33 C:/Users/Mugahed/Desktop/MyMetier/app/Http/Middleware/RegenerateSessionAfterLogin.php(25): Illuminate/Pipeline/Pipeline->{closure:{closure:Illuminate/Pipeline/Pipeline::carry():194}:195}(Object(Illuminate/Http/Request))
#34 C:/Users/Mugahed/Desktop/MyMetier/vendor/laravel/framework/src/Illuminate/Pipeline/Pipeline.php(219): App/Http/Middleware/RegenerateSessionAfterLogin->handle(Object(Illuminate/Http/Request), Object(Closure))
#35 C:/Users/Mugahed/Desktop/MyMetier/vendor/laravel/framework/src/Illuminate/Routing/Middleware/SubstituteBindings.php(52): Illuminate/Pipeline/Pipeline->{closure:{closure:Illuminate/Pipeline/Pipeline::carry():194}:195}(Object(Illuminate/Http/Request))
#36 C:/Users/Mugahed/Desktop/MyMetier/vendor/laravel/framework/src/Illuminate/Pipeline/Pipeline.php(219): Illuminate/Routing/Middleware/SubstituteBindings->handle(Object(Illuminate/Http/Request), Object(Closure))
#37 C:/Users/Mugahed/Desktop/MyMetier/vendor/laravel/framework/src/Illuminate/Foundation/Http/Middleware/PreventRequestForgery.php(104): Illuminate/Pipeline/Pipeline->{closure:{closure:Illuminate/Pipeline/Pipeline::carry():194}:195}(Object(Illuminate/Http/Request))
#38 C:/Users/Mugahed/Desktop/MyMetier/vendor/laravel/framework/src/Illuminate/Pipeline/Pipeline.php(219): Illuminate/Foundation/Http/Middleware/PreventRequestForgery->handle(Object(Illuminate/Http/Request), Object(Closure))
#39 C:/Users/Mugahed/Desktop/MyMetier/vendor/laravel/framework/src/Illuminate/View/Middleware/ShareErrorsFromSession.php(48): Illuminate/Pipeline/Pipeline->{closure:{closure:Illuminate/Pipeline/Pipeline::carry():194}:195}(Object(Illuminate/Http/Request))
#40 C:/Users/Mugahed/Desktop/MyMetier/vendor/laravel/framework/src/Illuminate/Pipeline/Pipeline.php(219): Illuminate/View/Middleware/ShareErrorsFromSession->handle(Object(Illuminate/Http/Request), Object(Closure))
#41 C:/Users/Mugahed/Desktop/MyMetier/vendor/laravel/framework/src/Illuminate/Session/Middleware/StartSession.php(120): Illuminate/Pipeline/Pipeline->{closure:{closure:Illuminate/Pipeline/Pipeline::carry():194}:195}(Object(Illuminate/Http/Request))
#42 C:/Users/Mugahed/Desktop/MyMetier/vendor/laravel/framework/src/Illuminate/Session/Middleware/StartSession.php(63): Illuminate/Session/Middleware/StartSession->handleStatefulRequest(Object(Illuminate/Http/Request), Object(Illuminate/Session/Store), Object(Closure))
#43 C:/Users/Mugahed/Desktop/MyMetier/vendor/laravel/framework/src/Illuminate/Pipeline/Pipeline.php(219): Illuminate/Session/Middleware/StartSession->handle(Object(Illuminate/Http/Request), Object(Closure))
#44 C:/Users/Mugahed/Desktop/MyMetier/vendor/laravel/framework/src/Illuminate/Cookie/Middleware/AddQueuedCookiesToResponse.php(36): Illuminate/Pipeline/Pipeline->{closure:{closure:Illuminate/Pipeline/Pipeline::carry():194}:195}(Object(Illuminate/Http/Request))
#45 C:/Users/Mugahed/Desktop/MyMetier/vendor/laravel/framework/src/Illuminate/Pipeline/Pipeline.php(219): Illuminate/Cookie/Middleware/AddQueuedCookiesToResponse->handle(Object(Illuminate/Http/Request), Object(Closure))
#46 C:/Users/Mugahed/Desktop/MyMetier/vendor/laravel/framework/src/Illuminate/Cookie/Middleware/EncryptCookies.php(74): Illuminate/Pipeline/Pipeline->{closure:{closure:Illuminate/Pipeline/Pipeline::carry():194}:195}(Object(Illuminate/Http/Request))
#47 C:/Users/Mugahed/Desktop/MyMetier/vendor/laravel/framework/src/Illuminate/Pipeline/Pipeline.php(219): Illuminate/Cookie/Middleware/EncryptCookies->handle(Object(Illuminate/Http/Request), Object(Closure))
#48 C:/Users/Mugahed/Desktop/MyMetier/vendor/laravel/framework/src/Illuminate/Pipeline/Pipeline.php(137): Illuminate/Pipeline/Pipeline->{closure:{closure:Illuminate/Pipeline/Pipeline::carry():194}:195}(Object(Illuminate/Http/Request))
#49 C:/Users/Mugahed/Desktop/MyMetier/vendor/laravel/framework/src/Illuminate/Routing/Router.php(821): Illuminate/Pipeline/Pipeline->then(Object(Closure))
#50 C:/Users/Mugahed/Desktop/MyMetier/vendor/laravel/framework/src/Illuminate/Routing/Router.php(800): Illuminate/Routing/Router->runRouteWithinStack(Object(Illuminate/Routing/Route), Object(Illuminate/Http/Request))
#51 C:/Users/Mugahed/Desktop/MyMetier/vendor/laravel/framework/src/Illuminate/Routing/Router.php(764): Illuminate/Routing/Router->runRoute(Object(Illuminate/Http/Request), Object(Illuminate/Routing/Route))
#52 C:/Users/Mugahed/Desktop/MyMetier/vendor/laravel/framework/src/Illuminate/Routing/Router.php(753): Illuminate/Routing/Router->dispatchToRoute(Object(Illuminate/Http/Request))
#53 C:/Users/Mugahed/Desktop/MyMetier/vendor/laravel/framework/src/Illuminate/Foundation/Http/Kernel.php(200): Illuminate/Routing/Router->dispatch(Object(Illuminate/Http/Request))
#54 C:/Users/Mugahed/Desktop/MyMetier/vendor/laravel/framework/src/Illuminate/Pipeline/Pipeline.php(180): Illuminate/Foundation/Http/Kernel->{closure:Illuminate/Foundation/Http/Kernel::dispatchToRouter():197}(Object(Illuminate/Http/Request))
#55 C:/Users/Mugahed/Desktop/MyMetier/vendor/livewire/livewire/src/Features/SupportDisablingBackButtonCache/DisableBackButtonCacheMiddleware.php(19): Illuminate/Pipeline/Pipeline->{closure:Illuminate/Pipeline/Pipeline::prepareDestination():178}(Object(Illuminate/Http/Request))
#56 C:/Users/Mugahed/Desktop/MyMetier/vendor/laravel/framework/src/Illuminate/Pipeline/Pipeline.php(219): Livewire/Features/SupportDisablingBackButtonCache/DisableBackButtonCacheMiddleware->handle(Object(Illuminate/Http/Request), Object(Closure))
#57 C:/Users/Mugahed/Desktop/MyMetier/vendor/laravel/framework/src/Illuminate/Foundation/Http/Middleware/TransformsRequest.php(21): Illuminate/Pipeline/Pipeline->{closure:{closure:Illuminate/Pipeline/Pipeline::carry():194}:195}(Object(Illuminate/Http/Request))
#58 C:/Users/Mugahed/Desktop/MyMetier/vendor/laravel/framework/src/Illuminate/Foundation/Http/Middleware/ConvertEmptyStringsToNull.php(31): Illuminate/Foundation/Http/Middleware/TransformsRequest->handle(Object(Illuminate/Http/Request), Object(Closure))
#59 C:/Users/Mugahed/Desktop/MyMetier/vendor/laravel/framework/src/Illuminate/Pipeline/Pipeline.php(219): Illuminate/Foundation/Http/Middleware/ConvertEmptyStringsToNull->handle(Object(Illuminate/Http/Request), Object(Closure))
#60 C:/Users/Mugahed/Desktop/MyMetier/vendor/laravel/framework/src/Illuminate/Foundation/Http/Middleware/TransformsRequest.php(21): Illuminate/Pipeline/Pipeline->{closure:{closure:Illuminate/Pipeline/Pipeline::carry():194}:195}(Object(Illuminate/Http/Request))
#61 C:/Users/Mugahed/Desktop/MyMetier/vendor/laravel/framework/src/Illuminate/Foundation/Http/Middleware/TrimStrings.php(51): Illuminate/Foundation/Http/Middleware/TransformsRequest->handle(Object(Illuminate/Http/Request), Object(Closure))
#62 C:/Users/Mugahed/Desktop/MyMetier/vendor/laravel/framework/src/Illuminate/Pipeline/Pipeline.php(219): Illuminate/Foundation/Http/Middleware/TrimStrings->handle(Object(Illuminate/Http/Request), Object(Closure))
#63 C:/Users/Mugahed/Desktop/MyMetier/vendor/laravel/framework/src/Illuminate/Http/Middleware/ValidatePostSize.php(27): Illuminate/Pipeline/Pipeline->{closure:{closure:Illuminate/Pipeline/Pipeline::carry():194}:195}(Object(Illuminate/Http/Request))
#64 C:/Users/Mugahed/Desktop/MyMetier/vendor/laravel/framework/src/Illuminate/Pipeline/Pipeline.php(219): Illuminate/Http/Middleware/ValidatePostSize->handle(Object(Illuminate/Http/Request), Object(Closure))
#65 C:/Users/Mugahed/Desktop/MyMetier/vendor/laravel/framework/src/Illuminate/Foundation/Http/Middleware/PreventRequestsDuringMaintenance.php(109): Illuminate/Pipeline/Pipeline->{closure:{closure:Illuminate/Pipeline/Pipeline::carry():194}:195}(Object(Illuminate/Http/Request))
#66 C:/Users/Mugahed/Desktop/MyMetier/vendor/laravel/framework/src/Illuminate/Pipeline/Pipeline.php(219): Illuminate/Foundation/Http/Middleware/PreventRequestsDuringMaintenance->handle(Object(Illuminate/Http/Request), Object(Closure))
#67 C:/Users/Mugahed/Desktop/MyMetier/vendor/laravel/framework/src/Illuminate/Http/Middleware/HandleCors.php(61): Illuminate/Pipeline/Pipeline->{closure:{closure:Illuminate/Pipeline/Pipeline::carry():194}:195}(Object(Illuminate/Http/Request))
#68 C:/Users/Mugahed/Desktop/MyMetier/vendor/laravel/framework/src/Illuminate/Pipeline/Pipeline.php(219): Illuminate/Http/Middleware/HandleCors->handle(Object(Illuminate/Http/Request), Object(Closure))
#69 C:/Users/Mugahed/Desktop/MyMetier/vendor/laravel/framework/src/Illuminate/Http/Middleware/TrustProxies.php(58): Illuminate/Pipeline/Pipeline->{closure:{closure:Illuminate/Pipeline/Pipeline::carry():194}:195}(Object(Illuminate/Http/Request))
#70 C:/Users/Mugahed/Desktop/MyMetier/vendor/laravel/framework/src/Illuminate/Pipeline/Pipeline.php(219): Illuminate/Http/Middleware/TrustProxies->handle(Object(Illuminate/Http/Request), Object(Closure))
#71 C:/Users/Mugahed/Desktop/MyMetier/vendor/laravel/framework/src/Illuminate/Foundation/Http/Middleware/InvokeDeferredCallbacks.php(22): Illuminate/Pipeline/Pipeline->{closure:{closure:Illuminate/Pipeline/Pipeline::carry():194}:195}(Object(Illuminate/Http/Request))
#72 C:/Users/Mugahed/Desktop/MyMetier/vendor/laravel/framework/src/Illuminate/Pipeline/Pipeline.php(219): Illuminate/Foundation/Http/Middleware/InvokeDeferredCallbacks->handle(Object(Illuminate/Http/Request), Object(Closure))
#73 C:/Users/Mugahed/Desktop/MyMetier/vendor/laravel/framework/src/Illuminate/Http/Middleware/ValidatePathEncoding.php(28): Illuminate/Pipeline/Pipeline->{closure:{closure:Illuminate/Pipeline/Pipeline::carry():194}:195}(Object(Illuminate/Http/Request))
#74 C:/Users/Mugahed/Desktop/MyMetier/vendor/laravel/framework/src/Illuminate/Pipeline/Pipeline.php(219): Illuminate/Http/Middleware/ValidatePathEncoding->handle(Object(Illuminate/Http/Request), Object(Closure))
#75 C:/Users/Mugahed/Desktop/MyMetier/vendor/laravel/framework/src/Illuminate/Pipeline/Pipeline.php(137): Illuminate/Pipeline/Pipeline->{closure:{closure:Illuminate/Pipeline/Pipeline::carry():194}:195}(Object(Illuminate/Http/Request))
#76 C:/Users/Mugahed/Desktop/MyMetier/vendor/laravel/framework/src/Illuminate/Foundation/Http/Kernel.php(175): Illuminate/Pipeline/Pipeline->then(Object(Closure))
#77 C:/Users/Mugahed/Desktop/MyMetier/vendor/laravel/framework/src/Illuminate/Foundation/Http/Kernel.php(144): Illuminate/Foundation/Http/Kernel->sendRequestThroughRouter(Object(Illuminate/Http/Request))
#78 C:/Users/Mugahed/Desktop/MyMetier/vendor/laravel/framework/src/Illuminate/Foundation/Application.php(1220): Illuminate/Foundation/Http/Kernel->handle(Object(Illuminate/Http/Request))
#79 C:/Users/Mugahed/Desktop/MyMetier/public/index.php(20): Illuminate/Foundation/Application->handleRequest(Object(Illuminate/Http/Request))
#80 C:/Program Files/Herd/resources/app.asar.unpacked/resources/valet/server.php(139): require('C://Users//Mugahe...')
#81 {main}
"} 
[2026-03-25 22:39:32] local.DEBUG: REQUEST TIME {"url":"http://mymetier.test","time_ms":2919.77,"memory_mb":14.0} 
[2026-03-25 22:39:32] local.WARNING: SLOW REQUEST ALERT {"url":"http://mymetier.test","time_ms":2919.77,"memory_mb":14.0} 
[2026-03-25 22:44:44] local.DEBUG: REQUEST TIME {"url":"http://mymetier.test","time_ms":1620.52,"memory_mb":10.0} 
[2026-03-25 22:44:44] local.WARNING: SLOW REQUEST ALERT {"url":"http://mymetier.test","time_ms":1620.52,"memory_mb":10.0} 
[2026-03-25 22:44:56] local.DEBUG: REQUEST TIME {"url":"http://mymetier.test/search","time_ms":683.87,"memory_mb":10.0} 
[2026-03-25 22:44:56] local.WARNING: SLOW REQUEST ALERT {"url":"http://mymetier.test/search","time_ms":683.87,"memory_mb":10.0} 
[2026-03-25 22:46:28] local.DEBUG: REQUEST TIME {"url":"http://mymetier.test/requests","time_ms":18748.87,"memory_mb":10.0} 
[2026-03-25 22:46:28] local.WARNING: SLOW REQUEST ALERT {"url":"http://mymetier.test/requests","time_ms":18748.87,"memory_mb":10.0} 
[2026-03-25 22:46:36] local.DEBUG: REQUEST TIME {"url":"http://mymetier.test/requests/create","time_ms":564.31,"memory_mb":10.0} 
[2026-03-25 22:46:36] local.WARNING: SLOW REQUEST ALERT {"url":"http://mymetier.test/requests/create","time_ms":564.31,"memory_mb":10.0} 
[2026-03-25 22:47:20] local.DEBUG: REQUEST TIME {"url":"http://mymetier.test/requests","time_ms":81.87,"memory_mb":8.0} 
[2026-03-25 22:47:25] local.DEBUG: REQUEST TIME {"url":"http://mymetier.test","time_ms":24.35,"memory_mb":8.0} 
[2026-03-25 22:47:34] local.DEBUG: REQUEST TIME {"url":"http://mymetier.test/livewire-f00c2fb8/update","time_ms":5.37,"memory_mb":8.0} 
[2026-03-25 22:47:34] local.DEBUG: REQUEST TIME {"url":"http://mymetier.test/search","time_ms":25.94,"memory_mb":10.0} 
[2026-03-25 22:47:42] local.DEBUG: REQUEST TIME {"url":"http://mymetier.test/requests","time_ms":55.41,"memory_mb":8.0} 
[2026-03-25 22:48:12] local.DEBUG: REQUEST TIME {"url":"http://mymetier.test","time_ms":23.49,"memory_mb":8.0} 
[2026-03-25 22:48:19] local.DEBUG: REQUEST TIME {"url":"http://mymetier.test/dashboard","time_ms":1324.43,"memory_mb":10.0} 
[2026-03-25 22:48:19] local.WARNING: SLOW REQUEST ALERT {"url":"http://mymetier.test/dashboard","time_ms":1324.43,"memory_mb":10.0} 
[2026-03-25 22:48:49] local.DEBUG: REQUEST TIME {"url":"http://mymetier.test/livewire-f00c2fb8/update","time_ms":19.22,"memory_mb":10.0} 
[2026-03-25 22:48:50] local.DEBUG: REQUEST TIME {"url":"http://mymetier.test/livewire-f00c2fb8/update","time_ms":8.8,"memory_mb":8.0} 
[2026-03-25 22:49:00] local.ERROR: Property [$hasUnverifiedEmail] not found on component: [settings.profile] {"user_id":2,"url":"http://mymetier.test/settings/profile","userId":2,"exception":"[object] (Livewire\\Exceptions\\PropertyNotFoundException(code: 0): Property [$hasUnverifiedEmail] not found on component: [settings.profile] at C:/Users/Mugahed/Desktop/MyMetier/vendor/livewire/livewire/src/Component.php:139)
[stacktrace]
#0 C:/Users/Mugahed/Desktop/MyMetier/storage/framework/views/e902803f4e9c87095fc7db3fead09457.php(86): Livewire/Component->__get('hasUnverifiedEm...')
#1 C:/Users/Mugahed/Desktop/MyMetier/vendor/livewire/livewire/src/Mechanisms/ExtendBlade/ExtendedCompilerEngine.php(37): include('C://Users//Mugahe...')
#2 C:/Users/Mugahed/Desktop/MyMetier/vendor/livewire/livewire/src/Mechanisms/ExtendBlade/ExtendedCompilerEngine.php(38): App/Livewire/Settings/Profile->{closure:Livewire/Mechanisms/ExtendBlade/ExtendedCompilerEngine::evaluatePath():35}()
#3 C:/Users/Mugahed/Desktop/MyMetier/vendor/laravel/framework/src/Illuminate/View/Engines/CompilerEngine.php(76): Livewire/Mechanisms/ExtendBlade/ExtendedCompilerEngine->evaluatePath('C://Users//Mugahe...', Array)
#4 C:/Users/Mugahed/Desktop/MyMetier/vendor/livewire/livewire/src/Mechanisms/ExtendBlade/ExtendedCompilerEngine.php(16): Illuminate/View/Engines/CompilerEngine->get('C://Users//Mugahe...', Array)
#5 C:/Users/Mugahed/Desktop/MyMetier/vendor/laravel/framework/src/Illuminate/View/View.php(208): Livewire/Mechanisms/ExtendBlade/ExtendedCompilerEngine->get('C://Users//Mugahe...', Array)
#6 C:/Users/Mugahed/Desktop/MyMetier/vendor/laravel/framework/src/Illuminate/View/View.php(191): Illuminate/View/View->getContents()
#7 C:/Users/Mugahed/Desktop/MyMetier/vendor/laravel/framework/src/Illuminate/View/View.php(160): Illuminate/View/View->renderContents()
#8 C:/Users/Mugahed/Desktop/MyMetier/vendor/livewire/livewire/src/Mechanisms/HandleComponents/HandleComponents.php(409): Illuminate/View/View->render(Object(Closure))
#9 C:/Users/Mugahed/Desktop/MyMetier/vendor/livewire/livewire/src/Mechanisms/HandleComponents/HandleComponents.php(460): Livewire/Mechanisms/HandleComponents/HandleComponents->{closure:Livewire/Mechanisms/HandleComponents/HandleComponents::render():401}()
#10 C:/Users/Mugahed/Desktop/MyMetier/vendor/livewire/livewire/src/Mechanisms/HandleComponents/HandleComponents.php(401): Livewire/Mechanisms/HandleComponents/HandleComponents->trackInRenderStack(Object(App/Livewire/Settings/Profile), Object(Closure))
#11 C:/Users/Mugahed/Desktop/MyMetier/vendor/livewire/livewire/src/Mechanisms/HandleComponents/HandleComponents.php(80): Livewire/Mechanisms/HandleComponents/HandleComponents->render(Object(App/Livewire/Settings/Profile), '<div></div>')
#12 C:/Users/Mugahed/Desktop/MyMetier/vendor/livewire/livewire/src/LivewireManager.php(102): Livewire/Mechanisms/HandleComponents/HandleComponents->mount('settings.profil...', Array, NULL, Array)
#13 C:/Users/Mugahed/Desktop/MyMetier/vendor/livewire/livewire/src/Features/SupportPageComponents/HandlesPageComponents.php(19): Livewire/LivewireManager->mount('settings.profil...', Array)
#14 C:/Users/Mugahed/Desktop/MyMetier/vendor/livewire/livewire/src/Features/SupportPageComponents/SupportPageComponents.php(118): Livewire/Component->{closure:Livewire/Features/SupportPageComponents/HandlesPageComponents::__invoke():14}()
#15 C:/Users/Mugahed/Desktop/MyMetier/vendor/livewire/livewire/src/Features/SupportPageComponents/HandlesPageComponents.php(14): Livewire/Features/SupportPageComponents/SupportPageComponents::interceptTheRenderOfTheComponentAndRetreiveTheLayoutConfiguration(Object(Closure))
#16 C:/Users/Mugahed/Desktop/MyMetier/vendor/laravel/framework/src/Illuminate/Container/BoundMethod.php(36): Livewire/Component->__invoke()
#17 C:/Users/Mugahed/Desktop/MyMetier/vendor/laravel/framework/src/Illuminate/Container/Util.php(43): Illuminate/Container/BoundMethod::{closure:Illuminate/Container/BoundMethod::call():35}()
#18 C:/Users/Mugahed/Desktop/MyMetier/vendor/laravel/framework/src/Illuminate/Container/BoundMethod.php(96): Illuminate/Container/Util::unwrapIfClosure(Object(Closure))
#19 C:/Users/Mugahed/Desktop/MyMetier/vendor/laravel/framework/src/Illuminate/Container/BoundMethod.php(35): Illuminate/Container/BoundMethod::callBoundMethod(Object(Illuminate/Foundation/Application), Array, Object(Closure))
#20 C:/Users/Mugahed/Desktop/MyMetier/vendor/laravel/framework/src/Illuminate/Container/Container.php(799): Illuminate/Container/BoundMethod::call(Object(Illuminate/Foundation/Application), Array, Array, NULL)
#21 C:/Users/Mugahed/Desktop/MyMetier/vendor/livewire/livewire/src/Mechanisms/HandleRouting/LivewirePageController.php(15): Illuminate/Container/Container->call(Array)
#22 C:/Users/Mugahed/Desktop/MyMetier/vendor/laravel/framework/src/Illuminate/Routing/ControllerDispatcher.php(46): Livewire/Mechanisms/HandleRouting/LivewirePageController->__invoke()
#23 C:/Users/Mugahed/Desktop/MyMetier/vendor/laravel/framework/src/Illuminate/Routing/Route.php(269): Illuminate/Routing/ControllerDispatcher->dispatch(Object(Illuminate/Routing/Route), Object(Livewire/Mechanisms/HandleRouting/LivewirePageController), '__invoke')
#24 C:/Users/Mugahed/Desktop/MyMetier/vendor/laravel/framework/src/Illuminate/Routing/Route.php(215): Illuminate/Routing/Route->runController()
#25 C:/Users/Mugahed/Desktop/MyMetier/vendor/laravel/framework/src/Illuminate/Routing/Router.php(822): Illuminate/Routing/Route->run()
#26 C:/Users/Mugahed/Desktop/MyMetier/vendor/laravel/framework/src/Illuminate/Pipeline/Pipeline.php(180): Illuminate/Routing/Router->{closure:Illuminate/Routing/Router::runRouteWithinStack():821}(Object(Illuminate/Http/Request))
#27 C:/Users/Mugahed/Desktop/MyMetier/app/Http/Middleware/LogResponseTime.php(20): Illuminate/Pipeline/Pipeline->{closure:Illuminate/Pipeline/Pipeline::prepareDestination():178}(Object(Illuminate/Http/Request))
#28 C:/Users/Mugahed/Desktop/MyMetier/vendor/laravel/framework/src/Illuminate/Pipeline/Pipeline.php(219): App/Http/Middleware/LogResponseTime->handle(Object(Illuminate/Http/Request), Object(Closure))
#29 C:/Users/Mugahed/Desktop/MyMetier/app/Http/Middleware/RegenerateSessionAfterLogin.php(25): Illuminate/Pipeline/Pipeline->{closure:{closure:Illuminate/Pipeline/Pipeline::carry():194}:195}(Object(Illuminate/Http/Request))
#30 C:/Users/Mugahed/Desktop/MyMetier/vendor/laravel/framework/src/Illuminate/Pipeline/Pipeline.php(219): App/Http/Middleware/RegenerateSessionAfterLogin->handle(Object(Illuminate/Http/Request), Object(Closure))
#31 C:/Users/Mugahed/Desktop/MyMetier/vendor/laravel/framework/src/Illuminate/Routing/Middleware/SubstituteBindings.php(52): Illuminate/Pipeline/Pipeline->{closure:{closure:Illuminate/Pipeline/Pipeline::carry():194}:195}(Object(Illuminate/Http/Request))
#32 C:/Users/Mugahed/Desktop/MyMetier/vendor/laravel/framework/src/Illuminate/Pipeline/Pipeline.php(219): Illuminate/Routing/Middleware/SubstituteBindings->handle(Object(Illuminate/Http/Request), Object(Closure))
#33 C:/Users/Mugahed/Desktop/MyMetier/vendor/laravel/framework/src/Illuminate/Auth/Middleware/Authenticate.php(63): Illuminate/Pipeline/Pipeline->{closure:{closure:Illuminate/Pipeline/Pipeline::carry():194}:195}(Object(Illuminate/Http/Request))
#34 C:/Users/Mugahed/Desktop/MyMetier/vendor/laravel/framework/src/Illuminate/Pipeline/Pipeline.php(219): Illuminate/Auth/Middleware/Authenticate->handle(Object(Illuminate/Http/Request), Object(Closure))
#35 C:/Users/Mugahed/Desktop/MyMetier/vendor/laravel/framework/src/Illuminate/Foundation/Http/Middleware/PreventRequestForgery.php(104): Illuminate/Pipeline/Pipeline->{closure:{closure:Illuminate/Pipeline/Pipeline::carry():194}:195}(Object(Illuminate/Http/Request))
#36 C:/Users/Mugahed/Desktop/MyMetier/vendor/laravel/framework/src/Illuminate/Pipeline/Pipeline.php(219): Illuminate/Foundation/Http/Middleware/PreventRequestForgery->handle(Object(Illuminate/Http/Request), Object(Closure))
#37 C:/Users/Mugahed/Desktop/MyMetier/vendor/laravel/framework/src/Illuminate/View/Middleware/ShareErrorsFromSession.php(48): Illuminate/Pipeline/Pipeline->{closure:{closure:Illuminate/Pipeline/Pipeline::carry():194}:195}(Object(Illuminate/Http/Request))
#38 C:/Users/Mugahed/Desktop/MyMetier/vendor/laravel/framework/src/Illuminate/Pipeline/Pipeline.php(219): Illuminate/View/Middleware/ShareErrorsFromSession->handle(Object(Illuminate/Http/Request), Object(Closure))
#39 C:/Users/Mugahed/Desktop/MyMetier/vendor/laravel/framework/src/Illuminate/Session/Middleware/StartSession.php(120): Illuminate/Pipeline/Pipeline->{closure:{closure:Illuminate/Pipeline/Pipeline::carry():194}:195}(Object(Illuminate/Http/Request))
#40 C:/Users/Mugahed/Desktop/MyMetier/vendor/laravel/framework/src/Illuminate/Session/Middleware/StartSession.php(63): Illuminate/Session/Middleware/StartSession->handleStatefulRequest(Object(Illuminate/Http/Request), Object(Illuminate/Session/Store), Object(Closure))
#41 C:/Users/Mugahed/Desktop/MyMetier/vendor/laravel/framework/src/Illuminate/Pipeline/Pipeline.php(219): Illuminate/Session/Middleware/StartSession->handle(Object(Illuminate/Http/Request), Object(Closure))
#42 C:/Users/Mugahed/Desktop/MyMetier/vendor/laravel/framework/src/Illuminate/Cookie/Middleware/AddQueuedCookiesToResponse.php(36): Illuminate/Pipeline/Pipeline->{closure:{closure:Illuminate/Pipeline/Pipeline::carry():194}:195}(Object(Illuminate/Http/Request))
#43 C:/Users/Mugahed/Desktop/MyMetier/vendor/laravel/framework/src/Illuminate/Pipeline/Pipeline.php(219): Illuminate/Cookie/Middleware/AddQueuedCookiesToResponse->handle(Object(Illuminate/Http/Request), Object(Closure))
#44 C:/Users/Mugahed/Desktop/MyMetier/vendor/laravel/framework/src/Illuminate/Cookie/Middleware/EncryptCookies.php(74): Illuminate/Pipeline/Pipeline->{closure:{closure:Illuminate/Pipeline/Pipeline::carry():194}:195}(Object(Illuminate/Http/Request))
#45 C:/Users/Mugahed/Desktop/MyMetier/vendor/laravel/framework/src/Illuminate/Pipeline/Pipeline.php(219): Illuminate/Cookie/Middleware/EncryptCookies->handle(Object(Illuminate/Http/Request), Object(Closure))
#46 C:/Users/Mugahed/Desktop/MyMetier/vendor/laravel/framework/src/Illuminate/Pipeline/Pipeline.php(137): Illuminate/Pipeline/Pipeline->{closure:{closure:Illuminate/Pipeline/Pipeline::carry():194}:195}(Object(Illuminate/Http/Request))
#47 C:/Users/Mugahed/Desktop/MyMetier/vendor/laravel/framework/src/Illuminate/Routing/Router.php(821): Illuminate/Pipeline/Pipeline->then(Object(Closure))
#48 C:/Users/Mugahed/Desktop/MyMetier/vendor/laravel/framework/src/Illuminate/Routing/Router.php(800): Illuminate/Routing/Router->runRouteWithinStack(Object(Illuminate/Routing/Route), Object(Illuminate/Http/Request))
#49 C:/Users/Mugahed/Desktop/MyMetier/vendor/laravel/framework/src/Illuminate/Routing/Router.php(764): Illuminate/Routing/Router->runRoute(Object(Illuminate/Http/Request), Object(Illuminate/Routing/Route))
#50 C:/Users/Mugahed/Desktop/MyMetier/vendor/laravel/framework/src/Illuminate/Routing/Router.php(753): Illuminate/Routing/Router->dispatchToRoute(Object(Illuminate/Http/Request))
#51 C:/Users/Mugahed/Desktop/MyMetier/vendor/laravel/framework/src/Illuminate/Foundation/Http/Kernel.php(200): Illuminate/Routing/Router->dispatch(Object(Illuminate/Http/Request))
#52 C:/Users/Mugahed/Desktop/MyMetier/vendor/laravel/framework/src/Illuminate/Pipeline/Pipeline.php(180): Illuminate/Foundation/Http/Kernel->{closure:Illuminate/Foundation/Http/Kernel::dispatchToRouter():197}(Object(Illuminate/Http/Request))
#53 C:/Users/Mugahed/Desktop/MyMetier/vendor/livewire/livewire/src/Features/SupportDisablingBackButtonCache/DisableBackButtonCacheMiddleware.php(19): Illuminate/Pipeline/Pipeline->{closure:Illuminate/Pipeline/Pipeline::prepareDestination():178}(Object(Illuminate/Http/Request))
#54 C:/Users/Mugahed/Desktop/MyMetier/vendor/laravel/framework/src/Illuminate/Pipeline/Pipeline.php(219): Livewire/Features/SupportDisablingBackButtonCache/DisableBackButtonCacheMiddleware->handle(Object(Illuminate/Http/Request), Object(Closure))
#55 C:/Users/Mugahed/Desktop/MyMetier/vendor/laravel/framework/src/Illuminate/Foundation/Http/Middleware/TransformsRequest.php(21): Illuminate/Pipeline/Pipeline->{closure:{closure:Illuminate/Pipeline/Pipeline::carry():194}:195}(Object(Illuminate/Http/Request))
#56 C:/Users/Mugahed/Desktop/MyMetier/vendor/laravel/framework/src/Illuminate/Foundation/Http/Middleware/ConvertEmptyStringsToNull.php(31): Illuminate/Foundation/Http/Middleware/TransformsRequest->handle(Object(Illuminate/Http/Request), Object(Closure))
#57 C:/Users/Mugahed/Desktop/MyMetier/vendor/laravel/framework/src/Illuminate/Pipeline/Pipeline.php(219): Illuminate/Foundation/Http/Middleware/ConvertEmptyStringsToNull->handle(Object(Illuminate/Http/Request), Object(Closure))
#58 C:/Users/Mugahed/Desktop/MyMetier/vendor/laravel/framework/src/Illuminate/Foundation/Http/Middleware/TransformsRequest.php(21): Illuminate/Pipeline/Pipeline->{closure:{closure:Illuminate/Pipeline/Pipeline::carry():194}:195}(Object(Illuminate/Http/Request))
#59 C:/Users/Mugahed/Desktop/MyMetier/vendor/laravel/framework/src/Illuminate/Foundation/Http/Middleware/TrimStrings.php(51): Illuminate/Foundation/Http/Middleware/TransformsRequest->handle(Object(Illuminate/Http/Request), Object(Closure))
#60 C:/Users/Mugahed/Desktop/MyMetier/vendor/laravel/framework/src/Illuminate/Pipeline/Pipeline.php(219): Illuminate/Foundation/Http/Middleware/TrimStrings->handle(Object(Illuminate/Http/Request), Object(Closure))
#61 C:/Users/Mugahed/Desktop/MyMetier/vendor/laravel/framework/src/Illuminate/Http/Middleware/ValidatePostSize.php(27): Illuminate/Pipeline/Pipeline->{closure:{closure:Illuminate/Pipeline/Pipeline::carry():194}:195}(Object(Illuminate/Http/Request))
#62 C:/Users/Mugahed/Desktop/MyMetier/vendor/laravel/framework/src/Illuminate/Pipeline/Pipeline.php(219): Illuminate/Http/Middleware/ValidatePostSize->handle(Object(Illuminate/Http/Request), Object(Closure))
#63 C:/Users/Mugahed/Desktop/MyMetier/vendor/laravel/framework/src/Illuminate/Foundation/Http/Middleware/PreventRequestsDuringMaintenance.php(109): Illuminate/Pipeline/Pipeline->{closure:{closure:Illuminate/Pipeline/Pipeline::carry():194}:195}(Object(Illuminate/Http/Request))
#64 C:/Users/Mugahed/Desktop/MyMetier/vendor/laravel/framework/src/Illuminate/Pipeline/Pipeline.php(219): Illuminate/Foundation/Http/Middleware/PreventRequestsDuringMaintenance->handle(Object(Illuminate/Http/Request), Object(Closure))
#65 C:/Users/Mugahed/Desktop/MyMetier/vendor/laravel/framework/src/Illuminate/Http/Middleware/HandleCors.php(61): Illuminate/Pipeline/Pipeline->{closure:{closure:Illuminate/Pipeline/Pipeline::carry():194}:195}(Object(Illuminate/Http/Request))
#66 C:/Users/Mugahed/Desktop/MyMetier/vendor/laravel/framework/src/Illuminate/Pipeline/Pipeline.php(219): Illuminate/Http/Middleware/HandleCors->handle(Object(Illuminate/Http/Request), Object(Closure))
#67 C:/Users/Mugahed/Desktop/MyMetier/vendor/laravel/framework/src/Illuminate/Http/Middleware/TrustProxies.php(58): Illuminate/Pipeline/Pipeline->{closure:{closure:Illuminate/Pipeline/Pipeline::carry():194}:195}(Object(Illuminate/Http/Request))
#68 C:/Users/Mugahed/Desktop/MyMetier/vendor/laravel/framework/src/Illuminate/Pipeline/Pipeline.php(219): Illuminate/Http/Middleware/TrustProxies->handle(Object(Illuminate/Http/Request), Object(Closure))
#69 C:/Users/Mugahed/Desktop/MyMetier/vendor/laravel/framework/src/Illuminate/Foundation/Http/Middleware/InvokeDeferredCallbacks.php(22): Illuminate/Pipeline/Pipeline->{closure:{closure:Illuminate/Pipeline/Pipeline::carry():194}:195}(Object(Illuminate/Http/Request))
#70 C:/Users/Mugahed/Desktop/MyMetier/vendor/laravel/framework/src/Illuminate/Pipeline/Pipeline.php(219): Illuminate/Foundation/Http/Middleware/InvokeDeferredCallbacks->handle(Object(Illuminate/Http/Request), Object(Closure))
#71 C:/Users/Mugahed/Desktop/MyMetier/vendor/laravel/framework/src/Illuminate/Http/Middleware/ValidatePathEncoding.php(28): Illuminate/Pipeline/Pipeline->{closure:{closure:Illuminate/Pipeline/Pipeline::carry():194}:195}(Object(Illuminate/Http/Request))
#72 C:/Users/Mugahed/Desktop/MyMetier/vendor/laravel/framework/src/Illuminate/Pipeline/Pipeline.php(219): Illuminate/Http/Middleware/ValidatePathEncoding->handle(Object(Illuminate/Http/Request), Object(Closure))
#73 C:/Users/Mugahed/Desktop/MyMetier/vendor/laravel/framework/src/Illuminate/Pipeline/Pipeline.php(137): Illuminate/Pipeline/Pipeline->{closure:{closure:Illuminate/Pipeline/Pipeline::carry():194}:195}(Object(Illuminate/Http/Request))
#74 C:/Users/Mugahed/Desktop/MyMetier/vendor/laravel/framework/src/Illuminate/Foundation/Http/Kernel.php(175): Illuminate/Pipeline/Pipeline->then(Object(Closure))
#75 C:/Users/Mugahed/Desktop/MyMetier/vendor/laravel/framework/src/Illuminate/Foundation/Http/Kernel.php(144): Illuminate/Foundation/Http/Kernel->sendRequestThroughRouter(Object(Illuminate/Http/Request))
#76 C:/Users/Mugahed/Desktop/MyMetier/vendor/laravel/framework/src/Illuminate/Foundation/Application.php(1220): Illuminate/Foundation/Http/Kernel->handle(Object(Illuminate/Http/Request))
#77 C:/Users/Mugahed/Desktop/MyMetier/public/index.php(20): Illuminate/Foundation/Application->handleRequest(Object(Illuminate/Http/Request))
#78 C:/Program Files/Herd/resources/app.asar.unpacked/resources/valet/server.php(139): require('C://Users//Mugahe...')
#79 {main}
"} 
[2026-03-25 22:49:13] local.DEBUG: REQUEST TIME {"url":"http://mymetier.test/settings/profile","time_ms":19615.25,"memory_mb":16.0} 
[2026-03-25 22:49:13] local.WARNING: SLOW REQUEST ALERT {"url":"http://mymetier.test/settings/profile","time_ms":19615.25,"memory_mb":16.0} 
[2026-03-25 22:51:04] local.DEBUG: REQUEST TIME {"url":"http://mymetier.test/dashboard","time_ms":47.23,"memory_mb":10.0} 
[2026-03-25 22:59:36] local.DEBUG: REQUEST TIME {"url":"http://mymetier.test/dashboard","time_ms":20384.45,"memory_mb":12.0} 
[2026-03-25 22:59:36] local.WARNING: SLOW REQUEST ALERT {"url":"http://mymetier.test/dashboard","time_ms":20384.45,"memory_mb":12.0} 
[2026-03-25 22:59:49] local.DEBUG: REQUEST TIME {"url":"http://mymetier.test/search","time_ms":1057.85,"memory_mb":10.0} 
[2026-03-25 22:59:49] local.WARNING: SLOW REQUEST ALERT {"url":"http://mymetier.test/search","time_ms":1057.85,"memory_mb":10.0} 
[2026-03-25 22:59:58] local.DEBUG: REQUEST TIME {"url":"http://mymetier.test/requests","time_ms":456.54,"memory_mb":10.0} 
[2026-03-25 23:00:12] local.DEBUG: REQUEST TIME {"url":"http://mymetier.test/settings/profile","time_ms":10782.79,"memory_mb":10.0} 
[2026-03-25 23:00:12] local.WARNING: SLOW REQUEST ALERT {"url":"http://mymetier.test/settings/profile","time_ms":10782.79,"memory_mb":10.0} 
[2026-03-25 23:00:29] local.DEBUG: REQUEST TIME {"url":"http://mymetier.test/settings/security","time_ms":2.62,"memory_mb":8.0} 
[2026-03-25 23:00:31] local.DEBUG: REQUEST TIME {"url":"http://mymetier.test/user/confirm-password","time_ms":1988.32,"memory_mb":10.0} 
[2026-03-25 23:00:31] local.WARNING: SLOW REQUEST ALERT {"url":"http://mymetier.test/user/confirm-password","time_ms":1988.32,"memory_mb":10.0} 
[2026-03-25 23:00:47] local.DEBUG: REQUEST TIME {"url":"http://mymetier.test/user/confirm-password","time_ms":324.37,"memory_mb":8.0} 
[2026-03-25 23:00:49] local.DEBUG: REQUEST TIME {"url":"http://mymetier.test/user/confirm-password","time_ms":389.8,"memory_mb":8.0} 
[2026-03-25 23:00:50] local.DEBUG: REQUEST TIME {"url":"http://mymetier.test/dashboard","time_ms":86.4,"memory_mb":10.0} 
[2026-03-25 23:00:53] local.DEBUG: REQUEST TIME {"url":"http://mymetier.test/settings/security","time_ms":5162.78,"memory_mb":10.0} 
[2026-03-25 23:00:53] local.WARNING: SLOW REQUEST ALERT {"url":"http://mymetier.test/settings/security","time_ms":5162.78,"memory_mb":10.0} 
[2026-03-25 23:00:55] local.DEBUG: REQUEST TIME {"url":"http://mymetier.test/settings/profile","time_ms":66.47,"memory_mb":10.0} 
[2026-03-25 23:01:00] local.DEBUG: REQUEST TIME {"url":"http://mymetier.test/settings/appearance","time_ms":2871.98,"memory_mb":10.0} 
[2026-03-25 23:01:00] local.WARNING: SLOW REQUEST ALERT {"url":"http://mymetier.test/settings/appearance","time_ms":2871.98,"memory_mb":10.0} 
[2026-03-25 23:01:09] local.DEBUG: REQUEST TIME {"url":"http://mymetier.test/settings/security","time_ms":60.77,"memory_mb":10.0} 
[2026-03-25 23:02:01] local.DEBUG: REQUEST TIME {"url":"http://mymetier.test/livewire-f00c2fb8/update","time_ms":684.29,"memory_mb":10.0} 
[2026-03-25 23:02:01] local.WARNING: SLOW REQUEST ALERT {"url":"http://mymetier.test/livewire-f00c2fb8/update","time_ms":684.29,"memory_mb":10.0} 
[2026-03-25 23:02:04] local.DEBUG: REQUEST TIME {"url":"http://mymetier.test/livewire-f00c2fb8/update","time_ms":345.0,"memory_mb":10.0} 
[2026-03-25 23:02:23] local.DEBUG: REQUEST TIME {"url":"http://mymetier.test/livewire-f00c2fb8/update","time_ms":47.54,"memory_mb":10.0} 
[2026-03-25 23:02:28] local.DEBUG: REQUEST TIME {"url":"http://mymetier.test/livewire-f00c2fb8/update","time_ms":86.74,"memory_mb":10.0} 
[2026-03-25 23:03:23] local.DEBUG: REQUEST TIME {"url":"http://mymetier.test/livewire-f00c2fb8/update","time_ms":780.28,"memory_mb":10.0} 
[2026-03-25 23:03:23] local.WARNING: SLOW REQUEST ALERT {"url":"http://mymetier.test/livewire-f00c2fb8/update","time_ms":780.28,"memory_mb":10.0} 
[2026-03-25 23:03:40] local.DEBUG: REQUEST TIME {"url":"http://mymetier.test/livewire-f00c2fb8/update","time_ms":2025.86,"memory_mb":10.0} 
[2026-03-25 23:03:40] local.WARNING: SLOW REQUEST ALERT {"url":"http://mymetier.test/livewire-f00c2fb8/update","time_ms":2025.86,"memory_mb":10.0} 
[2026-03-25 23:03:40] local.DEBUG: REQUEST TIME {"url":"http://mymetier.test/livewire-f00c2fb8/update","time_ms":43.84,"memory_mb":10.0} 
[2026-03-25 23:04:24] local.DEBUG: REQUEST TIME {"url":"http://mymetier.test/search","time_ms":45.82,"memory_mb":10.0} 
[2026-03-25 23:04:45] local.DEBUG: REQUEST TIME {"url":"http://mymetier.test","time_ms":909.88,"memory_mb":8.0} 
[2026-03-25 23:04:45] local.WARNING: SLOW REQUEST ALERT {"url":"http://mymetier.test","time_ms":909.88,"memory_mb":8.0} 
[2026-03-25 23:05:33] local.DEBUG: REQUEST TIME {"url":"http://mymetier.test/dashboard","time_ms":65.51,"memory_mb":10.0} 
[2026-03-25 23:05:59] local.DEBUG: REQUEST TIME {"url":"http://mymetier.test/dashboard","time_ms":45.02,"memory_mb":10.0} 
[2026-03-25 23:06:07] local.DEBUG: REQUEST TIME {"url":"http://mymetier.test/search","time_ms":32.69,"memory_mb":10.0} 
[2026-03-25 23:06:36] local.DEBUG: REQUEST TIME {"url":"http://mymetier.test/requests","time_ms":54.9,"memory_mb":8.0} 
[2026-03-25 23:06:49] local.DEBUG: REQUEST TIME {"url":"http://mymetier.test","time_ms":21.05,"memory_mb":10.0} 
[2026-03-25 23:12:00] local.DEBUG: REQUEST TIME {"url":"http://mymetier.test/search","time_ms":48.97,"memory_mb":10.0} 
[2026-03-25 23:12:04] local.DEBUG: REQUEST TIME {"url":"http://mymetier.test/requests","time_ms":81.66,"memory_mb":10.0} 
[2026-03-25 23:12:20] local.DEBUG: REQUEST TIME {"url":"http://mymetier.test","time_ms":33.99,"memory_mb":8.0} 
[2026-03-25 23:12:34] local.DEBUG: REQUEST TIME {"url":"http://mymetier.test/search","time_ms":53.63,"memory_mb":10.0} 
[2026-03-25 23:12:39] local.DEBUG: REQUEST TIME {"url":"http://mymetier.test/requests","time_ms":66.55,"memory_mb":10.0} 
[2026-03-25 23:12:45] local.DEBUG: REQUEST TIME {"url":"http://mymetier.test","time_ms":32.61,"memory_mb":10.0} 
[2026-03-25 23:39:17] local.DEBUG: REQUEST TIME {"url":"http://mymetier.test","time_ms":73.79,"memory_mb":8.0} 
[2026-03-25 23:39:21] local.DEBUG: REQUEST TIME {"url":"http://mymetier.test","time_ms":29.52,"memory_mb":8.0} 
[2026-03-26 00:09:31] local.DEBUG: REQUEST TIME {"url":"http://mymetier.test/logout","time_ms":17.16,"memory_mb":10.0} 
[2026-03-26 00:09:31] local.DEBUG: REQUEST TIME {"url":"http://mymetier.test","time_ms":108.85,"memory_mb":8.0} 
[2026-03-26 00:09:36] local.DEBUG: REQUEST TIME {"url":"http://mymetier.test/login","time_ms":333.52,"memory_mb":8.0} 
[2026-03-26 00:09:51] local.DEBUG: REQUEST TIME {"url":"http://mymetier.test/livewire-f00c2fb8/update","time_ms":355.44,"memory_mb":8.0} 
[2026-03-26 00:09:51] local.DEBUG: REQUEST TIME {"url":"http://mymetier.test","time_ms":23.59,"memory_mb":8.0} 
[2026-03-26 00:10:05] local.DEBUG: REQUEST TIME {"url":"http://mymetier.test/search","time_ms":35.38,"memory_mb":10.0} 
[2026-03-26 00:10:09] local.DEBUG: REQUEST TIME {"url":"http://mymetier.test","time_ms":26.23,"memory_mb":8.0} 
[2026-03-26 00:10:10] local.DEBUG: REQUEST TIME {"url":"http://mymetier.test/livewire-f00c2fb8/update","time_ms":3.77,"memory_mb":8.0} 
[2026-03-26 00:10:11] local.DEBUG: REQUEST TIME {"url":"http://mymetier.test/search","time_ms":30.91,"memory_mb":10.0} 
[2026-03-26 00:10:14] local.DEBUG: REQUEST TIME {"url":"http://mymetier.test","time_ms":15.41,"memory_mb":8.0} 
[2026-03-26 00:10:36] local.DEBUG: REQUEST TIME {"url":"http://mymetier.test/livewire-f00c2fb8/update","time_ms":10.62,"memory_mb":8.0} 
[2026-03-26 00:10:36] local.DEBUG: REQUEST TIME {"url":"http://mymetier.test/search","time_ms":28.34,"memory_mb":10.0} 
[2026-03-26 00:10:59] local.DEBUG: REQUEST TIME {"url":"http://mymetier.test/requests","time_ms":47.35,"memory_mb":8.0} 
[2026-03-26 00:11:07] local.DEBUG: REQUEST TIME {"url":"http://mymetier.test/requests/create","time_ms":609.27,"memory_mb":8.0} 
[2026-03-26 00:11:07] local.WARNING: SLOW REQUEST ALERT {"url":"http://mymetier.test/requests/create","time_ms":609.27,"memory_mb":8.0} 
[2026-03-26 00:11:33] local.DEBUG: REQUEST TIME {"url":"http://mymetier.test/requests","time_ms":45.31,"memory_mb":8.0} 
[2026-03-26 00:11:53] local.DEBUG: REQUEST TIME {"url":"http://mymetier.test","time_ms":23.25,"memory_mb":8.0} 
[2026-03-26 00:25:58] local.DEBUG: REQUEST TIME {"url":"http://mymetier.test","time_ms":100.02,"memory_mb":8.0} 
[2026-03-26 00:26:02] local.DEBUG: REQUEST TIME {"url":"http://mymetier.test","time_ms":24.44,"memory_mb":8.0} 
[2026-03-26 00:27:13] local.DEBUG: REQUEST TIME {"url":"http://mymetier.test","time_ms":38.83,"memory_mb":8.0} 
[2026-03-26 00:27:16] local.DEBUG: REQUEST TIME {"url":"http://mymetier.test","time_ms":25.24,"memory_mb":8.0} 
[2026-03-26 00:27:33] local.DEBUG: REQUEST TIME {"url":"http://mymetier.test","time_ms":16.27,"memory_mb":8.0} 
[2026-03-26 00:28:24] local.DEBUG: REQUEST TIME {"url":"http://mymetier.test","time_ms":27.26,"memory_mb":8.0} 
[2026-03-26 00:33:16] local.DEBUG: REQUEST TIME {"url":"http://mymetier.test/search","time_ms":45.38,"memory_mb":8.0} 
[2026-03-26 00:33:24] local.DEBUG: REQUEST TIME {"url":"http://mymetier.test/requests","time_ms":58.68,"memory_mb":8.0} 
[2026-03-26 03:50:04] local.WARNING: SLOW QUERY {"sql":"select exists (select 1 from \"main\".sqlite_master where name = 'migrations' and type = 'table') as \"exists\"","time":107.62} 
[2026-03-26 05:06:48] local.ERROR: SQLSTATE[HY000]: General error: 1 near "MODIFY": syntax error (Connection: sqlite, Database: C:\Users\Mugahed\Desktop\MyMetier\database\database.sqlite, SQL: ALTER TABLE professional_profiles MODIFY COLUMN profile_status ENUM('pending_review', 'active', 'inactive', 'suspended', 'rejected') DEFAULT 'active') {"user_id":null,"url":"http://mymetier.test","exception":"[object] (Illuminate\\Database\\QueryException(code: HY000): SQLSTATE[HY000]: General error: 1 near \"MODIFY\": syntax error (Connection: sqlite, Database: C:\\Users\\Mugahed\\Desktop\\MyMetier\\database\\database.sqlite, SQL: ALTER TABLE professional_profiles MODIFY COLUMN profile_status ENUM('pending_review', 'active', 'inactive', 'suspended', 'rejected') DEFAULT 'active') at C:/Users/Mugahed/Desktop/MyMetier/vendor/laravel/framework/src/Illuminate/Database/Connection.php:841)
[stacktrace]
#0 C:/Users/Mugahed/Desktop/MyMetier/vendor/laravel/framework/src/Illuminate/Database/Connection.php(797): Illuminate/Database/Connection->runQueryCallback('ALTER TABLE pro...', Array, Object(Closure))
#1 C:/Users/Mugahed/Desktop/MyMetier/vendor/laravel/framework/src/Illuminate/Database/Connection.php(576): Illuminate/Database/Connection->run('ALTER TABLE pro...', Array, Object(Closure))
#2 C:/Users/Mugahed/Desktop/MyMetier/vendor/laravel/framework/src/Illuminate/Database/DatabaseManager.php(493): Illuminate/Database/Connection->statement('ALTER TABLE pro...')
#3 C:/Users/Mugahed/Desktop/MyMetier/vendor/laravel/framework/src/Illuminate/Support/Facades/Facade.php(363): Illuminate/Database/DatabaseManager->__call('statement', Array)
#4 C:/Users/Mugahed/Desktop/MyMetier/database/migrations/2026_03_26_080100_expand_profile_status_enum_on_professional_profiles.php(17): Illuminate/Support/Facades/Facade::__callStatic('statement', Array)
#5 C:/Users/Mugahed/Desktop/MyMetier/vendor/laravel/framework/src/Illuminate/Database/Migrations/Migrator.php(517): Illuminate/Database/Migrations/Migration@anonymous->up()
#6 C:/Users/Mugahed/Desktop/MyMetier/vendor/laravel/framework/src/Illuminate/Database/Migrations/Migrator.php(442): Illuminate/Database/Migrations/Migrator->runMethod(Object(Illuminate/Database/SQLiteConnection), Object(Illuminate/Database/Migrations/Migration@anonymous), 'up')
#7 C:/Users/Mugahed/Desktop/MyMetier/vendor/laravel/framework/src/Illuminate/Database/Migrations/Migrator.php(451): Illuminate/Database/Migrations/Migrator->{closure:Illuminate/Database/Migrations/Migrator::runMigration():438}()
#8 C:/Users/Mugahed/Desktop/MyMetier/vendor/laravel/framework/src/Illuminate/Database/Migrations/Migrator.php(253): Illuminate/Database/Migrations/Migrator->runMigration(Object(Illuminate/Database/Migrations/Migration@anonymous), 'up')
#9 C:/Users/Mugahed/Desktop/MyMetier/vendor/laravel/framework/src/Illuminate/Console/View/Components/Task.php(43): Illuminate/Database/Migrations/Migrator->{closure:Illuminate/Database/Migrations/Migrator::runUp():253}()
#10 C:/Users/Mugahed/Desktop/MyMetier/vendor/laravel/framework/src/Illuminate/Database/Migrations/Migrator.php(814): Illuminate/Console/View/Components/Task->render('2026_03_26_0801...', Object(Closure))
#11 C:/Users/Mugahed/Desktop/MyMetier/vendor/laravel/framework/src/Illuminate/Database/Migrations/Migrator.php(253): Illuminate/Database/Migrations/Migrator->write('Illuminate//Cons...', '2026_03_26_0801...', Object(Closure))
#12 C:/Users/Mugahed/Desktop/MyMetier/vendor/laravel/framework/src/Illuminate/Database/Migrations/Migrator.php(211): Illuminate/Database/Migrations/Migrator->runUp('C://Users//Mugahe...', 3, false)
#13 C:/Users/Mugahed/Desktop/MyMetier/vendor/laravel/framework/src/Illuminate/Database/Migrations/Migrator.php(138): Illuminate/Database/Migrations/Migrator->runPending(Array, Array)
#14 C:/Users/Mugahed/Desktop/MyMetier/vendor/laravel/framework/src/Illuminate/Database/Console/Migrations/MigrateCommand.php(118): Illuminate/Database/Migrations/Migrator->run(Array, Array)
#15 C:/Users/Mugahed/Desktop/MyMetier/vendor/laravel/framework/src/Illuminate/Database/Migrations/Migrator.php(671): Illuminate/Database/Console/Migrations/MigrateCommand->{closure:Illuminate/Database/Console/Migrations/MigrateCommand::runMigrations():111}()
#16 C:/Users/Mugahed/Desktop/MyMetier/vendor/laravel/framework/src/Illuminate/Database/Console/Migrations/MigrateCommand.php(111): Illuminate/Database/Migrations/Migrator->usingConnection(NULL, Object(Closure))
#17 C:/Users/Mugahed/Desktop/MyMetier/vendor/laravel/framework/src/Illuminate/Database/Console/Migrations/MigrateCommand.php(90): Illuminate/Database/Console/Migrations/MigrateCommand->runMigrations()
#18 C:/Users/Mugahed/Desktop/MyMetier/vendor/laravel/framework/src/Illuminate/Container/BoundMethod.php(36): Illuminate/Database/Console/Migrations/MigrateCommand->handle()
#19 C:/Users/Mugahed/Desktop/MyMetier/vendor/laravel/framework/src/Illuminate/Container/Util.php(43): Illuminate/Container/BoundMethod::{closure:Illuminate/Container/BoundMethod::call():35}()
#20 C:/Users/Mugahed/Desktop/MyMetier/vendor/laravel/framework/src/Illuminate/Container/BoundMethod.php(96): Illuminate/Container/Util::unwrapIfClosure(Object(Closure))
#21 C:/Users/Mugahed/Desktop/MyMetier/vendor/laravel/framework/src/Illuminate/Container/BoundMethod.php(35): Illuminate/Container/BoundMethod::callBoundMethod(Object(Illuminate/Foundation/Application), Array, Object(Closure))
#22 C:/Users/Mugahed/Desktop/MyMetier/vendor/laravel/framework/src/Illuminate/Container/Container.php(799): Illuminate/Container/BoundMethod::call(Object(Illuminate/Foundation/Application), Array, Array, NULL)
#23 C:/Users/Mugahed/Desktop/MyMetier/vendor/laravel/framework/src/Illuminate/Console/Command.php(273): Illuminate/Container/Container->call(Array)
#24 C:/Users/Mugahed/Desktop/MyMetier/vendor/symfony/console/Command/Command.php(291): Illuminate/Console/Command->execute(Object(Symfony/Component/Console/Input/ArgvInput), Object(Illuminate/Console/OutputStyle))
#25 C:/Users/Mugahed/Desktop/MyMetier/vendor/laravel/framework/src/Illuminate/Console/Command.php(242): Symfony/Component/Console/Command/Command->run(Object(Symfony/Component/Console/Input/ArgvInput), Object(Illuminate/Console/OutputStyle))
#26 C:/Users/Mugahed/Desktop/MyMetier/vendor/symfony/console/Application.php(1107): Illuminate/Console/Command->run(Object(Symfony/Component/Console/Input/ArgvInput), Object(Symfony/Component/Console/Output/ConsoleOutput))
#27 C:/Users/Mugahed/Desktop/MyMetier/vendor/symfony/console/Application.php(356): Symfony/Component/Console/Application->doRunCommand(Object(Illuminate/Database/Console/Migrations/MigrateCommand), Object(Symfony/Component/Console/Input/ArgvInput), Object(Symfony/Component/Console/Output/ConsoleOutput))
#28 C:/Users/Mugahed/Desktop/MyMetier/vendor/symfony/console/Application.php(195): Symfony/Component/Console/Application->doRun(Object(Symfony/Component/Console/Input/ArgvInput), Object(Symfony/Component/Console/Output/ConsoleOutput))
#29 C:/Users/Mugahed/Desktop/MyMetier/vendor/laravel/framework/src/Illuminate/Foundation/Console/Kernel.php(198): Symfony/Component/Console/Application->run(Object(Symfony/Component/Console/Input/ArgvInput), Object(Symfony/Component/Console/Output/ConsoleOutput))
#30 C:/Users/Mugahed/Desktop/MyMetier/vendor/laravel/framework/src/Illuminate/Foundation/Application.php(1235): Illuminate/Foundation/Console/Kernel->handle(Object(Symfony/Component/Console/Input/ArgvInput), Object(Symfony/Component/Console/Output/ConsoleOutput))
#31 C:/Users/Mugahed/Desktop/MyMetier/artisan(16): Illuminate/Foundation/Application->handleCommand(Object(Symfony/Component/Console/Input/ArgvInput))
#32 {main}

[previous exception] [object] (PDOException(code: HY000): SQLSTATE[HY000]: General error: 1 near \"MODIFY\": syntax error at C:/Users/Mugahed/Desktop/MyMetier/vendor/laravel/framework/src/Illuminate/Database/Connection.php:581)
[stacktrace]
#0 C:/Users/Mugahed/Desktop/MyMetier/vendor/laravel/framework/src/Illuminate/Database/Connection.php(581): PDO->prepare('ALTER TABLE pro...')
#1 C:/Users/Mugahed/Desktop/MyMetier/vendor/laravel/framework/src/Illuminate/Database/Connection.php(830): Illuminate/Database/Connection->{closure:Illuminate/Database/Connection::statement():576}('ALTER TABLE pro...', Array)
#2 C:/Users/Mugahed/Desktop/MyMetier/vendor/laravel/framework/src/Illuminate/Database/Connection.php(797): Illuminate/Database/Connection->runQueryCallback('ALTER TABLE pro...', Array, Object(Closure))
#3 C:/Users/Mugahed/Desktop/MyMetier/vendor/laravel/framework/src/Illuminate/Database/Connection.php(576): Illuminate/Database/Connection->run('ALTER TABLE pro...', Array, Object(Closure))
#4 C:/Users/Mugahed/Desktop/MyMetier/vendor/laravel/framework/src/Illuminate/Database/DatabaseManager.php(493): Illuminate/Database/Connection->statement('ALTER TABLE pro...')
#5 C:/Users/Mugahed/Desktop/MyMetier/vendor/laravel/framework/src/Illuminate/Support/Facades/Facade.php(363): Illuminate/Database/DatabaseManager->__call('statement', Array)
#6 C:/Users/Mugahed/Desktop/MyMetier/database/migrations/2026_03_26_080100_expand_profile_status_enum_on_professional_profiles.php(17): Illuminate/Support/Facades/Facade::__callStatic('statement', Array)
#7 C:/Users/Mugahed/Desktop/MyMetier/vendor/laravel/framework/src/Illuminate/Database/Migrations/Migrator.php(517): Illuminate/Database/Migrations/Migration@anonymous->up()
#8 C:/Users/Mugahed/Desktop/MyMetier/vendor/laravel/framework/src/Illuminate/Database/Migrations/Migrator.php(442): Illuminate/Database/Migrations/Migrator->runMethod(Object(Illuminate/Database/SQLiteConnection), Object(Illuminate/Database/Migrations/Migration@anonymous), 'up')
#9 C:/Users/Mugahed/Desktop/MyMetier/vendor/laravel/framework/src/Illuminate/Database/Migrations/Migrator.php(451): Illuminate/Database/Migrations/Migrator->{closure:Illuminate/Database/Migrations/Migrator::runMigration():438}()
#10 C:/Users/Mugahed/Desktop/MyMetier/vendor/laravel/framework/src/Illuminate/Database/Migrations/Migrator.php(253): Illuminate/Database/Migrations/Migrator->runMigration(Object(Illuminate/Database/Migrations/Migration@anonymous), 'up')
#11 C:/Users/Mugahed/Desktop/MyMetier/vendor/laravel/framework/src/Illuminate/Console/View/Components/Task.php(43): Illuminate/Database/Migrations/Migrator->{closure:Illuminate/Database/Migrations/Migrator::runUp():253}()
#12 C:/Users/Mugahed/Desktop/MyMetier/vendor/laravel/framework/src/Illuminate/Database/Migrations/Migrator.php(814): Illuminate/Console/View/Components/Task->render('2026_03_26_0801...', Object(Closure))
#13 C:/Users/Mugahed/Desktop/MyMetier/vendor/laravel/framework/src/Illuminate/Database/Migrations/Migrator.php(253): Illuminate/Database/Migrations/Migrator->write('Illuminate//Cons...', '2026_03_26_0801...', Object(Closure))
#14 C:/Users/Mugahed/Desktop/MyMetier/vendor/laravel/framework/src/Illuminate/Database/Migrations/Migrator.php(211): Illuminate/Database/Migrations/Migrator->runUp('C://Users//Mugahe...', 3, false)
#15 C:/Users/Mugahed/Desktop/MyMetier/vendor/laravel/framework/src/Illuminate/Database/Migrations/Migrator.php(138): Illuminate/Database/Migrations/Migrator->runPending(Array, Array)
#16 C:/Users/Mugahed/Desktop/MyMetier/vendor/laravel/framework/src/Illuminate/Database/Console/Migrations/MigrateCommand.php(118): Illuminate/Database/Migrations/Migrator->run(Array, Array)
#17 C:/Users/Mugahed/Desktop/MyMetier/vendor/laravel/framework/src/Illuminate/Database/Migrations/Migrator.php(671): Illuminate/Database/Console/Migrations/MigrateCommand->{closure:Illuminate/Database/Console/Migrations/MigrateCommand::runMigrations():111}()
#18 C:/Users/Mugahed/Desktop/MyMetier/vendor/laravel/framework/src/Illuminate/Database/Console/Migrations/MigrateCommand.php(111): Illuminate/Database/Migrations/Migrator->usingConnection(NULL, Object(Closure))
#19 C:/Users/Mugahed/Desktop/MyMetier/vendor/laravel/framework/src/Illuminate/Database/Console/Migrations/MigrateCommand.php(90): Illuminate/Database/Console/Migrations/MigrateCommand->runMigrations()
#20 C:/Users/Mugahed/Desktop/MyMetier/vendor/laravel/framework/src/Illuminate/Container/BoundMethod.php(36): Illuminate/Database/Console/Migrations/MigrateCommand->handle()
#21 C:/Users/Mugahed/Desktop/MyMetier/vendor/laravel/framework/src/Illuminate/Container/Util.php(43): Illuminate/Container/BoundMethod::{closure:Illuminate/Container/BoundMethod::call():35}()
#22 C:/Users/Mugahed/Desktop/MyMetier/vendor/laravel/framework/src/Illuminate/Container/BoundMethod.php(96): Illuminate/Container/Util::unwrapIfClosure(Object(Closure))
#23 C:/Users/Mugahed/Desktop/MyMetier/vendor/laravel/framework/src/Illuminate/Container/BoundMethod.php(35): Illuminate/Container/BoundMethod::callBoundMethod(Object(Illuminate/Foundation/Application), Array, Object(Closure))
#24 C:/Users/Mugahed/Desktop/MyMetier/vendor/laravel/framework/src/Illuminate/Container/Container.php(799): Illuminate/Container/BoundMethod::call(Object(Illuminate/Foundation/Application), Array, Array, NULL)
#25 C:/Users/Mugahed/Desktop/MyMetier/vendor/laravel/framework/src/Illuminate/Console/Command.php(273): Illuminate/Container/Container->call(Array)
#26 C:/Users/Mugahed/Desktop/MyMetier/vendor/symfony/console/Command/Command.php(291): Illuminate/Console/Command->execute(Object(Symfony/Component/Console/Input/ArgvInput), Object(Illuminate/Console/OutputStyle))
#27 C:/Users/Mugahed/Desktop/MyMetier/vendor/laravel/framework/src/Illuminate/Console/Command.php(242): Symfony/Component/Console/Command/Command->run(Object(Symfony/Component/Console/Input/ArgvInput), Object(Illuminate/Console/OutputStyle))
#28 C:/Users/Mugahed/Desktop/MyMetier/vendor/symfony/console/Application.php(1107): Illuminate/Console/Command->run(Object(Symfony/Component/Console/Input/ArgvInput), Object(Symfony/Component/Console/Output/ConsoleOutput))
#29 C:/Users/Mugahed/Desktop/MyMetier/vendor/symfony/console/Application.php(356): Symfony/Component/Console/Application->doRunCommand(Object(Illuminate/Database/Console/Migrations/MigrateCommand), Object(Symfony/Component/Console/Input/ArgvInput), Object(Symfony/Component/Console/Output/ConsoleOutput))
#30 C:/Users/Mugahed/Desktop/MyMetier/vendor/symfony/console/Application.php(195): Symfony/Component/Console/Application->doRun(Object(Symfony/Component/Console/Input/ArgvInput), Object(Symfony/Component/Console/Output/ConsoleOutput))
#31 C:/Users/Mugahed/Desktop/MyMetier/vendor/laravel/framework/src/Illuminate/Foundation/Console/Kernel.php(198): Symfony/Component/Console/Application->run(Object(Symfony/Component/Console/Input/ArgvInput), Object(Symfony/Component/Console/Output/ConsoleOutput))
#32 C:/Users/Mugahed/Desktop/MyMetier/vendor/laravel/framework/src/Illuminate/Foundation/Application.php(1235): Illuminate/Foundation/Console/Kernel->handle(Object(Symfony/Component/Console/Input/ArgvInput), Object(Symfony/Component/Console/Output/ConsoleOutput))
#33 C:/Users/Mugahed/Desktop/MyMetier/artisan(16): Illuminate/Foundation/Application->handleCommand(Object(Symfony/Component/Console/Input/ArgvInput))
#34 {main}
"} 
[2026-03-27 05:23:16] local.DEBUG: REQUEST TIME {"url":"http://mymetier.test","time_ms":229.77,"memory_mb":18.0} 
[2026-03-27 05:24:11] local.DEBUG: REQUEST TIME {"url":"http://mymetier.test/search","time_ms":773.26,"memory_mb":10.0} 
[2026-03-27 05:24:11] local.WARNING: SLOW REQUEST ALERT {"url":"http://mymetier.test/search","time_ms":773.26,"memory_mb":10.0} 
[2026-03-27 05:25:26] local.DEBUG: REQUEST TIME {"url":"http://mymetier.test/login","time_ms":841.5,"memory_mb":10.0} 
[2026-03-27 05:25:26] local.WARNING: SLOW REQUEST ALERT {"url":"http://mymetier.test/login","time_ms":841.5,"memory_mb":10.0} 
[2026-03-27 05:37:30] local.DEBUG: REQUEST TIME {"url":"http://mymetier.test","time_ms":434.06,"memory_mb":10.0} 
[2026-03-27 05:43:40] local.DEBUG: REQUEST TIME {"url":"http://mymetier.test/login","time_ms":70.47,"memory_mb":8.0} 
[2026-03-27 05:44:04] local.DEBUG: REQUEST TIME {"url":"http://mymetier.test/livewire-f00c2fb8/update","time_ms":768.55,"memory_mb":10.0} 
[2026-03-27 05:44:04] local.WARNING: SLOW REQUEST ALERT {"url":"http://mymetier.test/livewire-f00c2fb8/update","time_ms":768.55,"memory_mb":10.0} 
[2026-03-27 05:44:40] local.DEBUG: REQUEST TIME {"url":"http://mymetier.test/register","time_ms":204.16,"memory_mb":8.0} 
[2026-03-27 05:46:23] local.DEBUG: REQUEST TIME {"url":"http://mymetier.test/livewire-f00c2fb8/update","time_ms":611.08,"memory_mb":10.0} 
[2026-03-27 05:46:23] local.WARNING: SLOW REQUEST ALERT {"url":"http://mymetier.test/livewire-f00c2fb8/update","time_ms":611.08,"memory_mb":10.0} 
[2026-03-27 05:46:23] local.DEBUG: REQUEST TIME {"url":"http://mymetier.test","time_ms":18.55,"memory_mb":8.0} 
[2026-03-27 05:46:36] local.DEBUG: REQUEST TIME {"url":"http://mymetier.test/search","time_ms":46.73,"memory_mb":10.0} 
[2026-03-27 05:46:38] local.DEBUG: REQUEST TIME {"url":"http://mymetier.test/requests","time_ms":52.05,"memory_mb":8.0} 
[2026-03-27 05:46:45] local.DEBUG: REQUEST TIME {"url":"http://mymetier.test/dashboard","time_ms":1441.15,"memory_mb":10.0} 
[2026-03-27 05:46:45] local.WARNING: SLOW REQUEST ALERT {"url":"http://mymetier.test/dashboard","time_ms":1441.15,"memory_mb":10.0} 
[2026-03-27 05:46:59] local.DEBUG: REQUEST TIME {"url":"http://mymetier.test/upgrade","time_ms":1400.4,"memory_mb":10.0} 
[2026-03-27 05:46:59] local.WARNING: SLOW REQUEST ALERT {"url":"http://mymetier.test/upgrade","time_ms":1400.4,"memory_mb":10.0} 
[2026-03-27 05:48:52] local.DEBUG: REQUEST TIME {"url":"http://mymetier.test/livewire-f00c2fb8/update","time_ms":37.98,"memory_mb":10.0} 
[2026-03-27 05:48:57] local.DEBUG: REQUEST TIME {"url":"http://mymetier.test/livewire-f00c2fb8/update","time_ms":32.22,"memory_mb":8.0} 
[2026-03-27 05:49:02] local.DEBUG: REQUEST TIME {"url":"http://mymetier.test/livewire-f00c2fb8/update","time_ms":23.37,"memory_mb":8.0} 
[2026-03-27 05:49:56] local.DEBUG: REQUEST TIME {"url":"http://mymetier.test/livewire-f00c2fb8/update","time_ms":197.91,"memory_mb":8.0} 
[2026-03-27 05:49:57] local.DEBUG: REQUEST TIME {"url":"http://mymetier.test/livewire-f00c2fb8/upload-file","time_ms":1113.81,"memory_mb":18.0} 
[2026-03-27 05:49:57] local.WARNING: SLOW REQUEST ALERT {"url":"http://mymetier.test/livewire-f00c2fb8/upload-file","time_ms":1113.81,"memory_mb":18.0} 
[2026-03-27 05:49:58] local.DEBUG: REQUEST TIME {"url":"http://mymetier.test/livewire-f00c2fb8/update","time_ms":125.61,"memory_mb":8.0} 
[2026-03-27 05:50:10] local.DEBUG: REQUEST TIME {"url":"http://mymetier.test/livewire-f00c2fb8/update","time_ms":119.25,"memory_mb":18.0} 
[2026-03-27 05:50:11] local.DEBUG: REQUEST TIME {"url":"http://mymetier.test/pro-dashboard","time_ms":1641.91,"memory_mb":10.0} 
[2026-03-27 05:50:11] local.WARNING: SLOW REQUEST ALERT {"url":"http://mymetier.test/pro-dashboard","time_ms":1641.91,"memory_mb":10.0} 
[2026-03-27 05:50:24] local.DEBUG: REQUEST TIME {"url":"http://mymetier.test/livewire-f00c2fb8/update","time_ms":56.22,"memory_mb":10.0} 
[2026-03-27 05:50:43] local.DEBUG: REQUEST TIME {"url":"http://mymetier.test/livewire-f00c2fb8/update","time_ms":15.68,"memory_mb":8.0} 
[2026-03-27 05:50:44] local.DEBUG: REQUEST TIME {"url":"http://mymetier.test/livewire-f00c2fb8/upload-file","time_ms":18.13,"memory_mb":16.0} 
[2026-03-27 05:50:44] local.DEBUG: REQUEST TIME {"url":"http://mymetier.test/livewire-f00c2fb8/update","time_ms":20.86,"memory_mb":8.0} 
[2026-03-27 05:51:11] local.DEBUG: REQUEST TIME {"url":"http://mymetier.test/livewire-f00c2fb8/update","time_ms":72.93,"memory_mb":18.0} 
[2026-03-27 05:51:20] local.DEBUG: REQUEST TIME {"url":"http://mymetier.test/professionals/2","time_ms":329.55,"memory_mb":10.0} 
[2026-03-27 05:51:54] local.DEBUG: REQUEST TIME {"url":"http://mymetier.test/livewire-f00c2fb8/update","time_ms":26.8,"memory_mb":8.0} 
[2026-03-27 05:51:54] local.DEBUG: REQUEST TIME {"url":"http://mymetier.test/livewire-f00c2fb8/upload-file","time_ms":9.58,"memory_mb":18.0} 
[2026-03-27 05:51:54] local.DEBUG: REQUEST TIME {"url":"http://mymetier.test/livewire-f00c2fb8/update","time_ms":19.74,"memory_mb":10.0} 
[2026-03-27 05:52:20] local.DEBUG: REQUEST TIME {"url":"http://mymetier.test/livewire-f00c2fb8/update","time_ms":55.57,"memory_mb":18.0} 
[2026-03-27 05:52:34] local.DEBUG: REQUEST TIME {"url":"http://mymetier.test","time_ms":58.93,"memory_mb":10.0} 
[2026-03-27 05:52:38] local.DEBUG: REQUEST TIME {"url":"http://mymetier.test/search","time_ms":37.94,"memory_mb":10.0} 
[2026-03-27 05:52:44] local.DEBUG: REQUEST TIME {"url":"http://mymetier.test/livewire-f00c2fb8/update","time_ms":31.42,"memory_mb":8.0} 
[2026-03-27 05:52:45] local.DEBUG: REQUEST TIME {"url":"http://mymetier.test/livewire-f00c2fb8/update","time_ms":14.49,"memory_mb":8.0} 
[2026-03-27 05:52:46] local.DEBUG: REQUEST TIME {"url":"http://mymetier.test/livewire-f00c2fb8/update","time_ms":17.72,"memory_mb":10.0} 
[2026-03-27 05:52:48] local.DEBUG: REQUEST TIME {"url":"http://mymetier.test/livewire-f00c2fb8/update","time_ms":20.3,"memory_mb":8.0} 
[2026-03-27 05:52:50] local.DEBUG: REQUEST TIME {"url":"http://mymetier.test/livewire-f00c2fb8/update","time_ms":27.69,"memory_mb":10.0} 
[2026-03-27 05:52:55] local.DEBUG: REQUEST TIME {"url":"http://mymetier.test/livewire-f00c2fb8/update","time_ms":29.25,"memory_mb":8.0} 
[2026-03-27 05:52:58] local.DEBUG: REQUEST TIME {"url":"http://mymetier.test/livewire-f00c2fb8/update","time_ms":29.94,"memory_mb":8.0} 
[2026-03-27 05:53:00] local.DEBUG: REQUEST TIME {"url":"http://mymetier.test/livewire-f00c2fb8/update","time_ms":7.79,"memory_mb":8.0} 
[2026-03-27 05:53:02] local.DEBUG: REQUEST TIME {"url":"http://mymetier.test/livewire-f00c2fb8/update","time_ms":16.58,"memory_mb":8.0} 
[2026-03-27 05:53:05] local.DEBUG: REQUEST TIME {"url":"http://mymetier.test/livewire-f00c2fb8/update","time_ms":14.89,"memory_mb":8.0} 
[2026-03-27 05:53:06] local.DEBUG: REQUEST TIME {"url":"http://mymetier.test/livewire-f00c2fb8/update","time_ms":7.83,"memory_mb":8.0} 
[2026-03-27 05:53:07] local.DEBUG: REQUEST TIME {"url":"http://mymetier.test/livewire-f00c2fb8/update","time_ms":9.56,"memory_mb":8.0} 
[2026-03-27 05:53:09] local.DEBUG: REQUEST TIME {"url":"http://mymetier.test/livewire-f00c2fb8/update","time_ms":16.48,"memory_mb":8.0} 
[2026-03-27 05:53:09] local.DEBUG: REQUEST TIME {"url":"http://mymetier.test/livewire-f00c2fb8/update","time_ms":10.05,"memory_mb":8.0} 
[2026-03-27 05:53:14] local.DEBUG: REQUEST TIME {"url":"http://mymetier.test/livewire-f00c2fb8/update","time_ms":42.5,"memory_mb":8.0} 
[2026-03-27 05:53:19] local.DEBUG: REQUEST TIME {"url":"http://mymetier.test/livewire-f00c2fb8/update","time_ms":29.17,"memory_mb":8.0} 
[2026-03-27 05:53:25] local.DEBUG: REQUEST TIME {"url":"http://mymetier.test/livewire-f00c2fb8/update","time_ms":30.58,"memory_mb":10.0} 
[2026-03-27 05:53:31] local.DEBUG: REQUEST TIME {"url":"http://mymetier.test/professionals/1","time_ms":1313.99,"memory_mb":10.0} 
[2026-03-27 05:53:31] local.WARNING: SLOW REQUEST ALERT {"url":"http://mymetier.test/professionals/1","time_ms":1313.99,"memory_mb":10.0} 
[2026-03-27 05:54:08] local.DEBUG: REQUEST TIME {"url":"http://mymetier.test/livewire-f00c2fb8/update","time_ms":22.77,"memory_mb":10.0} 
[2026-03-27 05:54:10] local.DEBUG: REQUEST TIME {"url":"http://mymetier.test/livewire-f00c2fb8/update","time_ms":68.4,"memory_mb":10.0} 
[2026-03-27 05:54:32] local.DEBUG: REQUEST TIME {"url":"http://mymetier.test/search","time_ms":44.18,"memory_mb":10.0} 
[2026-03-27 05:54:36] local.DEBUG: REQUEST TIME {"url":"http://mymetier.test/requests","time_ms":51.08,"memory_mb":8.0} 
[2026-03-27 05:54:39] local.DEBUG: REQUEST TIME {"url":"http://mymetier.test","time_ms":16.55,"memory_mb":8.0} 
[2026-03-27 05:54:43] local.DEBUG: REQUEST TIME {"url":"http://mymetier.test/logout","time_ms":91.29,"memory_mb":8.0} 
[2026-03-27 05:54:43] local.DEBUG: REQUEST TIME {"url":"http://mymetier.test","time_ms":10.15,"memory_mb":8.0} 
[2026-03-27 05:54:48] local.DEBUG: REQUEST TIME {"url":"http://mymetier.test/login","time_ms":37.08,"memory_mb":8.0} 
[2026-03-27 05:55:11] local.DEBUG: REQUEST TIME {"url":"http://mymetier.test/livewire-f00c2fb8/update","time_ms":213.95,"memory_mb":8.0} 
[2026-03-27 06:01:39] local.DEBUG: REQUEST TIME {"url":"http://mymetier.test/login","time_ms":43.15,"memory_mb":8.0} 
[2026-03-27 06:01:55] local.DEBUG: REQUEST TIME {"url":"http://mymetier.test/livewire-f00c2fb8/update","time_ms":397.19,"memory_mb":8.0} 
[2026-03-27 06:01:55] local.DEBUG: REQUEST TIME {"url":"http://mymetier.test","time_ms":70.18,"memory_mb":10.0} 
[2026-03-27 06:02:07] local.DEBUG: REQUEST TIME {"url":"http://mymetier.test/dashboard","time_ms":47.25,"memory_mb":10.0} 
[2026-03-27 06:02:29] local.DEBUG: REQUEST TIME {"url":"http://mymetier.test/search","time_ms":38.56,"memory_mb":10.0} 
[2026-03-27 06:02:33] local.DEBUG: REQUEST TIME {"url":"http://mymetier.test/requests","time_ms":53.4,"memory_mb":8.0} 
[2026-03-27 06:02:39] local.DEBUG: REQUEST TIME {"url":"http://mymetier.test","time_ms":16.31,"memory_mb":8.0} 
[2026-03-27 06:02:44] local.DEBUG: REQUEST TIME {"url":"http://mymetier.test/search","time_ms":38.76,"memory_mb":10.0} 
[2026-03-27 06:02:49] local.DEBUG: REQUEST TIME {"url":"http://mymetier.test/requests","time_ms":50.28,"memory_mb":8.0} 
[2026-03-27 06:02:54] local.DEBUG: REQUEST TIME {"url":"http://mymetier.test","time_ms":15.23,"memory_mb":8.0} 
[2026-03-27 06:08:39] local.DEBUG: REQUEST TIME {"url":"http://mymetier.test/dashboard","time_ms":49.74,"memory_mb":10.0} 
[2026-03-27 06:08:44] local.DEBUG: REQUEST TIME {"url":"http://mymetier.test/settings/profile","time_ms":111.24,"memory_mb":10.0} 
[2026-03-27 06:08:50] local.DEBUG: REQUEST TIME {"url":"http://mymetier.test/settings/security","time_ms":1.1,"memory_mb":8.0} 
[2026-03-27 06:08:50] local.DEBUG: REQUEST TIME {"url":"http://mymetier.test/user/confirm-password","time_ms":210.51,"memory_mb":8.0} 
[2026-03-27 06:09:02] local.DEBUG: REQUEST TIME {"url":"http://mymetier.test/user/confirm-password","time_ms":370.12,"memory_mb":8.0} 
[2026-03-27 06:09:02] local.DEBUG: REQUEST TIME {"url":"http://mymetier.test/settings/security","time_ms":162.66,"memory_mb":10.0} 
[2026-03-27 06:09:09] local.DEBUG: REQUEST TIME {"url":"http://mymetier.test/settings/appearance","time_ms":46.1,"memory_mb":8.0} 
[2026-03-27 06:09:18] local.DEBUG: REQUEST TIME {"url":"http://mymetier.test/settings/profile","time_ms":59.51,"memory_mb":10.0} 
[2026-03-27 06:09:24] local.DEBUG: REQUEST TIME {"url":"http://mymetier.test/dashboard","time_ms":43.45,"memory_mb":10.0} 
[2026-03-27 06:12:44] local.ERROR: Value 'Admin`nPanelProvider' is not valid class name. {"user_id":null,"url":"http://mymetier.test","exception":"[object] (Nette\\InvalidArgumentException(code: 0): Value 'Admin`nPanelProvider' is not valid class name. at C:/Users/Mugahed/Desktop/MyMetier/vendor/nette/php-generator/src/PhpGenerator/ClassLike.php:101)
[stacktrace]
#0 C:/Users/Mugahed/Desktop/MyMetier/vendor/nette/php-generator/src/PhpGenerator/ClassLike.php(73): Nette/PhpGenerator/ClassLike->setName('Admin`nPanelPro...')
#1 C:/Users/Mugahed/Desktop/MyMetier/vendor/nette/php-generator/src/PhpGenerator/ClassType.php(42): Nette/PhpGenerator/ClassLike->__construct('Admin`nPanelPro...', NULL)
#2 C:/Users/Mugahed/Desktop/MyMetier/vendor/nette/php-generator/src/PhpGenerator/PhpNamespace.php(292): Nette/PhpGenerator/ClassType->__construct('Admin`nPanelPro...')
#3 C:/Users/Mugahed/Desktop/MyMetier/vendor/filament/support/src/Commands/FileGenerators/ClassGenerator.php(28): Nette/PhpGenerator/PhpNamespace->addClass('Admin`nPanelPro...')
#4 C:/Users/Mugahed/Desktop/MyMetier/vendor/filament/support/src/Commands/FileGenerators/ClassGenerator.php(141): Filament/Support/Commands/FileGenerators/ClassGenerator->getFile()
#5 C:/Users/Mugahed/Desktop/MyMetier/vendor/filament/support/src/Commands/Concerns/CanManipulateFiles.php(76): Filament/Support/Commands/FileGenerators/ClassGenerator->generate()
#6 C:/Users/Mugahed/Desktop/MyMetier/vendor/filament/support/src/Commands/Concerns/CanGeneratePanels.php(50): Filament/Support/Commands/InstallCommand->writeFile('C://Users//Mugahe...', Object(Filament/Commands/FileGenerators/PanelProviderClassGenerator))
#7 C:/Users/Mugahed/Desktop/MyMetier/vendor/filament/support/src/Commands/InstallCommand.php(100): Filament/Support/Commands/InstallCommand->generatePanel('admin`n', 'admin', '', true)
#8 C:/Users/Mugahed/Desktop/MyMetier/vendor/filament/support/src/Commands/InstallCommand.php(74): Filament/Support/Commands/InstallCommand->installAdminPanel()
#9 C:/Users/Mugahed/Desktop/MyMetier/vendor/laravel/framework/src/Illuminate/Container/BoundMethod.php(36): Filament/Support/Commands/InstallCommand->__invoke()
#10 C:/Users/Mugahed/Desktop/MyMetier/vendor/laravel/framework/src/Illuminate/Container/Util.php(43): Illuminate/Container/BoundMethod::{closure:Illuminate/Container/BoundMethod::call():35}()
#11 C:/Users/Mugahed/Desktop/MyMetier/vendor/laravel/framework/src/Illuminate/Container/BoundMethod.php(96): Illuminate/Container/Util::unwrapIfClosure(Object(Closure))
#12 C:/Users/Mugahed/Desktop/MyMetier/vendor/laravel/framework/src/Illuminate/Container/BoundMethod.php(35): Illuminate/Container/BoundMethod::callBoundMethod(Object(Illuminate/Foundation/Application), Array, Object(Closure))
#13 C:/Users/Mugahed/Desktop/MyMetier/vendor/laravel/framework/src/Illuminate/Container/Container.php(799): Illuminate/Container/BoundMethod::call(Object(Illuminate/Foundation/Application), Array, Array, NULL)
#14 C:/Users/Mugahed/Desktop/MyMetier/vendor/laravel/framework/src/Illuminate/Console/Command.php(273): Illuminate/Container/Container->call(Array)
#15 C:/Users/Mugahed/Desktop/MyMetier/vendor/symfony/console/Command/Command.php(291): Illuminate/Console/Command->execute(Object(Symfony/Component/Console/Input/ArgvInput), Object(Illuminate/Console/OutputStyle))
#16 C:/Users/Mugahed/Desktop/MyMetier/vendor/laravel/framework/src/Illuminate/Console/Command.php(242): Symfony/Component/Console/Command/Command->run(Object(Symfony/Component/Console/Input/ArgvInput), Object(Illuminate/Console/OutputStyle))
#17 C:/Users/Mugahed/Desktop/MyMetier/vendor/symfony/console/Application.php(1107): Illuminate/Console/Command->run(Object(Symfony/Component/Console/Input/ArgvInput), Object(Symfony/Component/Console/Output/ConsoleOutput))
#18 C:/Users/Mugahed/Desktop/MyMetier/vendor/symfony/console/Application.php(356): Symfony/Component/Console/Application->doRunCommand(Object(Filament/Support/Commands/InstallCommand), Object(Symfony/Component/Console/Input/ArgvInput), Object(Symfony/Component/Console/Output/ConsoleOutput))
#19 C:/Users/Mugahed/Desktop/MyMetier/vendor/symfony/console/Application.php(195): Symfony/Component/Console/Application->doRun(Object(Symfony/Component/Console/Input/ArgvInput), Object(Symfony/Component/Console/Output/ConsoleOutput))
#20 C:/Users/Mugahed/Desktop/MyMetier/vendor/laravel/framework/src/Illuminate/Foundation/Console/Kernel.php(198): Symfony/Component/Console/Application->run(Object(Symfony/Component/Console/Input/ArgvInput), Object(Symfony/Component/Console/Output/ConsoleOutput))
#21 C:/Users/Mugahed/Desktop/MyMetier/vendor/laravel/framework/src/Illuminate/Foundation/Application.php(1235): Illuminate/Foundation/Console/Kernel->handle(Object(Symfony/Component/Console/Input/ArgvInput), Object(Symfony/Component/Console/Output/ConsoleOutput))
#22 C:/Users/Mugahed/Desktop/MyMetier/artisan(16): Illuminate/Foundation/Application->handleCommand(Object(Symfony/Component/Console/Input/ArgvInput))
#23 {main}
"} 
[2026-03-27 06:13:17] local.ERROR: Type of App\Filament\Resources\VerificationRequestResource::$navigationGroup must be UnitEnum|string|null (as in class Filament\Resources\Resource) {"user_id":null,"url":"http://mymetier.test","exception":"[object] (Symfony\\Component\\ErrorHandler\\Error\\FatalError(code: 0): Type of App\\Filament\\Resources\\VerificationRequestResource::$navigationGroup must be UnitEnum|string|null (as in class Filament\\Resources\\Resource) at C:/Users/Mugahed/Desktop/MyMetier/app/Filament/Resources/VerificationRequestResource.php:19)
[stacktrace]
#0 {main}
"} 
[2026-03-27 06:13:41] local.ERROR: Type of App\Filament\Resources\VerificationRequestResource::$navigationGroup must be UnitEnum|string|null (as in class Filament\Resources\Resource) {"user_id":null,"url":"http://mymetier.test","exception":"[object] (Symfony\\Component\\ErrorHandler\\Error\\FatalError(code: 0): Type of App\\Filament\\Resources\\VerificationRequestResource::$navigationGroup must be UnitEnum|string|null (as in class Filament\\Resources\\Resource) at C:/Users/Mugahed/Desktop/MyMetier/app/Filament/Resources/VerificationRequestResource.php:19)
[stacktrace]
#0 {main}
"} 
[2026-03-27 06:21:40] local.DEBUG: REQUEST TIME {"url":"http://mymetier.test/dashboard","time_ms":66.62,"memory_mb":10.0} 
[2026-03-27 06:21:44] local.DEBUG: REQUEST TIME {"url":"http://mymetier.test/search","time_ms":40.89,"memory_mb":10.0} 
[2026-03-27 06:21:50] local.DEBUG: REQUEST TIME {"url":"http://mymetier.test/logout","time_ms":9.54,"memory_mb":8.0} 
[2026-03-27 06:21:50] local.DEBUG: REQUEST TIME {"url":"http://mymetier.test","time_ms":52.56,"memory_mb":10.0} 
[2026-03-27 06:21:54] local.DEBUG: REQUEST TIME {"url":"http://mymetier.test/login","time_ms":43.35,"memory_mb":10.0} 
[2026-03-27 06:22:11] local.DEBUG: REQUEST TIME {"url":"http://mymetier.test/livewire-f00c2fb8/update","time_ms":320.7,"memory_mb":8.0} 
[2026-03-27 06:22:11] local.DEBUG: REQUEST TIME {"url":"http://mymetier.test","time_ms":12.97,"memory_mb":10.0} 
[2026-03-27 06:22:16] local.DEBUG: REQUEST TIME {"url":"http://mymetier.test","time_ms":20.65,"memory_mb":10.0} 
[2026-03-27 06:22:26] local.DEBUG: REQUEST TIME {"url":"http://mymetier.test/search","time_ms":36.61,"memory_mb":10.0} 
[2026-03-27 06:22:28] local.DEBUG: REQUEST TIME {"url":"http://mymetier.test/requests","time_ms":44.21,"memory_mb":10.0} 
[2026-03-27 06:22:33] local.DEBUG: REQUEST TIME {"url":"http://mymetier.test/settings/profile","time_ms":59.28,"memory_mb":10.0} 
[2026-03-27 06:22:38] local.DEBUG: REQUEST TIME {"url":"http://mymetier.test/dashboard","time_ms":44.8,"memory_mb":10.0} 
[2026-03-27 06:22:46] local.DEBUG: REQUEST TIME {"url":"http://mymetier.test/search","time_ms":31.77,"memory_mb":10.0} 
[2026-03-27 06:22:52] local.DEBUG: REQUEST TIME {"url":"http://mymetier.test/requests","time_ms":48.07,"memory_mb":10.0} 
[2026-03-27 06:22:55] local.DEBUG: REQUEST TIME {"url":"http://mymetier.test","time_ms":16.6,"memory_mb":10.0} 
[2026-03-27 06:23:15] local.DEBUG: REQUEST TIME {"url":"http://mymetier.test/dashboard","time_ms":75.59,"memory_mb":10.0} 
[2026-03-27 06:23:46] local.DEBUG: REQUEST TIME {"url":"http://mymetier.test","time_ms":15.95,"memory_mb":10.0} 
[2026-03-27 06:23:51] local.DEBUG: REQUEST TIME {"url":"http://mymetier.test","time_ms":18.14,"memory_mb":10.0} 
[2026-03-27 06:23:57] local.DEBUG: REQUEST TIME {"url":"http://mymetier.test/search","time_ms":39.61,"memory_mb":10.0} 
[2026-03-27 06:23:58] local.DEBUG: REQUEST TIME {"url":"http://mymetier.test/requests","time_ms":40.41,"memory_mb":10.0} 
[2026-03-27 06:24:04] local.DEBUG: REQUEST TIME {"url":"http://mymetier.test","time_ms":18.87,"memory_mb":10.0} 
[2026-03-27 06:24:48] local.DEBUG: REQUEST TIME {"url":"http://mymetier.test/dashboard","time_ms":43.42,"memory_mb":10.0} 
[2026-03-27 06:31:21] local.DEBUG: REQUEST TIME {"url":"http://mymetier.test/dashboard","time_ms":1411.62,"memory_mb":10.0} 
[2026-03-27 06:31:21] local.WARNING: SLOW REQUEST ALERT {"url":"http://mymetier.test/dashboard","time_ms":1411.62,"memory_mb":10.0} 
[2026-03-27 06:31:25] local.DEBUG: REQUEST TIME {"url":"http://mymetier.test/search","time_ms":39.3,"memory_mb":10.0} 
[2026-03-27 06:31:32] local.DEBUG: REQUEST TIME {"url":"http://mymetier.test/search","time_ms":53.12,"memory_mb":10.0} 
[2026-03-27 06:31:37] local.DEBUG: REQUEST TIME {"url":"http://mymetier.test/dashboard","time_ms":47.18,"memory_mb":10.0} 
[2026-03-27 06:31:48] local.ERROR: rename(C:\Users\Mugahed\Desktop\MyMetier\storage\framework\views\55bA2D0.tmp,C:\Users\Mugahed\Desktop\MyMetier\storage\framework\views/55ba71d177f63850ab134ed2167d9e8b.php): Access is denied (code: 5) (View: C:\Users\Mugahed\Desktop\MyMetier\vendor\filament\widgets\resources\views\components\widget.blade.php) (View: C:\Users\Mugahed\Desktop\MyMetier\vendor\filament\widgets\resources\views\components\widget.blade.php) (View: C:\Users\Mugahed\Desktop\MyMetier\vendor\filament\widgets\resources\views\components\widget.blade.php) (View: C:\Users\Mugahed\Desktop\MyMetier\vendor\filament\widgets\resources\views\components\widget.blade.php) {"user_id":1,"url":"http://mymetier.test/admin","userId":1,"exception":"[object] (Illuminate\\View\\ViewException(code: 0): rename(C:\\Users\\Mugahed\\Desktop\\MyMetier\\storage\\framework\\views\\55bA2D0.tmp,C:\\Users\\Mugahed\\Desktop\\MyMetier\\storage\\framework\\views/55ba71d177f63850ab134ed2167d9e8b.php): Access is denied (code: 5) (View: C:\\Users\\Mugahed\\Desktop\\MyMetier\\vendor\\filament\\widgets\\resources\\views\\components\\widget.blade.php) (View: C:\\Users\\Mugahed\\Desktop\\MyMetier\\vendor\\filament\\widgets\\resources\\views\\components\\widget.blade.php) (View: C:\\Users\\Mugahed\\Desktop\\MyMetier\\vendor\\filament\\widgets\\resources\\views\\components\\widget.blade.php) (View: C:\\Users\\Mugahed\\Desktop\\MyMetier\\vendor\\filament\\widgets\\resources\\views\\components\\widget.blade.php) at C:/Users/Mugahed/Desktop/MyMetier/vendor/laravel/framework/src/Illuminate/Filesystem/Filesystem.php:233)
[stacktrace]
#0 C:/Users/Mugahed/Desktop/MyMetier/vendor/livewire/livewire/src/Mechanisms/ExtendBlade/ExtendedCompilerEngine.php(58): Illuminate/View/Engines/CompilerEngine->handleViewException(Object(Illuminate/View/ViewException), 1)
#1 C:/Users/Mugahed/Desktop/MyMetier/vendor/livewire/livewire/src/Mechanisms/ExtendBlade/ExtendedCompilerEngine.php(40): Livewire/Mechanisms/ExtendBlade/ExtendedCompilerEngine->handleViewException(Object(Illuminate/View/ViewException), 1)
#2 C:/Users/Mugahed/Desktop/MyMetier/vendor/laravel/framework/src/Illuminate/View/Engines/CompilerEngine.php(76): Livewire/Mechanisms/ExtendBlade/ExtendedCompilerEngine->evaluatePath('C://Users//Mugahe...', Array)
#3 C:/Users/Mugahed/Desktop/MyMetier/vendor/livewire/livewire/src/Mechanisms/ExtendBlade/ExtendedCompilerEngine.php(16): Illuminate/View/Engines/CompilerEngine->get('C://Users//Mugahe...', Array)
#4 C:/Users/Mugahed/Desktop/MyMetier/vendor/laravel/framework/src/Illuminate/View/View.php(208): Livewire/Mechanisms/ExtendBlade/ExtendedCompilerEngine->get('C://Users//Mugahe...', Array)
#5 C:/Users/Mugahed/Desktop/MyMetier/vendor/laravel/framework/src/Illuminate/View/View.php(191): Illuminate/View/View->getContents()
#6 C:/Users/Mugahed/Desktop/MyMetier/vendor/laravel/framework/src/Illuminate/View/View.php(160): Illuminate/View/View->renderContents()
#7 C:/Users/Mugahed/Desktop/MyMetier/vendor/livewire/livewire/src/Mechanisms/HandleComponents/HandleComponents.php(409): Illuminate/View/View->render(Object(Closure))
#8 C:/Users/Mugahed/Desktop/MyMetier/vendor/livewire/livewire/src/Mechanisms/HandleComponents/HandleComponents.php(460): Livewire/Mechanisms/HandleComponents/HandleComponents->{closure:Livewire/Mechanisms/HandleComponents/HandleComponents::render():401}()
#9 C:/Users/Mugahed/Desktop/MyMetier/vendor/livewire/livewire/src/Mechanisms/HandleComponents/HandleComponents.php(401): Livewire/Mechanisms/HandleComponents/HandleComponents->trackInRenderStack(Object(Filament/Pages/Dashboard), Object(Closure))
#10 C:/Users/Mugahed/Desktop/MyMetier/vendor/livewire/livewire/src/Mechanisms/HandleComponents/HandleComponents.php(80): Livewire/Mechanisms/HandleComponents/HandleComponents->render(Object(Filament/Pages/Dashboard), '<div></div>')
#11 C:/Users/Mugahed/Desktop/MyMetier/vendor/livewire/livewire/src/LivewireManager.php(102): Livewire/Mechanisms/HandleComponents/HandleComponents->mount('Filament//Pages//...', Array, NULL, Array)
#12 C:/Users/Mugahed/Desktop/MyMetier/vendor/livewire/livewire/src/Features/SupportPageComponents/HandlesPageComponents.php(19): Livewire/LivewireManager->mount('Filament//Pages//...', Array)
#13 C:/Users/Mugahed/Desktop/MyMetier/vendor/livewire/livewire/src/Features/SupportPageComponents/SupportPageComponents.php(118): Livewire/Component->{closure:Livewire/Features/SupportPageComponents/HandlesPageComponents::__invoke():14}()
#14 C:/Users/Mugahed/Desktop/MyMetier/vendor/livewire/livewire/src/Features/SupportPageComponents/HandlesPageComponents.php(14): Livewire/Features/SupportPageComponents/SupportPageComponents::interceptTheRenderOfTheComponentAndRetreiveTheLayoutConfiguration(Object(Closure))
#15 C:/Users/Mugahed/Desktop/MyMetier/vendor/laravel/framework/src/Illuminate/Routing/ControllerDispatcher.php(46): Livewire/Component->__invoke()
#16 C:/Users/Mugahed/Desktop/MyMetier/vendor/laravel/framework/src/Illuminate/Routing/Route.php(269): Illuminate/Routing/ControllerDispatcher->dispatch(Object(Illuminate/Routing/Route), Object(Filament/Pages/Dashboard), '__invoke')
#17 C:/Users/Mugahed/Desktop/MyMetier/vendor/laravel/framework/src/Illuminate/Routing/Route.php(215): Illuminate/Routing/Route->runController()
#18 C:/Users/Mugahed/Desktop/MyMetier/vendor/laravel/framework/src/Illuminate/Routing/Router.php(822): Illuminate/Routing/Route->run()
#19 C:/Users/Mugahed/Desktop/MyMetier/vendor/laravel/framework/src/Illuminate/Pipeline/Pipeline.php(180): Illuminate/Routing/Router->{closure:Illuminate/Routing/Router::runRouteWithinStack():821}(Object(Illuminate/Http/Request))
#20 C:/Users/Mugahed/Desktop/MyMetier/vendor/filament/filament/src/Http/Middleware/DispatchServingFilamentEvent.php(15): Illuminate/Pipeline/Pipeline->{closure:Illuminate/Pipeline/Pipeline::prepareDestination():178}(Object(Illuminate/Http/Request))
#21 C:/Users/Mugahed/Desktop/MyMetier/vendor/laravel/framework/src/Illuminate/Pipeline/Pipeline.php(219): Filament/Http/Middleware/DispatchServingFilamentEvent->handle(Object(Illuminate/Http/Request), Object(Closure))
#22 C:/Users/Mugahed/Desktop/MyMetier/vendor/filament/filament/src/Http/Middleware/DisableBladeIconComponents.php(14): Illuminate/Pipeline/Pipeline->{closure:{closure:Illuminate/Pipeline/Pipeline::carry():194}:195}(Object(Illuminate/Http/Request))
#23 C:/Users/Mugahed/Desktop/MyMetier/vendor/laravel/framework/src/Illuminate/Pipeline/Pipeline.php(219): Filament/Http/Middleware/DisableBladeIconComponents->handle(Object(Illuminate/Http/Request), Object(Closure))
#24 C:/Users/Mugahed/Desktop/MyMetier/vendor/laravel/framework/src/Illuminate/Routing/Middleware/SubstituteBindings.php(52): Illuminate/Pipeline/Pipeline->{closure:{closure:Illuminate/Pipeline/Pipeline::carry():194}:195}(Object(Illuminate/Http/Request))
#25 C:/Users/Mugahed/Desktop/MyMetier/vendor/laravel/framework/src/Illuminate/Pipeline/Pipeline.php(219): Illuminate/Routing/Middleware/SubstituteBindings->handle(Object(Illuminate/Http/Request), Object(Closure))
#26 C:/Users/Mugahed/Desktop/MyMetier/vendor/laravel/framework/src/Illuminate/Foundation/Http/Middleware/PreventRequestForgery.php(104): Illuminate/Pipeline/Pipeline->{closure:{closure:Illuminate/Pipeline/Pipeline::carry():194}:195}(Object(Illuminate/Http/Request))
#27 C:/Users/Mugahed/Desktop/MyMetier/vendor/laravel/framework/src/Illuminate/Pipeline/Pipeline.php(219): Illuminate/Foundation/Http/Middleware/PreventRequestForgery->handle(Object(Illuminate/Http/Request), Object(Closure))
#28 C:/Users/Mugahed/Desktop/MyMetier/vendor/laravel/framework/src/Illuminate/Session/Middleware/AuthenticateSession.php(70): Illuminate/Pipeline/Pipeline->{closure:{closure:Illuminate/Pipeline/Pipeline::carry():194}:195}(Object(Illuminate/Http/Request))
#29 C:/Users/Mugahed/Desktop/MyMetier/vendor/laravel/framework/src/Illuminate/Pipeline/Pipeline.php(219): Illuminate/Session/Middleware/AuthenticateSession->handle(Object(Illuminate/Http/Request), Object(Closure))
#30 C:/Users/Mugahed/Desktop/MyMetier/vendor/laravel/framework/src/Illuminate/Auth/Middleware/Authenticate.php(63): Illuminate/Pipeline/Pipeline->{closure:{closure:Illuminate/Pipeline/Pipeline::carry():194}:195}(Object(Illuminate/Http/Request))
#31 C:/Users/Mugahed/Desktop/MyMetier/vendor/laravel/framework/src/Illuminate/Pipeline/Pipeline.php(219): Illuminate/Auth/Middleware/Authenticate->handle(Object(Illuminate/Http/Request), Object(Closure))
#32 C:/Users/Mugahed/Desktop/MyMetier/vendor/laravel/framework/src/Illuminate/View/Middleware/ShareErrorsFromSession.php(48): Illuminate/Pipeline/Pipeline->{closure:{closure:Illuminate/Pipeline/Pipeline::carry():194}:195}(Object(Illuminate/Http/Request))
#33 C:/Users/Mugahed/Desktop/MyMetier/vendor/laravel/framework/src/Illuminate/Pipeline/Pipeline.php(219): Illuminate/View/Middleware/ShareErrorsFromSession->handle(Object(Illuminate/Http/Request), Object(Closure))
#34 C:/Users/Mugahed/Desktop/MyMetier/vendor/laravel/framework/src/Illuminate/Session/Middleware/StartSession.php(120): Illuminate/Pipeline/Pipeline->{closure:{closure:Illuminate/Pipeline/Pipeline::carry():194}:195}(Object(Illuminate/Http/Request))
#35 C:/Users/Mugahed/Desktop/MyMetier/vendor/laravel/framework/src/Illuminate/Session/Middleware/StartSession.php(63): Illuminate/Session/Middleware/StartSession->handleStatefulRequest(Object(Illuminate/Http/Request), Object(Illuminate/Session/Store), Object(Closure))
#36 C:/Users/Mugahed/Desktop/MyMetier/vendor/laravel/framework/src/Illuminate/Pipeline/Pipeline.php(219): Illuminate/Session/Middleware/StartSession->handle(Object(Illuminate/Http/Request), Object(Closure))
#37 C:/Users/Mugahed/Desktop/MyMetier/vendor/laravel/framework/src/Illuminate/Cookie/Middleware/AddQueuedCookiesToResponse.php(36): Illuminate/Pipeline/Pipeline->{closure:{closure:Illuminate/Pipeline/Pipeline::carry():194}:195}(Object(Illuminate/Http/Request))
#38 C:/Users/Mugahed/Desktop/MyMetier/vendor/laravel/framework/src/Illuminate/Pipeline/Pipeline.php(219): Illuminate/Cookie/Middleware/AddQueuedCookiesToResponse->handle(Object(Illuminate/Http/Request), Object(Closure))
#39 C:/Users/Mugahed/Desktop/MyMetier/vendor/laravel/framework/src/Illuminate/Cookie/Middleware/EncryptCookies.php(74): Illuminate/Pipeline/Pipeline->{closure:{closure:Illuminate/Pipeline/Pipeline::carry():194}:195}(Object(Illuminate/Http/Request))
#40 C:/Users/Mugahed/Desktop/MyMetier/vendor/laravel/framework/src/Illuminate/Pipeline/Pipeline.php(219): Illuminate/Cookie/Middleware/EncryptCookies->handle(Object(Illuminate/Http/Request), Object(Closure))
#41 C:/Users/Mugahed/Desktop/MyMetier/vendor/filament/filament/src/Http/Middleware/SetUpPanel.php(19): Illuminate/Pipeline/Pipeline->{closure:{closure:Illuminate/Pipeline/Pipeline::carry():194}:195}(Object(Illuminate/Http/Request))
#42 C:/Users/Mugahed/Desktop/MyMetier/vendor/laravel/framework/src/Illuminate/Pipeline/Pipeline.php(219): Filament/Http/Middleware/SetUpPanel->handle(Object(Illuminate/Http/Request), Object(Closure), Object(Filament/Panel))
#43 C:/Users/Mugahed/Desktop/MyMetier/vendor/laravel/framework/src/Illuminate/Pipeline/Pipeline.php(137): Illuminate/Pipeline/Pipeline->{closure:{closure:Illuminate/Pipeline/Pipeline::carry():194}:195}(Object(Illuminate/Http/Request))
#44 C:/Users/Mugahed/Desktop/MyMetier/vendor/laravel/framework/src/Illuminate/Routing/Router.php(821): Illuminate/Pipeline/Pipeline->then(Object(Closure))
#45 C:/Users/Mugahed/Desktop/MyMetier/vendor/laravel/framework/src/Illuminate/Routing/Router.php(800): Illuminate/Routing/Router->runRouteWithinStack(Object(Illuminate/Routing/Route), Object(Illuminate/Http/Request))
#46 C:/Users/Mugahed/Desktop/MyMetier/vendor/laravel/framework/src/Illuminate/Routing/Router.php(764): Illuminate/Routing/Router->runRoute(Object(Illuminate/Http/Request), Object(Illuminate/Routing/Route))
#47 C:/Users/Mugahed/Desktop/MyMetier/vendor/laravel/framework/src/Illuminate/Routing/Router.php(753): Illuminate/Routing/Router->dispatchToRoute(Object(Illuminate/Http/Request))
#48 C:/Users/Mugahed/Desktop/MyMetier/vendor/laravel/framework/src/Illuminate/Foundation/Http/Kernel.php(200): Illuminate/Routing/Router->dispatch(Object(Illuminate/Http/Request))
#49 C:/Users/Mugahed/Desktop/MyMetier/vendor/laravel/framework/src/Illuminate/Pipeline/Pipeline.php(180): Illuminate/Foundation/Http/Kernel->{closure:Illuminate/Foundation/Http/Kernel::dispatchToRouter():197}(Object(Illuminate/Http/Request))
#50 C:/Users/Mugahed/Desktop/MyMetier/vendor/livewire/livewire/src/Features/SupportDisablingBackButtonCache/DisableBackButtonCacheMiddleware.php(19): Illuminate/Pipeline/Pipeline->{closure:Illuminate/Pipeline/Pipeline::prepareDestination():178}(Object(Illuminate/Http/Request))
#51 C:/Users/Mugahed/Desktop/MyMetier/vendor/laravel/framework/src/Illuminate/Pipeline/Pipeline.php(219): Livewire/Features/SupportDisablingBackButtonCache/DisableBackButtonCacheMiddleware->handle(Object(Illuminate/Http/Request), Object(Closure))
#52 C:/Users/Mugahed/Desktop/MyMetier/vendor/laravel/framework/src/Illuminate/Foundation/Http/Middleware/TransformsRequest.php(21): Illuminate/Pipeline/Pipeline->{closure:{closure:Illuminate/Pipeline/Pipeline::carry():194}:195}(Object(Illuminate/Http/Request))
#53 C:/Users/Mugahed/Desktop/MyMetier/vendor/laravel/framework/src/Illuminate/Foundation/Http/Middleware/ConvertEmptyStringsToNull.php(31): Illuminate/Foundation/Http/Middleware/TransformsRequest->handle(Object(Illuminate/Http/Request), Object(Closure))
#54 C:/Users/Mugahed/Desktop/MyMetier/vendor/laravel/framework/src/Illuminate/Pipeline/Pipeline.php(219): Illuminate/Foundation/Http/Middleware/ConvertEmptyStringsToNull->handle(Object(Illuminate/Http/Request), Object(Closure))
#55 C:/Users/Mugahed/Desktop/MyMetier/vendor/laravel/framework/src/Illuminate/Foundation/Http/Middleware/TransformsRequest.php(21): Illuminate/Pipeline/Pipeline->{closure:{closure:Illuminate/Pipeline/Pipeline::carry():194}:195}(Object(Illuminate/Http/Request))
#56 C:/Users/Mugahed/Desktop/MyMetier/vendor/laravel/framework/src/Illuminate/Foundation/Http/Middleware/TrimStrings.php(51): Illuminate/Foundation/Http/Middleware/TransformsRequest->handle(Object(Illuminate/Http/Request), Object(Closure))
#57 C:/Users/Mugahed/Desktop/MyMetier/vendor/laravel/framework/src/Illuminate/Pipeline/Pipeline.php(219): Illuminate/Foundation/Http/Middleware/TrimStrings->handle(Object(Illuminate/Http/Request), Object(Closure))
#58 C:/Users/Mugahed/Desktop/MyMetier/vendor/laravel/framework/src/Illuminate/Http/Middleware/ValidatePostSize.php(27): Illuminate/Pipeline/Pipeline->{closure:{closure:Illuminate/Pipeline/Pipeline::carry():194}:195}(Object(Illuminate/Http/Request))
#59 C:/Users/Mugahed/Desktop/MyMetier/vendor/laravel/framework/src/Illuminate/Pipeline/Pipeline.php(219): Illuminate/Http/Middleware/ValidatePostSize->handle(Object(Illuminate/Http/Request), Object(Closure))
#60 C:/Users/Mugahed/Desktop/MyMetier/vendor/laravel/framework/src/Illuminate/Foundation/Http/Middleware/PreventRequestsDuringMaintenance.php(109): Illuminate/Pipeline/Pipeline->{closure:{closure:Illuminate/Pipeline/Pipeline::carry():194}:195}(Object(Illuminate/Http/Request))
#61 C:/Users/Mugahed/Desktop/MyMetier/vendor/laravel/framework/src/Illuminate/Pipeline/Pipeline.php(219): Illuminate/Foundation/Http/Middleware/PreventRequestsDuringMaintenance->handle(Object(Illuminate/Http/Request), Object(Closure))
#62 C:/Users/Mugahed/Desktop/MyMetier/vendor/laravel/framework/src/Illuminate/Http/Middleware/HandleCors.php(61): Illuminate/Pipeline/Pipeline->{closure:{closure:Illuminate/Pipeline/Pipeline::carry():194}:195}(Object(Illuminate/Http/Request))
#63 C:/Users/Mugahed/Desktop/MyMetier/vendor/laravel/framework/src/Illuminate/Pipeline/Pipeline.php(219): Illuminate/Http/Middleware/HandleCors->handle(Object(Illuminate/Http/Request), Object(Closure))
#64 C:/Users/Mugahed/Desktop/MyMetier/vendor/laravel/framework/src/Illuminate/Http/Middleware/TrustProxies.php(58): Illuminate/Pipeline/Pipeline->{closure:{closure:Illuminate/Pipeline/Pipeline::carry():194}:195}(Object(Illuminate/Http/Request))
#65 C:/Users/Mugahed/Desktop/MyMetier/vendor/laravel/framework/src/Illuminate/Pipeline/Pipeline.php(219): Illuminate/Http/Middleware/TrustProxies->handle(Object(Illuminate/Http/Request), Object(Closure))
#66 C:/Users/Mugahed/Desktop/MyMetier/vendor/laravel/framework/src/Illuminate/Foundation/Http/Middleware/InvokeDeferredCallbacks.php(22): Illuminate/Pipeline/Pipeline->{closure:{closure:Illuminate/Pipeline/Pipeline::carry():194}:195}(Object(Illuminate/Http/Request))
#67 C:/Users/Mugahed/Desktop/MyMetier/vendor/laravel/framework/src/Illuminate/Pipeline/Pipeline.php(219): Illuminate/Foundation/Http/Middleware/InvokeDeferredCallbacks->handle(Object(Illuminate/Http/Request), Object(Closure))
#68 C:/Users/Mugahed/Desktop/MyMetier/vendor/laravel/framework/src/Illuminate/Http/Middleware/ValidatePathEncoding.php(28): Illuminate/Pipeline/Pipeline->{closure:{closure:Illuminate/Pipeline/Pipeline::carry():194}:195}(Object(Illuminate/Http/Request))
#69 C:/Users/Mugahed/Desktop/MyMetier/vendor/laravel/framework/src/Illuminate/Pipeline/Pipeline.php(219): Illuminate/Http/Middleware/ValidatePathEncoding->handle(Object(Illuminate/Http/Request), Object(Closure))
#70 C:/Users/Mugahed/Desktop/MyMetier/vendor/laravel/framework/src/Illuminate/Pipeline/Pipeline.php(137): Illuminate/Pipeline/Pipeline->{closure:{closure:Illuminate/Pipeline/Pipeline::carry():194}:195}(Object(Illuminate/Http/Request))
#71 C:/Users/Mugahed/Desktop/MyMetier/vendor/laravel/framework/src/Illuminate/Foundation/Http/Kernel.php(175): Illuminate/Pipeline/Pipeline->then(Object(Closure))
#72 C:/Users/Mugahed/Desktop/MyMetier/vendor/laravel/framework/src/Illuminate/Foundation/Http/Kernel.php(144): Illuminate/Foundation/Http/Kernel->sendRequestThroughRouter(Object(Illuminate/Http/Request))
#73 C:/Users/Mugahed/Desktop/MyMetier/vendor/laravel/framework/src/Illuminate/Foundation/Application.php(1220): Illuminate/Foundation/Http/Kernel->handle(Object(Illuminate/Http/Request))
#74 C:/Users/Mugahed/Desktop/MyMetier/public/index.php(20): Illuminate/Foundation/Application->handleRequest(Object(Illuminate/Http/Request))
#75 C:/Program Files/Herd/resources/app.asar.unpacked/resources/valet/server.php(139): require('C://Users//Mugahe...')
#76 {main}

[previous exception] [object] (Illuminate\\View\\ViewException(code: 0): rename(C:\\Users\\Mugahed\\Desktop\\MyMetier\\storage\\framework\\views\\55bA2D0.tmp,C:\\Users\\Mugahed\\Desktop\\MyMetier\\storage\\framework\\views/55ba71d177f63850ab134ed2167d9e8b.php): Access is denied (code: 5) (View: C:\\Users\\Mugahed\\Desktop\\MyMetier\\vendor\\filament\\widgets\\resources\\views\\components\\widget.blade.php) (View: C:\\Users\\Mugahed\\Desktop\\MyMetier\\vendor\\filament\\widgets\\resources\\views\\components\\widget.blade.php) (View: C:\\Users\\Mugahed\\Desktop\\MyMetier\\vendor\\filament\\widgets\\resources\\views\\components\\widget.blade.php) at C:/Users/Mugahed/Desktop/MyMetier/vendor/laravel/framework/src/Illuminate/Filesystem/Filesystem.php:233)
[stacktrace]
#0 C:/Users/Mugahed/Desktop/MyMetier/vendor/livewire/livewire/src/Mechanisms/ExtendBlade/ExtendedCompilerEngine.php(58): Illuminate/View/Engines/CompilerEngine->handleViewException(Object(Illuminate/View/ViewException), 5)
#1 C:/Users/Mugahed/Desktop/MyMetier/vendor/livewire/livewire/src/Mechanisms/ExtendBlade/ExtendedCompilerEngine.php(40): Livewire/Mechanisms/ExtendBlade/ExtendedCompilerEngine->handleViewException(Object(Illuminate/View/ViewException), 5)
#2 C:/Users/Mugahed/Desktop/MyMetier/vendor/laravel/framework/src/Illuminate/View/Engines/CompilerEngine.php(76): Livewire/Mechanisms/ExtendBlade/ExtendedCompilerEngine->evaluatePath('C://Users//Mugahe...', Array)
#3 C:/Users/Mugahed/Desktop/MyMetier/vendor/livewire/livewire/src/Mechanisms/ExtendBlade/ExtendedCompilerEngine.php(16): Illuminate/View/Engines/CompilerEngine->get('C://Users//Mugahe...', Array)
#4 C:/Users/Mugahed/Desktop/MyMetier/vendor/laravel/framework/src/Illuminate/View/View.php(208): Livewire/Mechanisms/ExtendBlade/ExtendedCompilerEngine->get('C://Users//Mugahe...', Array)
#5 C:/Users/Mugahed/Desktop/MyMetier/vendor/laravel/framework/src/Illuminate/View/View.php(191): Illuminate/View/View->getContents()
#6 C:/Users/Mugahed/Desktop/MyMetier/vendor/laravel/framework/src/Illuminate/View/View.php(160): Illuminate/View/View->renderContents()
#7 C:/Users/Mugahed/Desktop/MyMetier/vendor/filament/support/src/Components/ViewComponent.php(125): Illuminate/View/View->render()
#8 C:/Users/Mugahed/Desktop/MyMetier/vendor/filament/schemas/src/Components/Component.php(219): Filament/Support/Components/ViewComponent->toHtml()
#9 C:/Users/Mugahed/Desktop/MyMetier/vendor/filament/schemas/src/Schema.php(205): Filament/Schemas/Components/Component->toSchemaHtml(true)
#10 C:/Users/Mugahed/Desktop/MyMetier/vendor/filament/support/src/Components/ViewComponent.php(122): Filament/Schemas/Schema->toEmbeddedHtml()
#11 C:/Users/Mugahed/Desktop/MyMetier/vendor/laravel/framework/src/Illuminate/Support/helpers.php(131): Filament/Support/Components/ViewComponent->toHtml()
#12 C:/Users/Mugahed/Desktop/MyMetier/storage/framework/views/b30fc42f55b3966a4634d799d18b4b9a.php(13): e(Object(Filament/Schemas/Schema))
#13 C:/Users/Mugahed/Desktop/MyMetier/vendor/livewire/livewire/src/Mechanisms/ExtendBlade/ExtendedCompilerEngine.php(37): include('C://Users//Mugahe...')
#14 C:/Users/Mugahed/Desktop/MyMetier/vendor/livewire/livewire/src/Mechanisms/ExtendBlade/ExtendedCompilerEngine.php(38): Filament/Pages/Dashboard->{closure:Livewire/Mechanisms/ExtendBlade/ExtendedCompilerEngine::evaluatePath():35}()
#15 C:/Users/Mugahed/Desktop/MyMetier/vendor/laravel/framework/src/Illuminate/View/Engines/CompilerEngine.php(76): Livewire/Mechanisms/ExtendBlade/ExtendedCompilerEngine->evaluatePath('C://Users//Mugahe...', Array)
#16 C:/Users/Mugahed/Desktop/MyMetier/vendor/livewire/livewire/src/Mechanisms/ExtendBlade/ExtendedCompilerEngine.php(16): Illuminate/View/Engines/CompilerEngine->get('C://Users//Mugahe...', Array)
#17 C:/Users/Mugahed/Desktop/MyMetier/vendor/laravel/framework/src/Illuminate/View/View.php(208): Livewire/Mechanisms/ExtendBlade/ExtendedCompilerEngine->get('C://Users//Mugahe...', Array)
#18 C:/Users/Mugahed/Desktop/MyMetier/vendor/laravel/framework/src/Illuminate/View/View.php(191): Illuminate/View/View->getContents()
#19 C:/Users/Mugahed/Desktop/MyMetier/vendor/laravel/framework/src/Illuminate/View/View.php(160): Illuminate/View/View->renderContents()
#20 C:/Users/Mugahed/Desktop/MyMetier/vendor/livewire/livewire/src/Mechanisms/HandleComponents/HandleComponents.php(409): Illuminate/View/View->render(Object(Closure))
#21 C:/Users/Mugahed/Desktop/MyMetier/vendor/livewire/livewire/src/Mechanisms/HandleComponents/HandleComponents.php(460): Livewire/Mechanisms/HandleComponents/HandleComponents->{closure:Livewire/Mechanisms/HandleComponents/HandleComponents::render():401}()
#22 C:/Users/Mugahed/Desktop/MyMetier/vendor/livewire/livewire/src/Mechanisms/HandleComponents/HandleComponents.php(401): Livewire/Mechanisms/HandleComponents/HandleComponents->trackInRenderStack(Object(Filament/Pages/Dashboard), Object(Closure))
#23 C:/Users/Mugahed/Desktop/MyMetier/vendor/livewire/livewire/src/Mechanisms/HandleComponents/HandleComponents.php(80): Livewire/Mechanisms/HandleComponents/HandleComponents->render(Object(Filament/Pages/Dashboard), '<div></div>')
#24 C:/Users/Mugahed/Desktop/MyMetier/vendor/livewire/livewire/src/LivewireManager.php(102): Livewire/Mechanisms/HandleComponents/HandleComponents->mount('Filament//Pages//...', Array, NULL, Array)
#25 C:/Users/Mugahed/Desktop/MyMetier/vendor/livewire/livewire/src/Features/SupportPageComponents/HandlesPageComponents.php(19): Livewire/LivewireManager->mount('Filament//Pages//...', Array)
#26 C:/Users/Mugahed/Desktop/MyMetier/vendor/livewire/livewire/src/Features/SupportPageComponents/SupportPageComponents.php(118): Livewire/Component->{closure:Livewire/Features/SupportPageComponents/HandlesPageComponents::__invoke():14}()
#27 C:/Users/Mugahed/Desktop/MyMetier/vendor/livewire/livewire/src/Features/SupportPageComponents/HandlesPageComponents.php(14): Livewire/Features/SupportPageComponents/SupportPageComponents::interceptTheRenderOfTheComponentAndRetreiveTheLayoutConfiguration(Object(Closure))
#28 C:/Users/Mugahed/Desktop/MyMetier/vendor/laravel/framework/src/Illuminate/Routing/ControllerDispatcher.php(46): Livewire/Component->__invoke()
#29 C:/Users/Mugahed/Desktop/MyMetier/vendor/laravel/framework/src/Illuminate/Routing/Route.php(269): Illuminate/Routing/ControllerDispatcher->dispatch(Object(Illuminate/Routing/Route), Object(Filament/Pages/Dashboard), '__invoke')
#30 C:/Users/Mugahed/Desktop/MyMetier/vendor/laravel/framework/src/Illuminate/Routing/Route.php(215): Illuminate/Routing/Route->runController()
#31 C:/Users/Mugahed/Desktop/MyMetier/vendor/laravel/framework/src/Illuminate/Routing/Router.php(822): Illuminate/Routing/Route->run()
#32 C:/Users/Mugahed/Desktop/MyMetier/vendor/laravel/framework/src/Illuminate/Pipeline/Pipeline.php(180): Illuminate/Routing/Router->{closure:Illuminate/Routing/Router::runRouteWithinStack():821}(Object(Illuminate/Http/Request))
#33 C:/Users/Mugahed/Desktop/MyMetier/vendor/filament/filament/src/Http/Middleware/DispatchServingFilamentEvent.php(15): Illuminate/Pipeline/Pipeline->{closure:Illuminate/Pipeline/Pipeline::prepareDestination():178}(Object(Illuminate/Http/Request))
#34 C:/Users/Mugahed/Desktop/MyMetier/vendor/laravel/framework/src/Illuminate/Pipeline/Pipeline.php(219): Filament/Http/Middleware/DispatchServingFilamentEvent->handle(Object(Illuminate/Http/Request), Object(Closure))
#35 C:/Users/Mugahed/Desktop/MyMetier/vendor/filament/filament/src/Http/Middleware/DisableBladeIconComponents.php(14): Illuminate/Pipeline/Pipeline->{closure:{closure:Illuminate/Pipeline/Pipeline::carry():194}:195}(Object(Illuminate/Http/Request))
#36 C:/Users/Mugahed/Desktop/MyMetier/vendor/laravel/framework/src/Illuminate/Pipeline/Pipeline.php(219): Filament/Http/Middleware/DisableBladeIconComponents->handle(Object(Illuminate/Http/Request), Object(Closure))
#37 C:/Users/Mugahed/Desktop/MyMetier/vendor/laravel/framework/src/Illuminate/Routing/Middleware/SubstituteBindings.php(52): Illuminate/Pipeline/Pipeline->{closure:{closure:Illuminate/Pipeline/Pipeline::carry():194}:195}(Object(Illuminate/Http/Request))
#38 C:/Users/Mugahed/Desktop/MyMetier/vendor/laravel/framework/src/Illuminate/Pipeline/Pipeline.php(219): Illuminate/Routing/Middleware/SubstituteBindings->handle(Object(Illuminate/Http/Request), Object(Closure))
#39 C:/Users/Mugahed/Desktop/MyMetier/vendor/laravel/framework/src/Illuminate/Foundation/Http/Middleware/PreventRequestForgery.php(104): Illuminate/Pipeline/Pipeline->{closure:{closure:Illuminate/Pipeline/Pipeline::carry():194}:195}(Object(Illuminate/Http/Request))
#40 C:/Users/Mugahed/Desktop/MyMetier/vendor/laravel/framework/src/Illuminate/Pipeline/Pipeline.php(219): Illuminate/Foundation/Http/Middleware/PreventRequestForgery->handle(Object(Illuminate/Http/Request), Object(Closure))
#41 C:/Users/Mugahed/Desktop/MyMetier/vendor/laravel/framework/src/Illuminate/Session/Middleware/AuthenticateSession.php(70): Illuminate/Pipeline/Pipeline->{closure:{closure:Illuminate/Pipeline/Pipeline::carry():194}:195}(Object(Illuminate/Http/Request))
#42 C:/Users/Mugahed/Desktop/MyMetier/vendor/laravel/framework/src/Illuminate/Pipeline/Pipeline.php(219): Illuminate/Session/Middleware/AuthenticateSession->handle(Object(Illuminate/Http/Request), Object(Closure))
#43 C:/Users/Mugahed/Desktop/MyMetier/vendor/laravel/framework/src/Illuminate/Auth/Middleware/Authenticate.php(63): Illuminate/Pipeline/Pipeline->{closure:{closure:Illuminate/Pipeline/Pipeline::carry():194}:195}(Object(Illuminate/Http/Request))
#44 C:/Users/Mugahed/Desktop/MyMetier/vendor/laravel/framework/src/Illuminate/Pipeline/Pipeline.php(219): Illuminate/Auth/Middleware/Authenticate->handle(Object(Illuminate/Http/Request), Object(Closure))
#45 C:/Users/Mugahed/Desktop/MyMetier/vendor/laravel/framework/src/Illuminate/View/Middleware/ShareErrorsFromSession.php(48): Illuminate/Pipeline/Pipeline->{closure:{closure:Illuminate/Pipeline/Pipeline::carry():194}:195}(Object(Illuminate/Http/Request))
#46 C:/Users/Mugahed/Desktop/MyMetier/vendor/laravel/framework/src/Illuminate/Pipeline/Pipeline.php(219): Illuminate/View/Middleware/ShareErrorsFromSession->handle(Object(Illuminate/Http/Request), Object(Closure))
#47 C:/Users/Mugahed/Desktop/MyMetier/vendor/laravel/framework/src/Illuminate/Session/Middleware/StartSession.php(120): Illuminate/Pipeline/Pipeline->{closure:{closure:Illuminate/Pipeline/Pipeline::carry():194}:195}(Object(Illuminate/Http/Request))
#48 C:/Users/Mugahed/Desktop/MyMetier/vendor/laravel/framework/src/Illuminate/Session/Middleware/StartSession.php(63): Illuminate/Session/Middleware/StartSession->handleStatefulRequest(Object(Illuminate/Http/Request), Object(Illuminate/Session/Store), Object(Closure))
#49 C:/Users/Mugahed/Desktop/MyMetier/vendor/laravel/framework/src/Illuminate/Pipeline/Pipeline.php(219): Illuminate/Session/Middleware/StartSession->handle(Object(Illuminate/Http/Request), Object(Closure))
#50 C:/Users/Mugahed/Desktop/MyMetier/vendor/laravel/framework/src/Illuminate/Cookie/Middleware/AddQueuedCookiesToResponse.php(36): Illuminate/Pipeline/Pipeline->{closure:{closure:Illuminate/Pipeline/Pipeline::carry():194}:195}(Object(Illuminate/Http/Request))
#51 C:/Users/Mugahed/Desktop/MyMetier/vendor/laravel/framework/src/Illuminate/Pipeline/Pipeline.php(219): Illuminate/Cookie/Middleware/AddQueuedCookiesToResponse->handle(Object(Illuminate/Http/Request), Object(Closure))
#52 C:/Users/Mugahed/Desktop/MyMetier/vendor/laravel/framework/src/Illuminate/Cookie/Middleware/EncryptCookies.php(74): Illuminate/Pipeline/Pipeline->{closure:{closure:Illuminate/Pipeline/Pipeline::carry():194}:195}(Object(Illuminate/Http/Request))
#53 C:/Users/Mugahed/Desktop/MyMetier/vendor/laravel/framework/src/Illuminate/Pipeline/Pipeline.php(219): Illuminate/Cookie/Middleware/EncryptCookies->handle(Object(Illuminate/Http/Request), Object(Closure))
#54 C:/Users/Mugahed/Desktop/MyMetier/vendor/filament/filament/src/Http/Middleware/SetUpPanel.php(19): Illuminate/Pipeline/Pipeline->{closure:{closure:Illuminate/Pipeline/Pipeline::carry():194}:195}(Object(Illuminate/Http/Request))
#55 C:/Users/Mugahed/Desktop/MyMetier/vendor/laravel/framework/src/Illuminate/Pipeline/Pipeline.php(219): Filament/Http/Middleware/SetUpPanel->handle(Object(Illuminate/Http/Request), Object(Closure), Object(Filament/Panel))
#56 C:/Users/Mugahed/Desktop/MyMetier/vendor/laravel/framework/src/Illuminate/Pipeline/Pipeline.php(137): Illuminate/Pipeline/Pipeline->{closure:{closure:Illuminate/Pipeline/Pipeline::carry():194}:195}(Object(Illuminate/Http/Request))
#57 C:/Users/Mugahed/Desktop/MyMetier/vendor/laravel/framework/src/Illuminate/Routing/Router.php(821): Illuminate/Pipeline/Pipeline->then(Object(Closure))
#58 C:/Users/Mugahed/Desktop/MyMetier/vendor/laravel/framework/src/Illuminate/Routing/Router.php(800): Illuminate/Routing/Router->runRouteWithinStack(Object(Illuminate/Routing/Route), Object(Illuminate/Http/Request))
#59 C:/Users/Mugahed/Desktop/MyMetier/vendor/laravel/framework/src/Illuminate/Routing/Router.php(764): Illuminate/Routing/Router->runRoute(Object(Illuminate/Http/Request), Object(Illuminate/Routing/Route))
#60 C:/Users/Mugahed/Desktop/MyMetier/vendor/laravel/framework/src/Illuminate/Routing/Router.php(753): Illuminate/Routing/Router->dispatchToRoute(Object(Illuminate/Http/Request))
#61 C:/Users/Mugahed/Desktop/MyMetier/vendor/laravel/framework/src/Illuminate/Foundation/Http/Kernel.php(200): Illuminate/Routing/Router->dispatch(Object(Illuminate/Http/Request))
#62 C:/Users/Mugahed/Desktop/MyMetier/vendor/laravel/framework/src/Illuminate/Pipeline/Pipeline.php(180): Illuminate/Foundation/Http/Kernel->{closure:Illuminate/Foundation/Http/Kernel::dispatchToRouter():197}(Object(Illuminate/Http/Request))
#63 C:/Users/Mugahed/Desktop/MyMetier/vendor/livewire/livewire/src/Features/SupportDisablingBackButtonCache/DisableBackButtonCacheMiddleware.php(19): Illuminate/Pipeline/Pipeline->{closure:Illuminate/Pipeline/Pipeline::prepareDestination():178}(Object(Illuminate/Http/Request))
#64 C:/Users/Mugahed/Desktop/MyMetier/vendor/laravel/framework/src/Illuminate/Pipeline/Pipeline.php(219): Livewire/Features/SupportDisablingBackButtonCache/DisableBackButtonCacheMiddleware->handle(Object(Illuminate/Http/Request), Object(Closure))
#65 C:/Users/Mugahed/Desktop/MyMetier/vendor/laravel/framework/src/Illuminate/Foundation/Http/Middleware/TransformsRequest.php(21): Illuminate/Pipeline/Pipeline->{closure:{closure:Illuminate/Pipeline/Pipeline::carry():194}:195}(Object(Illuminate/Http/Request))
#66 C:/Users/Mugahed/Desktop/MyMetier/vendor/laravel/framework/src/Illuminate/Foundation/Http/Middleware/ConvertEmptyStringsToNull.php(31): Illuminate/Foundation/Http/Middleware/TransformsRequest->handle(Object(Illuminate/Http/Request), Object(Closure))
#67 C:/Users/Mugahed/Desktop/MyMetier/vendor/laravel/framework/src/Illuminate/Pipeline/Pipeline.php(219): Illuminate/Foundation/Http/Middleware/ConvertEmptyStringsToNull->handle(Object(Illuminate/Http/Request), Object(Closure))
#68 C:/Users/Mugahed/Desktop/MyMetier/vendor/laravel/framework/src/Illuminate/Foundation/Http/Middleware/TransformsRequest.php(21): Illuminate/Pipeline/Pipeline->{closure:{closure:Illuminate/Pipeline/Pipeline::carry():194}:195}(Object(Illuminate/Http/Request))
#69 C:/Users/Mugahed/Desktop/MyMetier/vendor/laravel/framework/src/Illuminate/Foundation/Http/Middleware/TrimStrings.php(51): Illuminate/Foundation/Http/Middleware/TransformsRequest->handle(Object(Illuminate/Http/Request), Object(Closure))
#70 C:/Users/Mugahed/Desktop/MyMetier/vendor/laravel/framework/src/Illuminate/Pipeline/Pipeline.php(219): Illuminate/Foundation/Http/Middleware/TrimStrings->handle(Object(Illuminate/Http/Request), Object(Closure))
#71 C:/Users/Mugahed/Desktop/MyMetier/vendor/laravel/framework/src/Illuminate/Http/Middleware/ValidatePostSize.php(27): Illuminate/Pipeline/Pipeline->{closure:{closure:Illuminate/Pipeline/Pipeline::carry():194}:195}(Object(Illuminate/Http/Request))
#72 C:/Users/Mugahed/Desktop/MyMetier/vendor/laravel/framework/src/Illuminate/Pipeline/Pipeline.php(219): Illuminate/Http/Middleware/ValidatePostSize->handle(Object(Illuminate/Http/Request), Object(Closure))
#73 C:/Users/Mugahed/Desktop/MyMetier/vendor/laravel/framework/src/Illuminate/Foundation/Http/Middleware/PreventRequestsDuringMaintenance.php(109): Illuminate/Pipeline/Pipeline->{closure:{closure:Illuminate/Pipeline/Pipeline::carry():194}:195}(Object(Illuminate/Http/Request))
#74 C:/Users/Mugahed/Desktop/MyMetier/vendor/laravel/framework/src/Illuminate/Pipeline/Pipeline.php(219): Illuminate/Foundation/Http/Middleware/PreventRequestsDuringMaintenance->handle(Object(Illuminate/Http/Request), Object(Closure))
#75 C:/Users/Mugahed/Desktop/MyMetier/vendor/laravel/framework/src/Illuminate/Http/Middleware/HandleCors.php(61): Illuminate/Pipeline/Pipeline->{closure:{closure:Illuminate/Pipeline/Pipeline::carry():194}:195}(Object(Illuminate/Http/Request))
#76 C:/Users/Mugahed/Desktop/MyMetier/vendor/laravel/framework/src/Illuminate/Pipeline/Pipeline.php(219): Illuminate/Http/Middleware/HandleCors->handle(Object(Illuminate/Http/Request), Object(Closure))
#77 C:/Users/Mugahed/Desktop/MyMetier/vendor/laravel/framework/src/Illuminate/Http/Middleware/TrustProxies.php(58): Illuminate/Pipeline/Pipeline->{closure:{closure:Illuminate/Pipeline/Pipeline::carry():194}:195}(Object(Illuminate/Http/Request))
#78 C:/Users/Mugahed/Desktop/MyMetier/vendor/laravel/framework/src/Illuminate/Pipeline/Pipeline.php(219): Illuminate/Http/Middleware/TrustProxies->handle(Object(Illuminate/Http/Request), Object(Closure))
#79 C:/Users/Mugahed/Desktop/MyMetier/vendor/laravel/framework/src/Illuminate/Foundation/Http/Middleware/InvokeDeferredCallbacks.php(22): Illuminate/Pipeline/Pipeline->{closure:{closure:Illuminate/Pipeline/Pipeline::carry():194}:195}(Object(Illuminate/Http/Request))
#80 C:/Users/Mugahed/Desktop/MyMetier/vendor/laravel/framework/src/Illuminate/Pipeline/Pipeline.php(219): Illuminate/Foundation/Http/Middleware/InvokeDeferredCallbacks->handle(Object(Illuminate/Http/Request), Object(Closure))
#81 C:/Users/Mugahed/Desktop/MyMetier/vendor/laravel/framework/src/Illuminate/Http/Middleware/ValidatePathEncoding.php(28): Illuminate/Pipeline/Pipeline->{closure:{closure:Illuminate/Pipeline/Pipeline::carry():194}:195}(Object(Illuminate/Http/Request))
#82 C:/Users/Mugahed/Desktop/MyMetier/vendor/laravel/framework/src/Illuminate/Pipeline/Pipeline.php(219): Illuminate/Http/Middleware/ValidatePathEncoding->handle(Object(Illuminate/Http/Request), Object(Closure))
#83 C:/Users/Mugahed/Desktop/MyMetier/vendor/laravel/framework/src/Illuminate/Pipeline/Pipeline.php(137): Illuminate/Pipeline/Pipeline->{closure:{closure:Illuminate/Pipeline/Pipeline::carry():194}:195}(Object(Illuminate/Http/Request))
#84 C:/Users/Mugahed/Desktop/MyMetier/vendor/laravel/framework/src/Illuminate/Foundation/Http/Kernel.php(175): Illuminate/Pipeline/Pipeline->then(Object(Closure))
#85 C:/Users/Mugahed/Desktop/MyMetier/vendor/laravel/framework/src/Illuminate/Foundation/Http/Kernel.php(144): Illuminate/Foundation/Http/Kernel->sendRequestThroughRouter(Object(Illuminate/Http/Request))
#86 C:/Users/Mugahed/Desktop/MyMetier/vendor/laravel/framework/src/Illuminate/Foundation/Application.php(1220): Illuminate/Foundation/Http/Kernel->handle(Object(Illuminate/Http/Request))
#87 C:/Users/Mugahed/Desktop/MyMetier/public/index.php(20): Illuminate/Foundation/Application->handleRequest(Object(Illuminate/Http/Request))
#88 C:/Program Files/Herd/resources/app.asar.unpacked/resources/valet/server.php(139): require('C://Users//Mugahe...')
#89 {main}

[previous exception] [object] (Illuminate\\View\\ViewException(code: 0): rename(C:\\Users\\Mugahed\\Desktop\\MyMetier\\storage\\framework\\views\\55bA2D0.tmp,C:\\Users\\Mugahed\\Desktop\\MyMetier\\storage\\framework\\views/55ba71d177f63850ab134ed2167d9e8b.php): Access is denied (code: 5) (View: C:\\Users\\Mugahed\\Desktop\\MyMetier\\vendor\\filament\\widgets\\resources\\views\\components\\widget.blade.php) (View: C:\\Users\\Mugahed\\Desktop\\MyMetier\\vendor\\filament\\widgets\\resources\\views\\components\\widget.blade.php) at C:/Users/Mugahed/Desktop/MyMetier/vendor/laravel/framework/src/Illuminate/Filesystem/Filesystem.php:233)
[stacktrace]
#0 C:/Users/Mugahed/Desktop/MyMetier/vendor/livewire/livewire/src/Mechanisms/ExtendBlade/ExtendedCompilerEngine.php(58): Illuminate/View/Engines/CompilerEngine->handleViewException(Object(Illuminate/View/ViewException), 7)
#1 C:/Users/Mugahed/Desktop/MyMetier/vendor/livewire/livewire/src/Mechanisms/ExtendBlade/ExtendedCompilerEngine.php(40): Livewire/Mechanisms/ExtendBlade/ExtendedCompilerEngine->handleViewException(Object(Illuminate/View/ViewException), 7)
#2 C:/Users/Mugahed/Desktop/MyMetier/vendor/laravel/framework/src/Illuminate/View/Engines/CompilerEngine.php(76): Livewire/Mechanisms/ExtendBlade/ExtendedCompilerEngine->evaluatePath('C://Users//Mugahe...', Array)
#3 C:/Users/Mugahed/Desktop/MyMetier/vendor/livewire/livewire/src/Mechanisms/ExtendBlade/ExtendedCompilerEngine.php(16): Illuminate/View/Engines/CompilerEngine->get('C://Users//Mugahe...', Array)
#4 C:/Users/Mugahed/Desktop/MyMetier/vendor/laravel/framework/src/Illuminate/View/View.php(208): Livewire/Mechanisms/ExtendBlade/ExtendedCompilerEngine->get('C://Users//Mugahe...', Array)
#5 C:/Users/Mugahed/Desktop/MyMetier/vendor/laravel/framework/src/Illuminate/View/View.php(191): Illuminate/View/View->getContents()
#6 C:/Users/Mugahed/Desktop/MyMetier/vendor/laravel/framework/src/Illuminate/View/View.php(160): Illuminate/View/View->renderContents()
#7 C:/Users/Mugahed/Desktop/MyMetier/vendor/filament/support/src/Components/ViewComponent.php(125): Illuminate/View/View->render()
#8 C:/Users/Mugahed/Desktop/MyMetier/vendor/filament/schemas/src/Schema.php(207): Filament/Support/Components/ViewComponent->toHtml()
#9 C:/Users/Mugahed/Desktop/MyMetier/vendor/filament/support/src/Components/ViewComponent.php(122): Filament/Schemas/Schema->toEmbeddedHtml()
#10 C:/Users/Mugahed/Desktop/MyMetier/vendor/laravel/framework/src/Illuminate/Support/helpers.php(131): Filament/Support/Components/ViewComponent->toHtml()
#11 C:/Users/Mugahed/Desktop/MyMetier/storage/framework/views/6b5e2d19e6f144cfae5d99018f85fd66.php(9): e(Object(Filament/Schemas/Schema))
#12 C:/Users/Mugahed/Desktop/MyMetier/vendor/livewire/livewire/src/Mechanisms/ExtendBlade/ExtendedCompilerEngine.php(37): include('C://Users//Mugahe...')
#13 C:/Users/Mugahed/Desktop/MyMetier/vendor/livewire/livewire/src/Mechanisms/ExtendBlade/ExtendedCompilerEngine.php(38): Filament/Pages/Dashboard->{closure:Livewire/Mechanisms/ExtendBlade/ExtendedCompilerEngine::evaluatePath():35}()
#14 C:/Users/Mugahed/Desktop/MyMetier/vendor/laravel/framework/src/Illuminate/View/Engines/CompilerEngine.php(76): Livewire/Mechanisms/ExtendBlade/ExtendedCompilerEngine->evaluatePath('C://Users//Mugahe...', Array)
#15 C:/Users/Mugahed/Desktop/MyMetier/vendor/livewire/livewire/src/Mechanisms/ExtendBlade/ExtendedCompilerEngine.php(16): Illuminate/View/Engines/CompilerEngine->get('C://Users//Mugahe...', Array)
#16 C:/Users/Mugahed/Desktop/MyMetier/vendor/laravel/framework/src/Illuminate/View/View.php(208): Livewire/Mechanisms/ExtendBlade/ExtendedCompilerEngine->get('C://Users//Mugahe...', Array)
#17 C:/Users/Mugahed/Desktop/MyMetier/vendor/laravel/framework/src/Illuminate/View/View.php(191): Illuminate/View/View->getContents()
#18 C:/Users/Mugahed/Desktop/MyMetier/vendor/laravel/framework/src/Illuminate/View/View.php(160): Illuminate/View/View->renderContents()
#19 C:/Users/Mugahed/Desktop/MyMetier/vendor/filament/support/src/Components/ViewComponent.php(125): Illuminate/View/View->render()
#20 C:/Users/Mugahed/Desktop/MyMetier/vendor/filament/schemas/src/Components/Component.php(219): Filament/Support/Components/ViewComponent->toHtml()
#21 C:/Users/Mugahed/Desktop/MyMetier/vendor/filament/schemas/src/Schema.php(205): Filament/Schemas/Components/Component->toSchemaHtml(true)
#22 C:/Users/Mugahed/Desktop/MyMetier/vendor/filament/support/src/Components/ViewComponent.php(122): Filament/Schemas/Schema->toEmbeddedHtml()
#23 C:/Users/Mugahed/Desktop/MyMetier/vendor/laravel/framework/src/Illuminate/Support/helpers.php(131): Filament/Support/Components/ViewComponent->toHtml()
#24 C:/Users/Mugahed/Desktop/MyMetier/storage/framework/views/b30fc42f55b3966a4634d799d18b4b9a.php(13): e(Object(Filament/Schemas/Schema))
#25 C:/Users/Mugahed/Desktop/MyMetier/vendor/livewire/livewire/src/Mechanisms/ExtendBlade/ExtendedCompilerEngine.php(37): include('C://Users//Mugahe...')
#26 C:/Users/Mugahed/Desktop/MyMetier/vendor/livewire/livewire/src/Mechanisms/ExtendBlade/ExtendedCompilerEngine.php(38): Filament/Pages/Dashboard->{closure:Livewire/Mechanisms/ExtendBlade/ExtendedCompilerEngine::evaluatePath():35}()
#27 C:/Users/Mugahed/Desktop/MyMetier/vendor/laravel/framework/src/Illuminate/View/Engines/CompilerEngine.php(76): Livewire/Mechanisms/ExtendBlade/ExtendedCompilerEngine->evaluatePath('C://Users//Mugahe...', Array)
#28 C:/Users/Mugahed/Desktop/MyMetier/vendor/livewire/livewire/src/Mechanisms/ExtendBlade/ExtendedCompilerEngine.php(16): Illuminate/View/Engines/CompilerEngine->get('C://Users//Mugahe...', Array)
#29 C:/Users/Mugahed/Desktop/MyMetier/vendor/laravel/framework/src/Illuminate/View/View.php(208): Livewire/Mechanisms/ExtendBlade/ExtendedCompilerEngine->get('C://Users//Mugahe...', Array)
#30 C:/Users/Mugahed/Desktop/MyMetier/vendor/laravel/framework/src/Illuminate/View/View.php(191): Illuminate/View/View->getContents()
#31 C:/Users/Mugahed/Desktop/MyMetier/vendor/laravel/framework/src/Illuminate/View/View.php(160): Illuminate/View/View->renderContents()
#32 C:/Users/Mugahed/Desktop/MyMetier/vendor/livewire/livewire/src/Mechanisms/HandleComponents/HandleComponents.php(409): Illuminate/View/View->render(Object(Closure))
#33 C:/Users/Mugahed/Desktop/MyMetier/vendor/livewire/livewire/src/Mechanisms/HandleComponents/HandleComponents.php(460): Livewire/Mechanisms/HandleComponents/HandleComponents->{closure:Livewire/Mechanisms/HandleComponents/HandleComponents::render():401}()
#34 C:/Users/Mugahed/Desktop/MyMetier/vendor/livewire/livewire/src/Mechanisms/HandleComponents/HandleComponents.php(401): Livewire/Mechanisms/HandleComponents/HandleComponents->trackInRenderStack(Object(Filament/Pages/Dashboard), Object(Closure))
#35 C:/Users/Mugahed/Desktop/MyMetier/vendor/livewire/livewire/src/Mechanisms/HandleComponents/HandleComponents.php(80): Livewire/Mechanisms/HandleComponents/HandleComponents->render(Object(Filament/Pages/Dashboard), '<div></div>')
#36 C:/Users/Mugahed/Desktop/MyMetier/vendor/livewire/livewire/src/LivewireManager.php(102): Livewire/Mechanisms/HandleComponents/HandleComponents->mount('Filament//Pages//...', Array, NULL, Array)
#37 C:/Users/Mugahed/Desktop/MyMetier/vendor/livewire/livewire/src/Features/SupportPageComponents/HandlesPageComponents.php(19): Livewire/LivewireManager->mount('Filament//Pages//...', Array)
#38 C:/Users/Mugahed/Desktop/MyMetier/vendor/livewire/livewire/src/Features/SupportPageComponents/SupportPageComponents.php(118): Livewire/Component->{closure:Livewire/Features/SupportPageComponents/HandlesPageComponents::__invoke():14}()
#39 C:/Users/Mugahed/Desktop/MyMetier/vendor/livewire/livewire/src/Features/SupportPageComponents/HandlesPageComponents.php(14): Livewire/Features/SupportPageComponents/SupportPageComponents::interceptTheRenderOfTheComponentAndRetreiveTheLayoutConfiguration(Object(Closure))
#40 C:/Users/Mugahed/Desktop/MyMetier/vendor/laravel/framework/src/Illuminate/Routing/ControllerDispatcher.php(46): Livewire/Component->__invoke()
#41 C:/Users/Mugahed/Desktop/MyMetier/vendor/laravel/framework/src/Illuminate/Routing/Route.php(269): Illuminate/Routing/ControllerDispatcher->dispatch(Object(Illuminate/Routing/Route), Object(Filament/Pages/Dashboard), '__invoke')
#42 C:/Users/Mugahed/Desktop/MyMetier/vendor/laravel/framework/src/Illuminate/Routing/Route.php(215): Illuminate/Routing/Route->runController()
#43 C:/Users/Mugahed/Desktop/MyMetier/vendor/laravel/framework/src/Illuminate/Routing/Router.php(822): Illuminate/Routing/Route->run()
#44 C:/Users/Mugahed/Desktop/MyMetier/vendor/laravel/framework/src/Illuminate/Pipeline/Pipeline.php(180): Illuminate/Routing/Router->{closure:Illuminate/Routing/Router::runRouteWithinStack():821}(Object(Illuminate/Http/Request))
#45 C:/Users/Mugahed/Desktop/MyMetier/vendor/filament/filament/src/Http/Middleware/DispatchServingFilamentEvent.php(15): Illuminate/Pipeline/Pipeline->{closure:Illuminate/Pipeline/Pipeline::prepareDestination():178}(Object(Illuminate/Http/Request))
#46 C:/Users/Mugahed/Desktop/MyMetier/vendor/laravel/framework/src/Illuminate/Pipeline/Pipeline.php(219): Filament/Http/Middleware/DispatchServingFilamentEvent->handle(Object(Illuminate/Http/Request), Object(Closure))
#47 C:/Users/Mugahed/Desktop/MyMetier/vendor/filament/filament/src/Http/Middleware/DisableBladeIconComponents.php(14): Illuminate/Pipeline/Pipeline->{closure:{closure:Illuminate/Pipeline/Pipeline::carry():194}:195}(Object(Illuminate/Http/Request))
#48 C:/Users/Mugahed/Desktop/MyMetier/vendor/laravel/framework/src/Illuminate/Pipeline/Pipeline.php(219): Filament/Http/Middleware/DisableBladeIconComponents->handle(Object(Illuminate/Http/Request), Object(Closure))
#49 C:/Users/Mugahed/Desktop/MyMetier/vendor/laravel/framework/src/Illuminate/Routing/Middleware/SubstituteBindings.php(52): Illuminate/Pipeline/Pipeline->{closure:{closure:Illuminate/Pipeline/Pipeline::carry():194}:195}(Object(Illuminate/Http/Request))
#50 C:/Users/Mugahed/Desktop/MyMetier/vendor/laravel/framework/src/Illuminate/Pipeline/Pipeline.php(219): Illuminate/Routing/Middleware/SubstituteBindings->handle(Object(Illuminate/Http/Request), Object(Closure))
#51 C:/Users/Mugahed/Desktop/MyMetier/vendor/laravel/framework/src/Illuminate/Foundation/Http/Middleware/PreventRequestForgery.php(104): Illuminate/Pipeline/Pipeline->{closure:{closure:Illuminate/Pipeline/Pipeline::carry():194}:195}(Object(Illuminate/Http/Request))
#52 C:/Users/Mugahed/Desktop/MyMetier/vendor/laravel/framework/src/Illuminate/Pipeline/Pipeline.php(219): Illuminate/Foundation/Http/Middleware/PreventRequestForgery->handle(Object(Illuminate/Http/Request), Object(Closure))
#53 C:/Users/Mugahed/Desktop/MyMetier/vendor/laravel/framework/src/Illuminate/Session/Middleware/AuthenticateSession.php(70): Illuminate/Pipeline/Pipeline->{closure:{closure:Illuminate/Pipeline/Pipeline::carry():194}:195}(Object(Illuminate/Http/Request))
#54 C:/Users/Mugahed/Desktop/MyMetier/vendor/laravel/framework/src/Illuminate/Pipeline/Pipeline.php(219): Illuminate/Session/Middleware/AuthenticateSession->handle(Object(Illuminate/Http/Request), Object(Closure))
#55 C:/Users/Mugahed/Desktop/MyMetier/vendor/laravel/framework/src/Illuminate/Auth/Middleware/Authenticate.php(63): Illuminate/Pipeline/Pipeline->{closure:{closure:Illuminate/Pipeline/Pipeline::carry():194}:195}(Object(Illuminate/Http/Request))
#56 C:/Users/Mugahed/Desktop/MyMetier/vendor/laravel/framework/src/Illuminate/Pipeline/Pipeline.php(219): Illuminate/Auth/Middleware/Authenticate->handle(Object(Illuminate/Http/Request), Object(Closure))
#57 C:/Users/Mugahed/Desktop/MyMetier/vendor/laravel/framework/src/Illuminate/View/Middleware/ShareErrorsFromSession.php(48): Illuminate/Pipeline/Pipeline->{closure:{closure:Illuminate/Pipeline/Pipeline::carry():194}:195}(Object(Illuminate/Http/Request))
#58 C:/Users/Mugahed/Desktop/MyMetier/vendor/laravel/framework/src/Illuminate/Pipeline/Pipeline.php(219): Illuminate/View/Middleware/ShareErrorsFromSession->handle(Object(Illuminate/Http/Request), Object(Closure))
#59 C:/Users/Mugahed/Desktop/MyMetier/vendor/laravel/framework/src/Illuminate/Session/Middleware/StartSession.php(120): Illuminate/Pipeline/Pipeline->{closure:{closure:Illuminate/Pipeline/Pipeline::carry():194}:195}(Object(Illuminate/Http/Request))
#60 C:/Users/Mugahed/Desktop/MyMetier/vendor/laravel/framework/src/Illuminate/Session/Middleware/StartSession.php(63): Illuminate/Session/Middleware/StartSession->handleStatefulRequest(Object(Illuminate/Http/Request), Object(Illuminate/Session/Store), Object(Closure))
#61 C:/Users/Mugahed/Desktop/MyMetier/vendor/laravel/framework/src/Illuminate/Pipeline/Pipeline.php(219): Illuminate/Session/Middleware/StartSession->handle(Object(Illuminate/Http/Request), Object(Closure))
#62 C:/Users/Mugahed/Desktop/MyMetier/vendor/laravel/framework/src/Illuminate/Cookie/Middleware/AddQueuedCookiesToResponse.php(36): Illuminate/Pipeline/Pipeline->{closure:{closure:Illuminate/Pipeline/Pipeline::carry():194}:195}(Object(Illuminate/Http/Request))
#63 C:/Users/Mugahed/Desktop/MyMetier/vendor/laravel/framework/src/Illuminate/Pipeline/Pipeline.php(219): Illuminate/Cookie/Middleware/AddQueuedCookiesToResponse->handle(Object(Illuminate/Http/Request), Object(Closure))
#64 C:/Users/Mugahed/Desktop/MyMetier/vendor/laravel/framework/src/Illuminate/Cookie/Middleware/EncryptCookies.php(74): Illuminate/Pipeline/Pipeline->{closure:{closure:Illuminate/Pipeline/Pipeline::carry():194}:195}(Object(Illuminate/Http/Request))
#65 C:/Users/Mugahed/Desktop/MyMetier/vendor/laravel/framework/src/Illuminate/Pipeline/Pipeline.php(219): Illuminate/Cookie/Middleware/EncryptCookies->handle(Object(Illuminate/Http/Request), Object(Closure))
#66 C:/Users/Mugahed/Desktop/MyMetier/vendor/filament/filament/src/Http/Middleware/SetUpPanel.php(19): Illuminate/Pipeline/Pipeline->{closure:{closure:Illuminate/Pipeline/Pipeline::carry():194}:195}(Object(Illuminate/Http/Request))
#67 C:/Users/Mugahed/Desktop/MyMetier/vendor/laravel/framework/src/Illuminate/Pipeline/Pipeline.php(219): Filament/Http/Middleware/SetUpPanel->handle(Object(Illuminate/Http/Request), Object(Closure), Object(Filament/Panel))
#68 C:/Users/Mugahed/Desktop/MyMetier/vendor/laravel/framework/src/Illuminate/Pipeline/Pipeline.php(137): Illuminate/Pipeline/Pipeline->{closure:{closure:Illuminate/Pipeline/Pipeline::carry():194}:195}(Object(Illuminate/Http/Request))
#69 C:/Users/Mugahed/Desktop/MyMetier/vendor/laravel/framework/src/Illuminate/Routing/Router.php(821): Illuminate/Pipeline/Pipeline->then(Object(Closure))
#70 C:/Users/Mugahed/Desktop/MyMetier/vendor/laravel/framework/src/Illuminate/Routing/Router.php(800): Illuminate/Routing/Router->runRouteWithinStack(Object(Illuminate/Routing/Route), Object(Illuminate/Http/Request))
#71 C:/Users/Mugahed/Desktop/MyMetier/vendor/laravel/framework/src/Illuminate/Routing/Router.php(764): Illuminate/Routing/Router->runRoute(Object(Illuminate/Http/Request), Object(Illuminate/Routing/Route))
#72 C:/Users/Mugahed/Desktop/MyMetier/vendor/laravel/framework/src/Illuminate/Routing/Router.php(753): Illuminate/Routing/Router->dispatchToRoute(Object(Illuminate/Http/Request))
#73 C:/Users/Mugahed/Desktop/MyMetier/vendor/laravel/framework/src/Illuminate/Foundation/Http/Kernel.php(200): Illuminate/Routing/Router->dispatch(Object(Illuminate/Http/Request))
#74 C:/Users/Mugahed/Desktop/MyMetier/vendor/laravel/framework/src/Illuminate/Pipeline/Pipeline.php(180): Illuminate/Foundation/Http/Kernel->{closure:Illuminate/Foundation/Http/Kernel::dispatchToRouter():197}(Object(Illuminate/Http/Request))
#75 C:/Users/Mugahed/Desktop/MyMetier/vendor/livewire/livewire/src/Features/SupportDisablingBackButtonCache/DisableBackButtonCacheMiddleware.php(19): Illuminate/Pipeline/Pipeline->{closure:Illuminate/Pipeline/Pipeline::prepareDestination():178}(Object(Illuminate/Http/Request))
#76 C:/Users/Mugahed/Desktop/MyMetier/vendor/laravel/framework/src/Illuminate/Pipeline/Pipeline.php(219): Livewire/Features/SupportDisablingBackButtonCache/DisableBackButtonCacheMiddleware->handle(Object(Illuminate/Http/Request), Object(Closure))
#77 C:/Users/Mugahed/Desktop/MyMetier/vendor/laravel/framework/src/Illuminate/Foundation/Http/Middleware/TransformsRequest.php(21): Illuminate/Pipeline/Pipeline->{closure:{closure:Illuminate/Pipeline/Pipeline::carry():194}:195}(Object(Illuminate/Http/Request))
#78 C:/Users/Mugahed/Desktop/MyMetier/vendor/laravel/framework/src/Illuminate/Foundation/Http/Middleware/ConvertEmptyStringsToNull.php(31): Illuminate/Foundation/Http/Middleware/TransformsRequest->handle(Object(Illuminate/Http/Request), Object(Closure))
#79 C:/Users/Mugahed/Desktop/MyMetier/vendor/laravel/framework/src/Illuminate/Pipeline/Pipeline.php(219): Illuminate/Foundation/Http/Middleware/ConvertEmptyStringsToNull->handle(Object(Illuminate/Http/Request), Object(Closure))
#80 C:/Users/Mugahed/Desktop/MyMetier/vendor/laravel/framework/src/Illuminate/Foundation/Http/Middleware/TransformsRequest.php(21): Illuminate/Pipeline/Pipeline->{closure:{closure:Illuminate/Pipeline/Pipeline::carry():194}:195}(Object(Illuminate/Http/Request))
#81 C:/Users/Mugahed/Desktop/MyMetier/vendor/laravel/framework/src/Illuminate/Foundation/Http/Middleware/TrimStrings.php(51): Illuminate/Foundation/Http/Middleware/TransformsRequest->handle(Object(Illuminate/Http/Request), Object(Closure))
#82 C:/Users/Mugahed/Desktop/MyMetier/vendor/laravel/framework/src/Illuminate/Pipeline/Pipeline.php(219): Illuminate/Foundation/Http/Middleware/TrimStrings->handle(Object(Illuminate/Http/Request), Object(Closure))
#83 C:/Users/Mugahed/Desktop/MyMetier/vendor/laravel/framework/src/Illuminate/Http/Middleware/ValidatePostSize.php(27): Illuminate/Pipeline/Pipeline->{closure:{closure:Illuminate/Pipeline/Pipeline::carry():194}:195}(Object(Illuminate/Http/Request))
#84 C:/Users/Mugahed/Desktop/MyMetier/vendor/laravel/framework/src/Illuminate/Pipeline/Pipeline.php(219): Illuminate/Http/Middleware/ValidatePostSize->handle(Object(Illuminate/Http/Request), Object(Closure))
#85 C:/Users/Mugahed/Desktop/MyMetier/vendor/laravel/framework/src/Illuminate/Foundation/Http/Middleware/PreventRequestsDuringMaintenance.php(109): Illuminate/Pipeline/Pipeline->{closure:{closure:Illuminate/Pipeline/Pipeline::carry():194}:195}(Object(Illuminate/Http/Request))
#86 C:/Users/Mugahed/Desktop/MyMetier/vendor/laravel/framework/src/Illuminate/Pipeline/Pipeline.php(219): Illuminate/Foundation/Http/Middleware/PreventRequestsDuringMaintenance->handle(Object(Illuminate/Http/Request), Object(Closure))
#87 C:/Users/Mugahed/Desktop/MyMetier/vendor/laravel/framework/src/Illuminate/Http/Middleware/HandleCors.php(61): Illuminate/Pipeline/Pipeline->{closure:{closure:Illuminate/Pipeline/Pipeline::carry():194}:195}(Object(Illuminate/Http/Request))
#88 C:/Users/Mugahed/Desktop/MyMetier/vendor/laravel/framework/src/Illuminate/Pipeline/Pipeline.php(219): Illuminate/Http/Middleware/HandleCors->handle(Object(Illuminate/Http/Request), Object(Closure))
#89 C:/Users/Mugahed/Desktop/MyMetier/vendor/laravel/framework/src/Illuminate/Http/Middleware/TrustProxies.php(58): Illuminate/Pipeline/Pipeline->{closure:{closure:Illuminate/Pipeline/Pipeline::carry():194}:195}(Object(Illuminate/Http/Request))
#90 C:/Users/Mugahed/Desktop/MyMetier/vendor/laravel/framework/src/Illuminate/Pipeline/Pipeline.php(219): Illuminate/Http/Middleware/TrustProxies->handle(Object(Illuminate/Http/Request), Object(Closure))
#91 C:/Users/Mugahed/Desktop/MyMetier/vendor/laravel/framework/src/Illuminate/Foundation/Http/Middleware/InvokeDeferredCallbacks.php(22): Illuminate/Pipeline/Pipeline->{closure:{closure:Illuminate/Pipeline/Pipeline::carry():194}:195}(Object(Illuminate/Http/Request))
#92 C:/Users/Mugahed/Desktop/MyMetier/vendor/laravel/framework/src/Illuminate/Pipeline/Pipeline.php(219): Illuminate/Foundation/Http/Middleware/InvokeDeferredCallbacks->handle(Object(Illuminate/Http/Request), Object(Closure))
#93 C:/Users/Mugahed/Desktop/MyMetier/vendor/laravel/framework/src/Illuminate/Http/Middleware/ValidatePathEncoding.php(28): Illuminate/Pipeline/Pipeline->{closure:{closure:Illuminate/Pipeline/Pipeline::carry():194}:195}(Object(Illuminate/Http/Request))
#94 C:/Users/Mugahed/Desktop/MyMetier/vendor/laravel/framework/src/Illuminate/Pipeline/Pipeline.php(219): Illuminate/Http/Middleware/ValidatePathEncoding->handle(Object(Illuminate/Http/Request), Object(Closure))
#95 C:/Users/Mugahed/Desktop/MyMetier/vendor/laravel/framework/src/Illuminate/Pipeline/Pipeline.php(137): Illuminate/Pipeline/Pipeline->{closure:{closure:Illuminate/Pipeline/Pipeline::carry():194}:195}(Object(Illuminate/Http/Request))
#96 C:/Users/Mugahed/Desktop/MyMetier/vendor/laravel/framework/src/Illuminate/Foundation/Http/Kernel.php(175): Illuminate/Pipeline/Pipeline->then(Object(Closure))
#97 C:/Users/Mugahed/Desktop/MyMetier/vendor/laravel/framework/src/Illuminate/Foundation/Http/Kernel.php(144): Illuminate/Foundation/Http/Kernel->sendRequestThroughRouter(Object(Illuminate/Http/Request))
#98 C:/Users/Mugahed/Desktop/MyMetier/vendor/laravel/framework/src/Illuminate/Foundation/Application.php(1220): Illuminate/Foundation/Http/Kernel->handle(Object(Illuminate/Http/Request))
#99 C:/Users/Mugahed/Desktop/MyMetier/public/index.php(20): Illuminate/Foundation/Application->handleRequest(Object(Illuminate/Http/Request))
#100 C:/Program Files/Herd/resources/app.asar.unpacked/resources/valet/server.php(139): require('C://Users//Mugahe...')
#101 {main}

[previous exception] [object] (Illuminate\\View\\ViewException(code: 0): rename(C:\\Users\\Mugahed\\Desktop\\MyMetier\\storage\\framework\\views\\55bA2D0.tmp,C:\\Users\\Mugahed\\Desktop\\MyMetier\\storage\\framework\\views/55ba71d177f63850ab134ed2167d9e8b.php): Access is denied (code: 5) (View: C:\\Users\\Mugahed\\Desktop\\MyMetier\\vendor\\filament\\widgets\\resources\\views\\components\\widget.blade.php) at C:/Users/Mugahed/Desktop/MyMetier/vendor/laravel/framework/src/Illuminate/Filesystem/Filesystem.php:233)
[stacktrace]
#0 C:/Users/Mugahed/Desktop/MyMetier/vendor/livewire/livewire/src/Mechanisms/ExtendBlade/ExtendedCompilerEngine.php(58): Illuminate/View/Engines/CompilerEngine->handleViewException(Object(ErrorException), 8)
#1 C:/Users/Mugahed/Desktop/MyMetier/vendor/livewire/livewire/src/Mechanisms/ExtendBlade/ExtendedCompilerEngine.php(40): Livewire/Mechanisms/ExtendBlade/ExtendedCompilerEngine->handleViewException(Object(ErrorException), 8)
#2 C:/Users/Mugahed/Desktop/MyMetier/vendor/laravel/framework/src/Illuminate/View/Engines/CompilerEngine.php(76): Livewire/Mechanisms/ExtendBlade/ExtendedCompilerEngine->evaluatePath('C://Users//Mugahe...', Array)
#3 C:/Users/Mugahed/Desktop/MyMetier/vendor/livewire/livewire/src/Mechanisms/ExtendBlade/ExtendedCompilerEngine.php(16): Illuminate/View/Engines/CompilerEngine->get('C://Users//Mugahe...', Array)
#4 C:/Users/Mugahed/Desktop/MyMetier/vendor/laravel/framework/src/Illuminate/View/View.php(208): Livewire/Mechanisms/ExtendBlade/ExtendedCompilerEngine->get('C://Users//Mugahe...', Array)
#5 C:/Users/Mugahed/Desktop/MyMetier/vendor/laravel/framework/src/Illuminate/View/View.php(191): Illuminate/View/View->getContents()
#6 C:/Users/Mugahed/Desktop/MyMetier/vendor/laravel/framework/src/Illuminate/View/View.php(160): Illuminate/View/View->renderContents()
#7 C:/Users/Mugahed/Desktop/MyMetier/vendor/livewire/livewire/src/Mechanisms/HandleComponents/HandleComponents.php(409): Illuminate/View/View->render(Object(Closure))
#8 C:/Users/Mugahed/Desktop/MyMetier/vendor/livewire/livewire/src/Mechanisms/HandleComponents/HandleComponents.php(460): Livewire/Mechanisms/HandleComponents/HandleComponents->{closure:Livewire/Mechanisms/HandleComponents/HandleComponents::render():401}()
#9 C:/Users/Mugahed/Desktop/MyMetier/vendor/livewire/livewire/src/Mechanisms/HandleComponents/HandleComponents.php(401): Livewire/Mechanisms/HandleComponents/HandleComponents->trackInRenderStack(Object(Filament/Widgets/AccountWidget), Object(Closure))
#10 C:/Users/Mugahed/Desktop/MyMetier/vendor/livewire/livewire/src/Mechanisms/HandleComponents/HandleComponents.php(80): Livewire/Mechanisms/HandleComponents/HandleComponents->render(Object(Filament/Widgets/AccountWidget), '<div></div>')
#11 C:/Users/Mugahed/Desktop/MyMetier/vendor/livewire/livewire/src/LivewireManager.php(102): Livewire/Mechanisms/HandleComponents/HandleComponents->mount('Filament//Widget...', Array, 'uu0keXhiPd0hQcV...', Array)
#12 C:/Users/Mugahed/Desktop/MyMetier/storage/framework/views/fff372560d671acb73a9f1e927cb7f85.php(33): Livewire/LivewireManager->mount('Filament//Widget...', Array, 'uu0keXhiPd0hQcV...', Array)
#13 C:/Users/Mugahed/Desktop/MyMetier/vendor/livewire/livewire/src/Mechanisms/ExtendBlade/ExtendedCompilerEngine.php(37): include('C://Users//Mugahe...')
#14 C:/Users/Mugahed/Desktop/MyMetier/vendor/livewire/livewire/src/Mechanisms/ExtendBlade/ExtendedCompilerEngine.php(38): Filament/Pages/Dashboard->{closure:Livewire/Mechanisms/ExtendBlade/ExtendedCompilerEngine::evaluatePath():35}()
#15 C:/Users/Mugahed/Desktop/MyMetier/vendor/laravel/framework/src/Illuminate/View/Engines/CompilerEngine.php(76): Livewire/Mechanisms/ExtendBlade/ExtendedCompilerEngine->evaluatePath('C://Users//Mugahe...', Array)
#16 C:/Users/Mugahed/Desktop/MyMetier/vendor/livewire/livewire/src/Mechanisms/ExtendBlade/ExtendedCompilerEngine.php(16): Illuminate/View/Engines/CompilerEngine->get('C://Users//Mugahe...', Array)
#17 C:/Users/Mugahed/Desktop/MyMetier/vendor/laravel/framework/src/Illuminate/View/View.php(208): Livewire/Mechanisms/ExtendBlade/ExtendedCompilerEngine->get('C://Users//Mugahe...', Array)
#18 C:/Users/Mugahed/Desktop/MyMetier/vendor/laravel/framework/src/Illuminate/View/View.php(191): Illuminate/View/View->getContents()
#19 C:/Users/Mugahed/Desktop/MyMetier/vendor/laravel/framework/src/Illuminate/View/View.php(160): Illuminate/View/View->renderContents()
#20 C:/Users/Mugahed/Desktop/MyMetier/vendor/filament/support/src/Components/ViewComponent.php(125): Illuminate/View/View->render()
#21 C:/Users/Mugahed/Desktop/MyMetier/vendor/filament/schemas/src/Schema.php(207): Filament/Support/Components/ViewComponent->toHtml()
#22 C:/Users/Mugahed/Desktop/MyMetier/vendor/filament/support/src/Components/ViewComponent.php(122): Filament/Schemas/Schema->toEmbeddedHtml()
#23 C:/Users/Mugahed/Desktop/MyMetier/vendor/laravel/framework/src/Illuminate/Support/helpers.php(131): Filament/Support/Components/ViewComponent->toHtml()
#24 C:/Users/Mugahed/Desktop/MyMetier/storage/framework/views/6b5e2d19e6f144cfae5d99018f85fd66.php(9): e(Object(Filament/Schemas/Schema))
#25 C:/Users/Mugahed/Desktop/MyMetier/vendor/livewire/livewire/src/Mechanisms/ExtendBlade/ExtendedCompilerEngine.php(37): include('C://Users//Mugahe...')
#26 C:/Users/Mugahed/Desktop/MyMetier/vendor/livewire/livewire/src/Mechanisms/ExtendBlade/ExtendedCompilerEngine.php(38): Filament/Pages/Dashboard->{closure:Livewire/Mechanisms/ExtendBlade/ExtendedCompilerEngine::evaluatePath():35}()
#27 C:/Users/Mugahed/Desktop/MyMetier/vendor/laravel/framework/src/Illuminate/View/Engines/CompilerEngine.php(76): Livewire/Mechanisms/ExtendBlade/ExtendedCompilerEngine->evaluatePath('C://Users//Mugahe...', Array)
#28 C:/Users/Mugahed/Desktop/MyMetier/vendor/livewire/livewire/src/Mechanisms/ExtendBlade/ExtendedCompilerEngine.php(16): Illuminate/View/Engines/CompilerEngine->get('C://Users//Mugahe...', Array)
#29 C:/Users/Mugahed/Desktop/MyMetier/vendor/laravel/framework/src/Illuminate/View/View.php(208): Livewire/Mechanisms/ExtendBlade/ExtendedCompilerEngine->get('C://Users//Mugahe...', Array)
#30 C:/Users/Mugahed/Desktop/MyMetier/vendor/laravel/framework/src/Illuminate/View/View.php(191): Illuminate/View/View->getContents()
#31 C:/Users/Mugahed/Desktop/MyMetier/vendor/laravel/framework/src/Illuminate/View/View.php(160): Illuminate/View/View->renderContents()
#32 C:/Users/Mugahed/Desktop/MyMetier/vendor/filament/support/src/Components/ViewComponent.php(125): Illuminate/View/View->render()
#33 C:/Users/Mugahed/Desktop/MyMetier/vendor/filament/schemas/src/Components/Component.php(219): Filament/Support/Components/ViewComponent->toHtml()
#34 C:/Users/Mugahed/Desktop/MyMetier/vendor/filament/schemas/src/Schema.php(205): Filament/Schemas/Components/Component->toSchemaHtml(true)
#35 C:/Users/Mugahed/Desktop/MyMetier/vendor/filament/support/src/Components/ViewComponent.php(122): Filament/Schemas/Schema->toEmbeddedHtml()
#36 C:/Users/Mugahed/Desktop/MyMetier/vendor/laravel/framework/src/Illuminate/Support/helpers.php(131): Filament/Support/Components/ViewComponent->toHtml()
#37 C:/Users/Mugahed/Desktop/MyMetier/storage/framework/views/b30fc42f55b3966a4634d799d18b4b9a.php(13): e(Object(Filament/Schemas/Schema))
#38 C:/Users/Mugahed/Desktop/MyMetier/vendor/livewire/livewire/src/Mechanisms/ExtendBlade/ExtendedCompilerEngine.php(37): include('C://Users//Mugahe...')
#39 C:/Users/Mugahed/Desktop/MyMetier/vendor/livewire/livewire/src/Mechanisms/ExtendBlade/ExtendedCompilerEngine.php(38): Filament/Pages/Dashboard->{closure:Livewire/Mechanisms/ExtendBlade/ExtendedCompilerEngine::evaluatePath():35}()
#40 C:/Users/Mugahed/Desktop/MyMetier/vendor/laravel/framework/src/Illuminate/View/Engines/CompilerEngine.php(76): Livewire/Mechanisms/ExtendBlade/ExtendedCompilerEngine->evaluatePath('C://Users//Mugahe...', Array)
#41 C:/Users/Mugahed/Desktop/MyMetier/vendor/livewire/livewire/src/Mechanisms/ExtendBlade/ExtendedCompilerEngine.php(16): Illuminate/View/Engines/CompilerEngine->get('C://Users//Mugahe...', Array)
#42 C:/Users/Mugahed/Desktop/MyMetier/vendor/laravel/framework/src/Illuminate/View/View.php(208): Livewire/Mechanisms/ExtendBlade/ExtendedCompilerEngine->get('C://Users//Mugahe...', Array)
#43 C:/Users/Mugahed/Desktop/MyMetier/vendor/laravel/framework/src/Illuminate/View/View.php(191): Illuminate/View/View->getContents()
#44 C:/Users/Mugahed/Desktop/MyMetier/vendor/laravel/framework/src/Illuminate/View/View.php(160): Illuminate/View/View->renderContents()
#45 C:/Users/Mugahed/Desktop/MyMetier/vendor/livewire/livewire/src/Mechanisms/HandleComponents/HandleComponents.php(409): Illuminate/View/View->render(Object(Closure))
#46 C:/Users/Mugahed/Desktop/MyMetier/vendor/livewire/livewire/src/Mechanisms/HandleComponents/HandleComponents.php(460): Livewire/Mechanisms/HandleComponents/HandleComponents->{closure:Livewire/Mechanisms/HandleComponents/HandleComponents::render():401}()
#47 C:/Users/Mugahed/Desktop/MyMetier/vendor/livewire/livewire/src/Mechanisms/HandleComponents/HandleComponents.php(401): Livewire/Mechanisms/HandleComponents/HandleComponents->trackInRenderStack(Object(Filament/Pages/Dashboard), Object(Closure))
#48 C:/Users/Mugahed/Desktop/MyMetier/vendor/livewire/livewire/src/Mechanisms/HandleComponents/HandleComponents.php(80): Livewire/Mechanisms/HandleComponents/HandleComponents->render(Object(Filament/Pages/Dashboard), '<div></div>')
#49 C:/Users/Mugahed/Desktop/MyMetier/vendor/livewire/livewire/src/LivewireManager.php(102): Livewire/Mechanisms/HandleComponents/HandleComponents->mount('Filament//Pages//...', Array, NULL, Array)
#50 C:/Users/Mugahed/Desktop/MyMetier/vendor/livewire/livewire/src/Features/SupportPageComponents/HandlesPageComponents.php(19): Livewire/LivewireManager->mount('Filament//Pages//...', Array)
#51 C:/Users/Mugahed/Desktop/MyMetier/vendor/livewire/livewire/src/Features/SupportPageComponents/SupportPageComponents.php(118): Livewire/Component->{closure:Livewire/Features/SupportPageComponents/HandlesPageComponents::__invoke():14}()
#52 C:/Users/Mugahed/Desktop/MyMetier/vendor/livewire/livewire/src/Features/SupportPageComponents/HandlesPageComponents.php(14): Livewire/Features/SupportPageComponents/SupportPageComponents::interceptTheRenderOfTheComponentAndRetreiveTheLayoutConfiguration(Object(Closure))
#53 C:/Users/Mugahed/Desktop/MyMetier/vendor/laravel/framework/src/Illuminate/Routing/ControllerDispatcher.php(46): Livewire/Component->__invoke()
#54 C:/Users/Mugahed/Desktop/MyMetier/vendor/laravel/framework/src/Illuminate/Routing/Route.php(269): Illuminate/Routing/ControllerDispatcher->dispatch(Object(Illuminate/Routing/Route), Object(Filament/Pages/Dashboard), '__invoke')
#55 C:/Users/Mugahed/Desktop/MyMetier/vendor/laravel/framework/src/Illuminate/Routing/Route.php(215): Illuminate/Routing/Route->runController()
#56 C:/Users/Mugahed/Desktop/MyMetier/vendor/laravel/framework/src/Illuminate/Routing/Router.php(822): Illuminate/Routing/Route->run()
#57 C:/Users/Mugahed/Desktop/MyMetier/vendor/laravel/framework/src/Illuminate/Pipeline/Pipeline.php(180): Illuminate/Routing/Router->{closure:Illuminate/Routing/Router::runRouteWithinStack():821}(Object(Illuminate/Http/Request))
#58 C:/Users/Mugahed/Desktop/MyMetier/vendor/filament/filament/src/Http/Middleware/DispatchServingFilamentEvent.php(15): Illuminate/Pipeline/Pipeline->{closure:Illuminate/Pipeline/Pipeline::prepareDestination():178}(Object(Illuminate/Http/Request))
#59 C:/Users/Mugahed/Desktop/MyMetier/vendor/laravel/framework/src/Illuminate/Pipeline/Pipeline.php(219): Filament/Http/Middleware/DispatchServingFilamentEvent->handle(Object(Illuminate/Http/Request), Object(Closure))
#60 C:/Users/Mugahed/Desktop/MyMetier/vendor/filament/filament/src/Http/Middleware/DisableBladeIconComponents.php(14): Illuminate/Pipeline/Pipeline->{closure:{closure:Illuminate/Pipeline/Pipeline::carry():194}:195}(Object(Illuminate/Http/Request))
#61 C:/Users/Mugahed/Desktop/MyMetier/vendor/laravel/framework/src/Illuminate/Pipeline/Pipeline.php(219): Filament/Http/Middleware/DisableBladeIconComponents->handle(Object(Illuminate/Http/Request), Object(Closure))
#62 C:/Users/Mugahed/Desktop/MyMetier/vendor/laravel/framework/src/Illuminate/Routing/Middleware/SubstituteBindings.php(52): Illuminate/Pipeline/Pipeline->{closure:{closure:Illuminate/Pipeline/Pipeline::carry():194}:195}(Object(Illuminate/Http/Request))
#63 C:/Users/Mugahed/Desktop/MyMetier/vendor/laravel/framework/src/Illuminate/Pipeline/Pipeline.php(219): Illuminate/Routing/Middleware/SubstituteBindings->handle(Object(Illuminate/Http/Request), Object(Closure))
#64 C:/Users/Mugahed/Desktop/MyMetier/vendor/laravel/framework/src/Illuminate/Foundation/Http/Middleware/PreventRequestForgery.php(104): Illuminate/Pipeline/Pipeline->{closure:{closure:Illuminate/Pipeline/Pipeline::carry():194}:195}(Object(Illuminate/Http/Request))
#65 C:/Users/Mugahed/Desktop/MyMetier/vendor/laravel/framework/src/Illuminate/Pipeline/Pipeline.php(219): Illuminate/Foundation/Http/Middleware/PreventRequestForgery->handle(Object(Illuminate/Http/Request), Object(Closure))
#66 C:/Users/Mugahed/Desktop/MyMetier/vendor/laravel/framework/src/Illuminate/Session/Middleware/AuthenticateSession.php(70): Illuminate/Pipeline/Pipeline->{closure:{closure:Illuminate/Pipeline/Pipeline::carry():194}:195}(Object(Illuminate/Http/Request))
#67 C:/Users/Mugahed/Desktop/MyMetier/vendor/laravel/framework/src/Illuminate/Pipeline/Pipeline.php(219): Illuminate/Session/Middleware/AuthenticateSession->handle(Object(Illuminate/Http/Request), Object(Closure))
#68 C:/Users/Mugahed/Desktop/MyMetier/vendor/laravel/framework/src/Illuminate/Auth/Middleware/Authenticate.php(63): Illuminate/Pipeline/Pipeline->{closure:{closure:Illuminate/Pipeline/Pipeline::carry():194}:195}(Object(Illuminate/Http/Request))
#69 C:/Users/Mugahed/Desktop/MyMetier/vendor/laravel/framework/src/Illuminate/Pipeline/Pipeline.php(219): Illuminate/Auth/Middleware/Authenticate->handle(Object(Illuminate/Http/Request), Object(Closure))
#70 C:/Users/Mugahed/Desktop/MyMetier/vendor/laravel/framework/src/Illuminate/View/Middleware/ShareErrorsFromSession.php(48): Illuminate/Pipeline/Pipeline->{closure:{closure:Illuminate/Pipeline/Pipeline::carry():194}:195}(Object(Illuminate/Http/Request))
#71 C:/Users/Mugahed/Desktop/MyMetier/vendor/laravel/framework/src/Illuminate/Pipeline/Pipeline.php(219): Illuminate/View/Middleware/ShareErrorsFromSession->handle(Object(Illuminate/Http/Request), Object(Closure))
#72 C:/Users/Mugahed/Desktop/MyMetier/vendor/laravel/framework/src/Illuminate/Session/Middleware/StartSession.php(120): Illuminate/Pipeline/Pipeline->{closure:{closure:Illuminate/Pipeline/Pipeline::carry():194}:195}(Object(Illuminate/Http/Request))
#73 C:/Users/Mugahed/Desktop/MyMetier/vendor/laravel/framework/src/Illuminate/Session/Middleware/StartSession.php(63): Illuminate/Session/Middleware/StartSession->handleStatefulRequest(Object(Illuminate/Http/Request), Object(Illuminate/Session/Store), Object(Closure))
#74 C:/Users/Mugahed/Desktop/MyMetier/vendor/laravel/framework/src/Illuminate/Pipeline/Pipeline.php(219): Illuminate/Session/Middleware/StartSession->handle(Object(Illuminate/Http/Request), Object(Closure))
#75 C:/Users/Mugahed/Desktop/MyMetier/vendor/laravel/framework/src/Illuminate/Cookie/Middleware/AddQueuedCookiesToResponse.php(36): Illuminate/Pipeline/Pipeline->{closure:{closure:Illuminate/Pipeline/Pipeline::carry():194}:195}(Object(Illuminate/Http/Request))
#76 C:/Users/Mugahed/Desktop/MyMetier/vendor/laravel/framework/src/Illuminate/Pipeline/Pipeline.php(219): Illuminate/Cookie/Middleware/AddQueuedCookiesToResponse->handle(Object(Illuminate/Http/Request), Object(Closure))
#77 C:/Users/Mugahed/Desktop/MyMetier/vendor/laravel/framework/src/Illuminate/Cookie/Middleware/EncryptCookies.php(74): Illuminate/Pipeline/Pipeline->{closure:{closure:Illuminate/Pipeline/Pipeline::carry():194}:195}(Object(Illuminate/Http/Request))
#78 C:/Users/Mugahed/Desktop/MyMetier/vendor/laravel/framework/src/Illuminate/Pipeline/Pipeline.php(219): Illuminate/Cookie/Middleware/EncryptCookies->handle(Object(Illuminate/Http/Request), Object(Closure))
#79 C:/Users/Mugahed/Desktop/MyMetier/vendor/filament/filament/src/Http/Middleware/SetUpPanel.php(19): Illuminate/Pipeline/Pipeline->{closure:{closure:Illuminate/Pipeline/Pipeline::carry():194}:195}(Object(Illuminate/Http/Request))
#80 C:/Users/Mugahed/Desktop/MyMetier/vendor/laravel/framework/src/Illuminate/Pipeline/Pipeline.php(219): Filament/Http/Middleware/SetUpPanel->handle(Object(Illuminate/Http/Request), Object(Closure), Object(Filament/Panel))
#81 C:/Users/Mugahed/Desktop/MyMetier/vendor/laravel/framework/src/Illuminate/Pipeline/Pipeline.php(137): Illuminate/Pipeline/Pipeline->{closure:{closure:Illuminate/Pipeline/Pipeline::carry():194}:195}(Object(Illuminate/Http/Request))
#82 C:/Users/Mugahed/Desktop/MyMetier/vendor/laravel/framework/src/Illuminate/Routing/Router.php(821): Illuminate/Pipeline/Pipeline->then(Object(Closure))
#83 C:/Users/Mugahed/Desktop/MyMetier/vendor/laravel/framework/src/Illuminate/Routing/Router.php(800): Illuminate/Routing/Router->runRouteWithinStack(Object(Illuminate/Routing/Route), Object(Illuminate/Http/Request))
#84 C:/Users/Mugahed/Desktop/MyMetier/vendor/laravel/framework/src/Illuminate/Routing/Router.php(764): Illuminate/Routing/Router->runRoute(Object(Illuminate/Http/Request), Object(Illuminate/Routing/Route))
#85 C:/Users/Mugahed/Desktop/MyMetier/vendor/laravel/framework/src/Illuminate/Routing/Router.php(753): Illuminate/Routing/Router->dispatchToRoute(Object(Illuminate/Http/Request))
#86 C:/Users/Mugahed/Desktop/MyMetier/vendor/laravel/framework/src/Illuminate/Foundation/Http/Kernel.php(200): Illuminate/Routing/Router->dispatch(Object(Illuminate/Http/Request))
#87 C:/Users/Mugahed/Desktop/MyMetier/vendor/laravel/framework/src/Illuminate/Pipeline/Pipeline.php(180): Illuminate/Foundation/Http/Kernel->{closure:Illuminate/Foundation/Http/Kernel::dispatchToRouter():197}(Object(Illuminate/Http/Request))
#88 C:/Users/Mugahed/Desktop/MyMetier/vendor/livewire/livewire/src/Features/SupportDisablingBackButtonCache/DisableBackButtonCacheMiddleware.php(19): Illuminate/Pipeline/Pipeline->{closure:Illuminate/Pipeline/Pipeline::prepareDestination():178}(Object(Illuminate/Http/Request))
#89 C:/Users/Mugahed/Desktop/MyMetier/vendor/laravel/framework/src/Illuminate/Pipeline/Pipeline.php(219): Livewire/Features/SupportDisablingBackButtonCache/DisableBackButtonCacheMiddleware->handle(Object(Illuminate/Http/Request), Object(Closure))
#90 C:/Users/Mugahed/Desktop/MyMetier/vendor/laravel/framework/src/Illuminate/Foundation/Http/Middleware/TransformsRequest.php(21): Illuminate/Pipeline/Pipeline->{closure:{closure:Illuminate/Pipeline/Pipeline::carry():194}:195}(Object(Illuminate/Http/Request))
#91 C:/Users/Mugahed/Desktop/MyMetier/vendor/laravel/framework/src/Illuminate/Foundation/Http/Middleware/ConvertEmptyStringsToNull.php(31): Illuminate/Foundation/Http/Middleware/TransformsRequest->handle(Object(Illuminate/Http/Request), Object(Closure))
#92 C:/Users/Mugahed/Desktop/MyMetier/vendor/laravel/framework/src/Illuminate/Pipeline/Pipeline.php(219): Illuminate/Foundation/Http/Middleware/ConvertEmptyStringsToNull->handle(Object(Illuminate/Http/Request), Object(Closure))
#93 C:/Users/Mugahed/Desktop/MyMetier/vendor/laravel/framework/src/Illuminate/Foundation/Http/Middleware/TransformsRequest.php(21): Illuminate/Pipeline/Pipeline->{closure:{closure:Illuminate/Pipeline/Pipeline::carry():194}:195}(Object(Illuminate/Http/Request))
#94 C:/Users/Mugahed/Desktop/MyMetier/vendor/laravel/framework/src/Illuminate/Foundation/Http/Middleware/TrimStrings.php(51): Illuminate/Foundation/Http/Middleware/TransformsRequest->handle(Object(Illuminate/Http/Request), Object(Closure))
#95 C:/Users/Mugahed/Desktop/MyMetier/vendor/laravel/framework/src/Illuminate/Pipeline/Pipeline.php(219): Illuminate/Foundation/Http/Middleware/TrimStrings->handle(Object(Illuminate/Http/Request), Object(Closure))
#96 C:/Users/Mugahed/Desktop/MyMetier/vendor/laravel/framework/src/Illuminate/Http/Middleware/ValidatePostSize.php(27): Illuminate/Pipeline/Pipeline->{closure:{closure:Illuminate/Pipeline/Pipeline::carry():194}:195}(Object(Illuminate/Http/Request))
#97 C:/Users/Mugahed/Desktop/MyMetier/vendor/laravel/framework/src/Illuminate/Pipeline/Pipeline.php(219): Illuminate/Http/Middleware/ValidatePostSize->handle(Object(Illuminate/Http/Request), Object(Closure))
#98 C:/Users/Mugahed/Desktop/MyMetier/vendor/laravel/framework/src/Illuminate/Foundation/Http/Middleware/PreventRequestsDuringMaintenance.php(109): Illuminate/Pipeline/Pipeline->{closure:{closure:Illuminate/Pipeline/Pipeline::carry():194}:195}(Object(Illuminate/Http/Request))
#99 C:/Users/Mugahed/Desktop/MyMetier/vendor/laravel/framework/src/Illuminate/Pipeline/Pipeline.php(219): Illuminate/Foundation/Http/Middleware/PreventRequestsDuringMaintenance->handle(Object(Illuminate/Http/Request), Object(Closure))
#100 C:/Users/Mugahed/Desktop/MyMetier/vendor/laravel/framework/src/Illuminate/Http/Middleware/HandleCors.php(61): Illuminate/Pipeline/Pipeline->{closure:{closure:Illuminate/Pipeline/Pipeline::carry():194}:195}(Object(Illuminate/Http/Request))
#101 C:/Users/Mugahed/Desktop/MyMetier/vendor/laravel/framework/src/Illuminate/Pipeline/Pipeline.php(219): Illuminate/Http/Middleware/HandleCors->handle(Object(Illuminate/Http/Request), Object(Closure))
#102 C:/Users/Mugahed/Desktop/MyMetier/vendor/laravel/framework/src/Illuminate/Http/Middleware/TrustProxies.php(58): Illuminate/Pipeline/Pipeline->{closure:{closure:Illuminate/Pipeline/Pipeline::carry():194}:195}(Object(Illuminate/Http/Request))
#103 C:/Users/Mugahed/Desktop/MyMetier/vendor/laravel/framework/src/Illuminate/Pipeline/Pipeline.php(219): Illuminate/Http/Middleware/TrustProxies->handle(Object(Illuminate/Http/Request), Object(Closure))
#104 C:/Users/Mugahed/Desktop/MyMetier/vendor/laravel/framework/src/Illuminate/Foundation/Http/Middleware/InvokeDeferredCallbacks.php(22): Illuminate/Pipeline/Pipeline->{closure:{closure:Illuminate/Pipeline/Pipeline::carry():194}:195}(Object(Illuminate/Http/Request))
#105 C:/Users/Mugahed/Desktop/MyMetier/vendor/laravel/framework/src/Illuminate/Pipeline/Pipeline.php(219): Illuminate/Foundation/Http/Middleware/InvokeDeferredCallbacks->handle(Object(Illuminate/Http/Request), Object(Closure))
#106 C:/Users/Mugahed/Desktop/MyMetier/vendor/laravel/framework/src/Illuminate/Http/Middleware/ValidatePathEncoding.php(28): Illuminate/Pipeline/Pipeline->{closure:{closure:Illuminate/Pipeline/Pipeline::carry():194}:195}(Object(Illuminate/Http/Request))
#107 C:/Users/Mugahed/Desktop/MyMetier/vendor/laravel/framework/src/Illuminate/Pipeline/Pipeline.php(219): Illuminate/Http/Middleware/ValidatePathEncoding->handle(Object(Illuminate/Http/Request), Object(Closure))
#108 C:/Users/Mugahed/Desktop/MyMetier/vendor/laravel/framework/src/Illuminate/Pipeline/Pipeline.php(137): Illuminate/Pipeline/Pipeline->{closure:{closure:Illuminate/Pipeline/Pipeline::carry():194}:195}(Object(Illuminate/Http/Request))
#109 C:/Users/Mugahed/Desktop/MyMetier/vendor/laravel/framework/src/Illuminate/Foundation/Http/Kernel.php(175): Illuminate/Pipeline/Pipeline->then(Object(Closure))
#110 C:/Users/Mugahed/Desktop/MyMetier/vendor/laravel/framework/src/Illuminate/Foundation/Http/Kernel.php(144): Illuminate/Foundation/Http/Kernel->sendRequestThroughRouter(Object(Illuminate/Http/Request))
#111 C:/Users/Mugahed/Desktop/MyMetier/vendor/laravel/framework/src/Illuminate/Foundation/Application.php(1220): Illuminate/Foundation/Http/Kernel->handle(Object(Illuminate/Http/Request))
#112 C:/Users/Mugahed/Desktop/MyMetier/public/index.php(20): Illuminate/Foundation/Application->handleRequest(Object(Illuminate/Http/Request))
#113 C:/Program Files/Herd/resources/app.asar.unpacked/resources/valet/server.php(139): require('C://Users//Mugahe...')
#114 {main}

[previous exception] [object] (ErrorException(code: 0): rename(C:\\Users\\Mugahed\\Desktop\\MyMetier\\storage\\framework\\views\\55bA2D0.tmp,C:\\Users\\Mugahed\\Desktop\\MyMetier\\storage\\framework\\views/55ba71d177f63850ab134ed2167d9e8b.php): Access is denied (code: 5) at C:/Users/Mugahed/Desktop/MyMetier/vendor/laravel/framework/src/Illuminate/Filesystem/Filesystem.php:233)
[stacktrace]
#0 C:/Users/Mugahed/Desktop/MyMetier/vendor/laravel/framework/src/Illuminate/Foundation/Bootstrap/HandleExceptions.php(258): Illuminate/Foundation/Bootstrap/HandleExceptions->handleError(2, 'rename(C://Users...', 'C://Users//Mugahe...', 233)
#1 [internal function]: Illuminate/Foundation/Bootstrap/HandleExceptions->{closure:Illuminate/Foundation/Bootstrap/HandleExceptions::forwardsTo():257}(2, 'rename(C://Users...', 'C://Users//Mugahe...', 233)
#2 C:/Users/Mugahed/Desktop/MyMetier/vendor/laravel/framework/src/Illuminate/Filesystem/Filesystem.php(233): rename('C://Users//Mugahe...', 'C://Users//Mugahe...')
#3 C:/Users/Mugahed/Desktop/MyMetier/vendor/laravel/framework/src/Illuminate/View/Compilers/BladeCompiler.php(199): Illuminate/Filesystem/Filesystem->replace('C://Users//Mugahe...', '<div/n    <?php ...')
#4 C:/Users/Mugahed/Desktop/MyMetier/vendor/laravel/framework/src/Illuminate/View/Engines/CompilerEngine.php(68): Illuminate/View/Compilers/BladeCompiler->compile('C://Users//Mugahe...')
#5 C:/Users/Mugahed/Desktop/MyMetier/vendor/livewire/livewire/src/Mechanisms/ExtendBlade/ExtendedCompilerEngine.php(16): Illuminate/View/Engines/CompilerEngine->get('C://Users//Mugahe...', Array)
#6 C:/Users/Mugahed/Desktop/MyMetier/vendor/laravel/framework/src/Illuminate/View/View.php(208): Livewire/Mechanisms/ExtendBlade/ExtendedCompilerEngine->get('C://Users//Mugahe...', Array)
#7 C:/Users/Mugahed/Desktop/MyMetier/vendor/laravel/framework/src/Illuminate/View/View.php(191): Illuminate/View/View->getContents()
#8 C:/Users/Mugahed/Desktop/MyMetier/vendor/laravel/framework/src/Illuminate/View/View.php(160): Illuminate/View/View->renderContents()
#9 C:/Users/Mugahed/Desktop/MyMetier/vendor/laravel/framework/src/Illuminate/View/Concerns/ManagesComponents.php(103): Illuminate/View/View->render()
#10 C:/Users/Mugahed/Desktop/MyMetier/storage/framework/views/71c205b2e1ecd067a7632a1e1f6b447e.php(106): Illuminate/View/Factory->renderComponent()
#11 C:/Users/Mugahed/Desktop/MyMetier/vendor/livewire/livewire/src/Mechanisms/ExtendBlade/ExtendedCompilerEngine.php(37): include('C://Users//Mugahe...')
#12 C:/Users/Mugahed/Desktop/MyMetier/vendor/livewire/livewire/src/Mechanisms/ExtendBlade/ExtendedCompilerEngine.php(38): Filament/Widgets/AccountWidget->{closure:Livewire/Mechanisms/ExtendBlade/ExtendedCompilerEngine::evaluatePath():35}()
#13 C:/Users/Mugahed/Desktop/MyMetier/vendor/laravel/framework/src/Illuminate/View/Engines/CompilerEngine.php(76): Livewire/Mechanisms/ExtendBlade/ExtendedCompilerEngine->evaluatePath('C://Users//Mugahe...', Array)
#14 C:/Users/Mugahed/Desktop/MyMetier/vendor/livewire/livewire/src/Mechanisms/ExtendBlade/ExtendedCompilerEngine.php(16): Illuminate/View/Engines/CompilerEngine->get('C://Users//Mugahe...', Array)
#15 C:/Users/Mugahed/Desktop/MyMetier/vendor/laravel/framework/src/Illuminate/View/View.php(208): Livewire/Mechanisms/ExtendBlade/ExtendedCompilerEngine->get('C://Users//Mugahe...', Array)
#16 C:/Users/Mugahed/Desktop/MyMetier/vendor/laravel/framework/src/Illuminate/View/View.php(191): Illuminate/View/View->getContents()
#17 C:/Users/Mugahed/Desktop/MyMetier/vendor/laravel/framework/src/Illuminate/View/View.php(160): Illuminate/View/View->renderContents()
#18 C:/Users/Mugahed/Desktop/MyMetier/vendor/livewire/livewire/src/Mechanisms/HandleComponents/HandleComponents.php(409): Illuminate/View/View->render(Object(Closure))
#19 C:/Users/Mugahed/Desktop/MyMetier/vendor/livewire/livewire/src/Mechanisms/HandleComponents/HandleComponents.php(460): Livewire/Mechanisms/HandleComponents/HandleComponents->{closure:Livewire/Mechanisms/HandleComponents/HandleComponents::render():401}()
#20 C:/Users/Mugahed/Desktop/MyMetier/vendor/livewire/livewire/src/Mechanisms/HandleComponents/HandleComponents.php(401): Livewire/Mechanisms/HandleComponents/HandleComponents->trackInRenderStack(Object(Filament/Widgets/AccountWidget), Object(Closure))
#21 C:/Users/Mugahed/Desktop/MyMetier/vendor/livewire/livewire/src/Mechanisms/HandleComponents/HandleComponents.php(80): Livewire/Mechanisms/HandleComponents/HandleComponents->render(Object(Filament/Widgets/AccountWidget), '<div></div>')
#22 C:/Users/Mugahed/Desktop/MyMetier/vendor/livewire/livewire/src/LivewireManager.php(102): Livewire/Mechanisms/HandleComponents/HandleComponents->mount('Filament//Widget...', Array, 'uu0keXhiPd0hQcV...', Array)
#23 C:/Users/Mugahed/Desktop/MyMetier/storage/framework/views/fff372560d671acb73a9f1e927cb7f85.php(33): Livewire/LivewireManager->mount('Filament//Widget...', Array, 'uu0keXhiPd0hQcV...', Array)
#24 C:/Users/Mugahed/Desktop/MyMetier/vendor/livewire/livewire/src/Mechanisms/ExtendBlade/ExtendedCompilerEngine.php(37): include('C://Users//Mugahe...')
#25 C:/Users/Mugahed/Desktop/MyMetier/vendor/livewire/livewire/src/Mechanisms/ExtendBlade/ExtendedCompilerEngine.php(38): Filament/Pages/Dashboard->{closure:Livewire/Mechanisms/ExtendBlade/ExtendedCompilerEngine::evaluatePath():35}()
#26 C:/Users/Mugahed/Desktop/MyMetier/vendor/laravel/framework/src/Illuminate/View/Engines/CompilerEngine.php(76): Livewire/Mechanisms/ExtendBlade/ExtendedCompilerEngine->evaluatePath('C://Users//Mugahe...', Array)
#27 C:/Users/Mugahed/Desktop/MyMetier/vendor/livewire/livewire/src/Mechanisms/ExtendBlade/ExtendedCompilerEngine.php(16): Illuminate/View/Engines/CompilerEngine->get('C://Users//Mugahe...', Array)
#28 C:/Users/Mugahed/Desktop/MyMetier/vendor/laravel/framework/src/Illuminate/View/View.php(208): Livewire/Mechanisms/ExtendBlade/ExtendedCompilerEngine->get('C://Users//Mugahe...', Array)
#29 C:/Users/Mugahed/Desktop/MyMetier/vendor/laravel/framework/src/Illuminate/View/View.php(191): Illuminate/View/View->getContents()
#30 C:/Users/Mugahed/Desktop/MyMetier/vendor/laravel/framework/src/Illuminate/View/View.php(160): Illuminate/View/View->renderContents()
#31 C:/Users/Mugahed/Desktop/MyMetier/vendor/filament/support/src/Components/ViewComponent.php(125): Illuminate/View/View->render()
#32 C:/Users/Mugahed/Desktop/MyMetier/vendor/filament/schemas/src/Schema.php(207): Filament/Support/Components/ViewComponent->toHtml()
#33 C:/Users/Mugahed/Desktop/MyMetier/vendor/filament/support/src/Components/ViewComponent.php(122): Filament/Schemas/Schema->toEmbeddedHtml()
#34 C:/Users/Mugahed/Desktop/MyMetier/vendor/laravel/framework/src/Illuminate/Support/helpers.php(131): Filament/Support/Components/ViewComponent->toHtml()
#35 C:/Users/Mugahed/Desktop/MyMetier/storage/framework/views/6b5e2d19e6f144cfae5d99018f85fd66.php(9): e(Object(Filament/Schemas/Schema))
#36 C:/Users/Mugahed/Desktop/MyMetier/vendor/livewire/livewire/src/Mechanisms/ExtendBlade/ExtendedCompilerEngine.php(37): include('C://Users//Mugahe...')
#37 C:/Users/Mugahed/Desktop/MyMetier/vendor/livewire/livewire/src/Mechanisms/ExtendBlade/ExtendedCompilerEngine.php(38): Filament/Pages/Dashboard->{closure:Livewire/Mechanisms/ExtendBlade/ExtendedCompilerEngine::evaluatePath():35}()
#38 C:/Users/Mugahed/Desktop/MyMetier/vendor/laravel/framework/src/Illuminate/View/Engines/CompilerEngine.php(76): Livewire/Mechanisms/ExtendBlade/ExtendedCompilerEngine->evaluatePath('C://Users//Mugahe...', Array)
#39 C:/Users/Mugahed/Desktop/MyMetier/vendor/livewire/livewire/src/Mechanisms/ExtendBlade/ExtendedCompilerEngine.php(16): Illuminate/View/Engines/CompilerEngine->get('C://Users//Mugahe...', Array)
#40 C:/Users/Mugahed/Desktop/MyMetier/vendor/laravel/framework/src/Illuminate/View/View.php(208): Livewire/Mechanisms/ExtendBlade/ExtendedCompilerEngine->get('C://Users//Mugahe...', Array)
#41 C:/Users/Mugahed/Desktop/MyMetier/vendor/laravel/framework/src/Illuminate/View/View.php(191): Illuminate/View/View->getContents()
#42 C:/Users/Mugahed/Desktop/MyMetier/vendor/laravel/framework/src/Illuminate/View/View.php(160): Illuminate/View/View->renderContents()
#43 C:/Users/Mugahed/Desktop/MyMetier/vendor/filament/support/src/Components/ViewComponent.php(125): Illuminate/View/View->render()
#44 C:/Users/Mugahed/Desktop/MyMetier/vendor/filament/schemas/src/Components/Component.php(219): Filament/Support/Components/ViewComponent->toHtml()
#45 C:/Users/Mugahed/Desktop/MyMetier/vendor/filament/schemas/src/Schema.php(205): Filament/Schemas/Components/Component->toSchemaHtml(true)
#46 C:/Users/Mugahed/Desktop/MyMetier/vendor/filament/support/src/Components/ViewComponent.php(122): Filament/Schemas/Schema->toEmbeddedHtml()
#47 C:/Users/Mugahed/Desktop/MyMetier/vendor/laravel/framework/src/Illuminate/Support/helpers.php(131): Filament/Support/Components/ViewComponent->toHtml()
#48 C:/Users/Mugahed/Desktop/MyMetier/storage/framework/views/b30fc42f55b3966a4634d799d18b4b9a.php(13): e(Object(Filament/Schemas/Schema))
#49 C:/Users/Mugahed/Desktop/MyMetier/vendor/livewire/livewire/src/Mechanisms/ExtendBlade/ExtendedCompilerEngine.php(37): include('C://Users//Mugahe...')
#50 C:/Users/Mugahed/Desktop/MyMetier/vendor/livewire/livewire/src/Mechanisms/ExtendBlade/ExtendedCompilerEngine.php(38): Filament/Pages/Dashboard->{closure:Livewire/Mechanisms/ExtendBlade/ExtendedCompilerEngine::evaluatePath():35}()
#51 C:/Users/Mugahed/Desktop/MyMetier/vendor/laravel/framework/src/Illuminate/View/Engines/CompilerEngine.php(76): Livewire/Mechanisms/ExtendBlade/ExtendedCompilerEngine->evaluatePath('C://Users//Mugahe...', Array)
#52 C:/Users/Mugahed/Desktop/MyMetier/vendor/livewire/livewire/src/Mechanisms/ExtendBlade/ExtendedCompilerEngine.php(16): Illuminate/View/Engines/CompilerEngine->get('C://Users//Mugahe...', Array)
#53 C:/Users/Mugahed/Desktop/MyMetier/vendor/laravel/framework/src/Illuminate/View/View.php(208): Livewire/Mechanisms/ExtendBlade/ExtendedCompilerEngine->get('C://Users//Mugahe...', Array)
#54 C:/Users/Mugahed/Desktop/MyMetier/vendor/laravel/framework/src/Illuminate/View/View.php(191): Illuminate/View/View->getContents()
#55 C:/Users/Mugahed/Desktop/MyMetier/vendor/laravel/framework/src/Illuminate/View/View.php(160): Illuminate/View/View->renderContents()
#56 C:/Users/Mugahed/Desktop/MyMetier/vendor/livewire/livewire/src/Mechanisms/HandleComponents/HandleComponents.php(409): Illuminate/View/View->render(Object(Closure))
#57 C:/Users/Mugahed/Desktop/MyMetier/vendor/livewire/livewire/src/Mechanisms/HandleComponents/HandleComponents.php(460): Livewire/Mechanisms/HandleComponents/HandleComponents->{closure:Livewire/Mechanisms/HandleComponents/HandleComponents::render():401}()
#58 C:/Users/Mugahed/Desktop/MyMetier/vendor/livewire/livewire/src/Mechanisms/HandleComponents/HandleComponents.php(401): Livewire/Mechanisms/HandleComponents/HandleComponents->trackInRenderStack(Object(Filament/Pages/Dashboard), Object(Closure))
#59 C:/Users/Mugahed/Desktop/MyMetier/vendor/livewire/livewire/src/Mechanisms/HandleComponents/HandleComponents.php(80): Livewire/Mechanisms/HandleComponents/HandleComponents->render(Object(Filament/Pages/Dashboard), '<div></div>')
#60 C:/Users/Mugahed/Desktop/MyMetier/vendor/livewire/livewire/src/LivewireManager.php(102): Livewire/Mechanisms/HandleComponents/HandleComponents->mount('Filament//Pages//...', Array, NULL, Array)
#61 C:/Users/Mugahed/Desktop/MyMetier/vendor/livewire/livewire/src/Features/SupportPageComponents/HandlesPageComponents.php(19): Livewire/LivewireManager->mount('Filament//Pages//...', Array)
#62 C:/Users/Mugahed/Desktop/MyMetier/vendor/livewire/livewire/src/Features/SupportPageComponents/SupportPageComponents.php(118): Livewire/Component->{closure:Livewire/Features/SupportPageComponents/HandlesPageComponents::__invoke():14}()
#63 C:/Users/Mugahed/Desktop/MyMetier/vendor/livewire/livewire/src/Features/SupportPageComponents/HandlesPageComponents.php(14): Livewire/Features/SupportPageComponents/SupportPageComponents::interceptTheRenderOfTheComponentAndRetreiveTheLayoutConfiguration(Object(Closure))
#64 C:/Users/Mugahed/Desktop/MyMetier/vendor/laravel/framework/src/Illuminate/Routing/ControllerDispatcher.php(46): Livewire/Component->__invoke()
#65 C:/Users/Mugahed/Desktop/MyMetier/vendor/laravel/framework/src/Illuminate/Routing/Route.php(269): Illuminate/Routing/ControllerDispatcher->dispatch(Object(Illuminate/Routing/Route), Object(Filament/Pages/Dashboard), '__invoke')
#66 C:/Users/Mugahed/Desktop/MyMetier/vendor/laravel/framework/src/Illuminate/Routing/Route.php(215): Illuminate/Routing/Route->runController()
#67 C:/Users/Mugahed/Desktop/MyMetier/vendor/laravel/framework/src/Illuminate/Routing/Router.php(822): Illuminate/Routing/Route->run()
#68 C:/Users/Mugahed/Desktop/MyMetier/vendor/laravel/framework/src/Illuminate/Pipeline/Pipeline.php(180): Illuminate/Routing/Router->{closure:Illuminate/Routing/Router::runRouteWithinStack():821}(Object(Illuminate/Http/Request))
#69 C:/Users/Mugahed/Desktop/MyMetier/vendor/filament/filament/src/Http/Middleware/DispatchServingFilamentEvent.php(15): Illuminate/Pipeline/Pipeline->{closure:Illuminate/Pipeline/Pipeline::prepareDestination():178}(Object(Illuminate/Http/Request))
#70 C:/Users/Mugahed/Desktop/MyMetier/vendor/laravel/framework/src/Illuminate/Pipeline/Pipeline.php(219): Filament/Http/Middleware/DispatchServingFilamentEvent->handle(Object(Illuminate/Http/Request), Object(Closure))
#71 C:/Users/Mugahed/Desktop/MyMetier/vendor/filament/filament/src/Http/Middleware/DisableBladeIconComponents.php(14): Illuminate/Pipeline/Pipeline->{closure:{closure:Illuminate/Pipeline/Pipeline::carry():194}:195}(Object(Illuminate/Http/Request))
#72 C:/Users/Mugahed/Desktop/MyMetier/vendor/laravel/framework/src/Illuminate/Pipeline/Pipeline.php(219): Filament/Http/Middleware/DisableBladeIconComponents->handle(Object(Illuminate/Http/Request), Object(Closure))
#73 C:/Users/Mugahed/Desktop/MyMetier/vendor/laravel/framework/src/Illuminate/Routing/Middleware/SubstituteBindings.php(52): Illuminate/Pipeline/Pipeline->{closure:{closure:Illuminate/Pipeline/Pipeline::carry():194}:195}(Object(Illuminate/Http/Request))
#74 C:/Users/Mugahed/Desktop/MyMetier/vendor/laravel/framework/src/Illuminate/Pipeline/Pipeline.php(219): Illuminate/Routing/Middleware/SubstituteBindings->handle(Object(Illuminate/Http/Request), Object(Closure))
#75 C:/Users/Mugahed/Desktop/MyMetier/vendor/laravel/framework/src/Illuminate/Foundation/Http/Middleware/PreventRequestForgery.php(104): Illuminate/Pipeline/Pipeline->{closure:{closure:Illuminate/Pipeline/Pipeline::carry():194}:195}(Object(Illuminate/Http/Request))
#76 C:/Users/Mugahed/Desktop/MyMetier/vendor/laravel/framework/src/Illuminate/Pipeline/Pipeline.php(219): Illuminate/Foundation/Http/Middleware/PreventRequestForgery->handle(Object(Illuminate/Http/Request), Object(Closure))
#77 C:/Users/Mugahed/Desktop/MyMetier/vendor/laravel/framework/src/Illuminate/Session/Middleware/AuthenticateSession.php(70): Illuminate/Pipeline/Pipeline->{closure:{closure:Illuminate/Pipeline/Pipeline::carry():194}:195}(Object(Illuminate/Http/Request))
#78 C:/Users/Mugahed/Desktop/MyMetier/vendor/laravel/framework/src/Illuminate/Pipeline/Pipeline.php(219): Illuminate/Session/Middleware/AuthenticateSession->handle(Object(Illuminate/Http/Request), Object(Closure))
#79 C:/Users/Mugahed/Desktop/MyMetier/vendor/laravel/framework/src/Illuminate/Auth/Middleware/Authenticate.php(63): Illuminate/Pipeline/Pipeline->{closure:{closure:Illuminate/Pipeline/Pipeline::carry():194}:195}(Object(Illuminate/Http/Request))
#80 C:/Users/Mugahed/Desktop/MyMetier/vendor/laravel/framework/src/Illuminate/Pipeline/Pipeline.php(219): Illuminate/Auth/Middleware/Authenticate->handle(Object(Illuminate/Http/Request), Object(Closure))
#81 C:/Users/Mugahed/Desktop/MyMetier/vendor/laravel/framework/src/Illuminate/View/Middleware/ShareErrorsFromSession.php(48): Illuminate/Pipeline/Pipeline->{closure:{closure:Illuminate/Pipeline/Pipeline::carry():194}:195}(Object(Illuminate/Http/Request))
#82 C:/Users/Mugahed/Desktop/MyMetier/vendor/laravel/framework/src/Illuminate/Pipeline/Pipeline.php(219): Illuminate/View/Middleware/ShareErrorsFromSession->handle(Object(Illuminate/Http/Request), Object(Closure))
#83 C:/Users/Mugahed/Desktop/MyMetier/vendor/laravel/framework/src/Illuminate/Session/Middleware/StartSession.php(120): Illuminate/Pipeline/Pipeline->{closure:{closure:Illuminate/Pipeline/Pipeline::carry():194}:195}(Object(Illuminate/Http/Request))
#84 C:/Users/Mugahed/Desktop/MyMetier/vendor/laravel/framework/src/Illuminate/Session/Middleware/StartSession.php(63): Illuminate/Session/Middleware/StartSession->handleStatefulRequest(Object(Illuminate/Http/Request), Object(Illuminate/Session/Store), Object(Closure))
#85 C:/Users/Mugahed/Desktop/MyMetier/vendor/laravel/framework/src/Illuminate/Pipeline/Pipeline.php(219): Illuminate/Session/Middleware/StartSession->handle(Object(Illuminate/Http/Request), Object(Closure))
#86 C:/Users/Mugahed/Desktop/MyMetier/vendor/laravel/framework/src/Illuminate/Cookie/Middleware/AddQueuedCookiesToResponse.php(36): Illuminate/Pipeline/Pipeline->{closure:{closure:Illuminate/Pipeline/Pipeline::carry():194}:195}(Object(Illuminate/Http/Request))
#87 C:/Users/Mugahed/Desktop/MyMetier/vendor/laravel/framework/src/Illuminate/Pipeline/Pipeline.php(219): Illuminate/Cookie/Middleware/AddQueuedCookiesToResponse->handle(Object(Illuminate/Http/Request), Object(Closure))
#88 C:/Users/Mugahed/Desktop/MyMetier/vendor/laravel/framework/src/Illuminate/Cookie/Middleware/EncryptCookies.php(74): Illuminate/Pipeline/Pipeline->{closure:{closure:Illuminate/Pipeline/Pipeline::carry():194}:195}(Object(Illuminate/Http/Request))
#89 C:/Users/Mugahed/Desktop/MyMetier/vendor/laravel/framework/src/Illuminate/Pipeline/Pipeline.php(219): Illuminate/Cookie/Middleware/EncryptCookies->handle(Object(Illuminate/Http/Request), Object(Closure))
#90 C:/Users/Mugahed/Desktop/MyMetier/vendor/filament/filament/src/Http/Middleware/SetUpPanel.php(19): Illuminate/Pipeline/Pipeline->{closure:{closure:Illuminate/Pipeline/Pipeline::carry():194}:195}(Object(Illuminate/Http/Request))
#91 C:/Users/Mugahed/Desktop/MyMetier/vendor/laravel/framework/src/Illuminate/Pipeline/Pipeline.php(219): Filament/Http/Middleware/SetUpPanel->handle(Object(Illuminate/Http/Request), Object(Closure), Object(Filament/Panel))
#92 C:/Users/Mugahed/Desktop/MyMetier/vendor/laravel/framework/src/Illuminate/Pipeline/Pipeline.php(137): Illuminate/Pipeline/Pipeline->{closure:{closure:Illuminate/Pipeline/Pipeline::carry():194}:195}(Object(Illuminate/Http/Request))
#93 C:/Users/Mugahed/Desktop/MyMetier/vendor/laravel/framework/src/Illuminate/Routing/Router.php(821): Illuminate/Pipeline/Pipeline->then(Object(Closure))
#94 C:/Users/Mugahed/Desktop/MyMetier/vendor/laravel/framework/src/Illuminate/Routing/Router.php(800): Illuminate/Routing/Router->runRouteWithinStack(Object(Illuminate/Routing/Route), Object(Illuminate/Http/Request))
#95 C:/Users/Mugahed/Desktop/MyMetier/vendor/laravel/framework/src/Illuminate/Routing/Router.php(764): Illuminate/Routing/Router->runRoute(Object(Illuminate/Http/Request), Object(Illuminate/Routing/Route))
#96 C:/Users/Mugahed/Desktop/MyMetier/vendor/laravel/framework/src/Illuminate/Routing/Router.php(753): Illuminate/Routing/Router->dispatchToRoute(Object(Illuminate/Http/Request))
#97 C:/Users/Mugahed/Desktop/MyMetier/vendor/laravel/framework/src/Illuminate/Foundation/Http/Kernel.php(200): Illuminate/Routing/Router->dispatch(Object(Illuminate/Http/Request))
#98 C:/Users/Mugahed/Desktop/MyMetier/vendor/laravel/framework/src/Illuminate/Pipeline/Pipeline.php(180): Illuminate/Foundation/Http/Kernel->{closure:Illuminate/Foundation/Http/Kernel::dispatchToRouter():197}(Object(Illuminate/Http/Request))
#99 C:/Users/Mugahed/Desktop/MyMetier/vendor/livewire/livewire/src/Features/SupportDisablingBackButtonCache/DisableBackButtonCacheMiddleware.php(19): Illuminate/Pipeline/Pipeline->{closure:Illuminate/Pipeline/Pipeline::prepareDestination():178}(Object(Illuminate/Http/Request))
#100 C:/Users/Mugahed/Desktop/MyMetier/vendor/laravel/framework/src/Illuminate/Pipeline/Pipeline.php(219): Livewire/Features/SupportDisablingBackButtonCache/DisableBackButtonCacheMiddleware->handle(Object(Illuminate/Http/Request), Object(Closure))
#101 C:/Users/Mugahed/Desktop/MyMetier/vendor/laravel/framework/src/Illuminate/Foundation/Http/Middleware/TransformsRequest.php(21): Illuminate/Pipeline/Pipeline->{closure:{closure:Illuminate/Pipeline/Pipeline::carry():194}:195}(Object(Illuminate/Http/Request))
#102 C:/Users/Mugahed/Desktop/MyMetier/vendor/laravel/framework/src/Illuminate/Foundation/Http/Middleware/ConvertEmptyStringsToNull.php(31): Illuminate/Foundation/Http/Middleware/TransformsRequest->handle(Object(Illuminate/Http/Request), Object(Closure))
#103 C:/Users/Mugahed/Desktop/MyMetier/vendor/laravel/framework/src/Illuminate/Pipeline/Pipeline.php(219): Illuminate/Foundation/Http/Middleware/ConvertEmptyStringsToNull->handle(Object(Illuminate/Http/Request), Object(Closure))
#104 C:/Users/Mugahed/Desktop/MyMetier/vendor/laravel/framework/src/Illuminate/Foundation/Http/Middleware/TransformsRequest.php(21): Illuminate/Pipeline/Pipeline->{closure:{closure:Illuminate/Pipeline/Pipeline::carry():194}:195}(Object(Illuminate/Http/Request))
#105 C:/Users/Mugahed/Desktop/MyMetier/vendor/laravel/framework/src/Illuminate/Foundation/Http/Middleware/TrimStrings.php(51): Illuminate/Foundation/Http/Middleware/TransformsRequest->handle(Object(Illuminate/Http/Request), Object(Closure))
#106 C:/Users/Mugahed/Desktop/MyMetier/vendor/laravel/framework/src/Illuminate/Pipeline/Pipeline.php(219): Illuminate/Foundation/Http/Middleware/TrimStrings->handle(Object(Illuminate/Http/Request), Object(Closure))
#107 C:/Users/Mugahed/Desktop/MyMetier/vendor/laravel/framework/src/Illuminate/Http/Middleware/ValidatePostSize.php(27): Illuminate/Pipeline/Pipeline->{closure:{closure:Illuminate/Pipeline/Pipeline::carry():194}:195}(Object(Illuminate/Http/Request))
#108 C:/Users/Mugahed/Desktop/MyMetier/vendor/laravel/framework/src/Illuminate/Pipeline/Pipeline.php(219): Illuminate/Http/Middleware/ValidatePostSize->handle(Object(Illuminate/Http/Request), Object(Closure))
#109 C:/Users/Mugahed/Desktop/MyMetier/vendor/laravel/framework/src/Illuminate/Foundation/Http/Middleware/PreventRequestsDuringMaintenance.php(109): Illuminate/Pipeline/Pipeline->{closure:{closure:Illuminate/Pipeline/Pipeline::carry():194}:195}(Object(Illuminate/Http/Request))
#110 C:/Users/Mugahed/Desktop/MyMetier/vendor/laravel/framework/src/Illuminate/Pipeline/Pipeline.php(219): Illuminate/Foundation/Http/Middleware/PreventRequestsDuringMaintenance->handle(Object(Illuminate/Http/Request), Object(Closure))
#111 C:/Users/Mugahed/Desktop/MyMetier/vendor/laravel/framework/src/Illuminate/Http/Middleware/HandleCors.php(61): Illuminate/Pipeline/Pipeline->{closure:{closure:Illuminate/Pipeline/Pipeline::carry():194}:195}(Object(Illuminate/Http/Request))
#112 C:/Users/Mugahed/Desktop/MyMetier/vendor/laravel/framework/src/Illuminate/Pipeline/Pipeline.php(219): Illuminate/Http/Middleware/HandleCors->handle(Object(Illuminate/Http/Request), Object(Closure))
#113 C:/Users/Mugahed/Desktop/MyMetier/vendor/laravel/framework/src/Illuminate/Http/Middleware/TrustProxies.php(58): Illuminate/Pipeline/Pipeline->{closure:{closure:Illuminate/Pipeline/Pipeline::carry():194}:195}(Object(Illuminate/Http/Request))
#114 C:/Users/Mugahed/Desktop/MyMetier/vendor/laravel/framework/src/Illuminate/Pipeline/Pipeline.php(219): Illuminate/Http/Middleware/TrustProxies->handle(Object(Illuminate/Http/Request), Object(Closure))
#115 C:/Users/Mugahed/Desktop/MyMetier/vendor/laravel/framework/src/Illuminate/Foundation/Http/Middleware/InvokeDeferredCallbacks.php(22): Illuminate/Pipeline/Pipeline->{closure:{closure:Illuminate/Pipeline/Pipeline::carry():194}:195}(Object(Illuminate/Http/Request))
#116 C:/Users/Mugahed/Desktop/MyMetier/vendor/laravel/framework/src/Illuminate/Pipeline/Pipeline.php(219): Illuminate/Foundation/Http/Middleware/InvokeDeferredCallbacks->handle(Object(Illuminate/Http/Request), Object(Closure))
#117 C:/Users/Mugahed/Desktop/MyMetier/vendor/laravel/framework/src/Illuminate/Http/Middleware/ValidatePathEncoding.php(28): Illuminate/Pipeline/Pipeline->{closure:{closure:Illuminate/Pipeline/Pipeline::carry():194}:195}(Object(Illuminate/Http/Request))
#118 C:/Users/Mugahed/Desktop/MyMetier/vendor/laravel/framework/src/Illuminate/Pipeline/Pipeline.php(219): Illuminate/Http/Middleware/ValidatePathEncoding->handle(Object(Illuminate/Http/Request), Object(Closure))
#119 C:/Users/Mugahed/Desktop/MyMetier/vendor/laravel/framework/src/Illuminate/Pipeline/Pipeline.php(137): Illuminate/Pipeline/Pipeline->{closure:{closure:Illuminate/Pipeline/Pipeline::carry():194}:195}(Object(Illuminate/Http/Request))
#120 C:/Users/Mugahed/Desktop/MyMetier/vendor/laravel/framework/src/Illuminate/Foundation/Http/Kernel.php(175): Illuminate/Pipeline/Pipeline->then(Object(Closure))
#121 C:/Users/Mugahed/Desktop/MyMetier/vendor/laravel/framework/src/Illuminate/Foundation/Http/Kernel.php(144): Illuminate/Foundation/Http/Kernel->sendRequestThroughRouter(Object(Illuminate/Http/Request))
#122 C:/Users/Mugahed/Desktop/MyMetier/vendor/laravel/framework/src/Illuminate/Foundation/Application.php(1220): Illuminate/Foundation/Http/Kernel->handle(Object(Illuminate/Http/Request))
#123 C:/Users/Mugahed/Desktop/MyMetier/public/index.php(20): Illuminate/Foundation/Application->handleRequest(Object(Illuminate/Http/Request))
#124 C:/Program Files/Herd/resources/app.asar.unpacked/resources/valet/server.php(139): require('C://Users//Mugahe...')
#125 {main}
"} 
[2026-03-27 06:33:01] local.DEBUG: REQUEST TIME {"url":"http://mymetier.test/dashboard","time_ms":45.97,"memory_mb":10.0} 
[2026-03-27 06:33:07] local.DEBUG: REQUEST TIME {"url":"http://mymetier.test/search","time_ms":37.32,"memory_mb":10.0} 
[2026-03-27 06:33:10] local.DEBUG: REQUEST TIME {"url":"http://mymetier.test","time_ms":51.19,"memory_mb":10.0} 
[2026-03-27 06:33:16] local.DEBUG: REQUEST TIME {"url":"http://mymetier.test/search","time_ms":33.04,"memory_mb":10.0} 
[2026-03-27 06:33:17] local.DEBUG: REQUEST TIME {"url":"http://mymetier.test/requests","time_ms":42.28,"memory_mb":10.0} 
[2026-03-27 06:33:21] local.DEBUG: REQUEST TIME {"url":"http://mymetier.test/dashboard","time_ms":39.3,"memory_mb":10.0} 
[2026-03-27 06:35:12] local.DEBUG: REQUEST TIME {"url":"http://mymetier.test/dashboard","time_ms":27875.6,"memory_mb":10.0} 
[2026-03-27 06:35:12] local.WARNING: SLOW REQUEST ALERT {"url":"http://mymetier.test/dashboard","time_ms":27875.6,"memory_mb":10.0} 
[2026-03-27 06:35:14] local.DEBUG: REQUEST TIME {"url":"http://mymetier.test","time_ms":1190.85,"memory_mb":10.0} 
[2026-03-27 06:35:14] local.WARNING: SLOW REQUEST ALERT {"url":"http://mymetier.test","time_ms":1190.85,"memory_mb":10.0} 
[2026-03-27 06:35:15] local.DEBUG: REQUEST TIME {"url":"http://mymetier.test","time_ms":14.84,"memory_mb":10.0} 
[2026-03-27 06:35:18] local.DEBUG: REQUEST TIME {"url":"http://mymetier.test","time_ms":27.76,"memory_mb":10.0} 
[2026-03-27 06:35:22] local.DEBUG: REQUEST TIME {"url":"http://mymetier.test/dashboard","time_ms":66.17,"memory_mb":10.0} 
[2026-03-27 06:36:11] local.DEBUG: REQUEST TIME {"url":"http://mymetier.test/livewire-f00c2fb8/update","time_ms":105.01,"memory_mb":12.0} 
[2026-03-27 06:43:45] local.DEBUG: REQUEST TIME {"url":"http://mymetier.test/login","time_ms":255.42,"memory_mb":10.0} 
[2026-03-27 06:44:05] local.DEBUG: REQUEST TIME {"url":"http://mymetier.test/livewire-f00c2fb8/update","time_ms":244.99,"memory_mb":10.0} 
[2026-03-27 06:44:11] local.DEBUG: REQUEST TIME {"url":"http://mymetier.test/livewire-f00c2fb8/update","time_ms":215.52,"memory_mb":8.0} 
[2026-03-27 06:44:15] local.DEBUG: REQUEST TIME {"url":"http://mymetier.test/register","time_ms":212.6,"memory_mb":10.0} 
[2026-03-27 06:44:49] local.DEBUG: REQUEST TIME {"url":"http://mymetier.test/livewire-f00c2fb8/update","time_ms":351.05,"memory_mb":8.0} 
[2026-03-27 06:44:50] local.DEBUG: REQUEST TIME {"url":"http://mymetier.test","time_ms":65.5,"memory_mb":10.0} 
[2026-03-27 06:44:55] local.DEBUG: REQUEST TIME {"url":"http://mymetier.test/requests","time_ms":480.93,"memory_mb":10.0} 
[2026-03-27 06:44:55] local.DEBUG: REQUEST TIME {"url":"http://mymetier.test/search","time_ms":1638.79,"memory_mb":10.0} 
[2026-03-27 06:44:55] local.WARNING: SLOW REQUEST ALERT {"url":"http://mymetier.test/search","time_ms":1638.79,"memory_mb":10.0} 
[2026-03-27 06:45:00] local.DEBUG: REQUEST TIME {"url":"http://mymetier.test/dashboard","time_ms":42.55,"memory_mb":10.0} 
[2026-03-27 06:45:07] local.DEBUG: REQUEST TIME {"url":"http://mymetier.test/upgrade","time_ms":1507.88,"memory_mb":10.0} 
[2026-03-27 06:45:07] local.WARNING: SLOW REQUEST ALERT {"url":"http://mymetier.test/upgrade","time_ms":1507.88,"memory_mb":10.0} 
[2026-03-27 06:45:10] local.DEBUG: REQUEST TIME {"url":"http://mymetier.test/livewire-f00c2fb8/update","time_ms":21.56,"memory_mb":10.0} 
[2026-03-27 06:45:26] local.DEBUG: REQUEST TIME {"url":"http://mymetier.test/dashboard","time_ms":50.1,"memory_mb":10.0} 
[2026-03-27 06:45:30] local.DEBUG: REQUEST TIME {"url":"http://mymetier.test/upgrade","time_ms":39.78,"memory_mb":10.0} 
[2026-03-27 06:45:50] local.DEBUG: REQUEST TIME {"url":"http://mymetier.test/dashboard","time_ms":42.48,"memory_mb":10.0} 
[2026-03-27 06:45:57] local.DEBUG: REQUEST TIME {"url":"http://mymetier.test/upgrade","time_ms":42.79,"memory_mb":10.0} 
[2026-03-27 06:47:36] local.DEBUG: REQUEST TIME {"url":"http://mymetier.test/livewire-f00c2fb8/update","time_ms":34.68,"memory_mb":10.0} 
[2026-03-27 06:49:18] local.DEBUG: REQUEST TIME {"url":"http://mymetier.test/livewire-f00c2fb8/update","time_ms":18.65,"memory_mb":10.0} 
[2026-03-27 06:49:19] local.DEBUG: REQUEST TIME {"url":"http://mymetier.test/livewire-f00c2fb8/upload-file","time_ms":13.59,"memory_mb":18.0} 
[2026-03-27 06:49:19] local.DEBUG: REQUEST TIME {"url":"http://mymetier.test/livewire-f00c2fb8/update","time_ms":15.59,"memory_mb":10.0} 
[2026-03-27 06:49:22] local.DEBUG: REQUEST TIME {"url":"http://mymetier.test/livewire-f00c2fb8/update","time_ms":59.78,"memory_mb":18.0} 
[2026-03-27 06:49:23] local.DEBUG: REQUEST TIME {"url":"http://mymetier.test/pro-dashboard","time_ms":1685.22,"memory_mb":10.0} 
[2026-03-27 06:49:23] local.WARNING: SLOW REQUEST ALERT {"url":"http://mymetier.test/pro-dashboard","time_ms":1685.22,"memory_mb":10.0} 
[2026-03-27 06:49:28] local.DEBUG: REQUEST TIME {"url":"http://mymetier.test/livewire-f00c2fb8/update","time_ms":24.08,"memory_mb":10.0} 
[2026-03-27 06:49:35] local.DEBUG: REQUEST TIME {"url":"http://mymetier.test/livewire-f00c2fb8/update","time_ms":16.18,"memory_mb":10.0} 
[2026-03-27 06:49:35] local.DEBUG: REQUEST TIME {"url":"http://mymetier.test/livewire-f00c2fb8/upload-file","time_ms":21.74,"memory_mb":18.0} 
[2026-03-27 06:49:35] local.DEBUG: REQUEST TIME {"url":"http://mymetier.test/livewire-f00c2fb8/update","time_ms":24.77,"memory_mb":10.0} 
[2026-03-27 06:49:58] local.DEBUG: REQUEST TIME {"url":"http://mymetier.test/livewire-f00c2fb8/update","time_ms":46.3,"memory_mb":18.0} 
[2026-03-27 06:50:04] local.DEBUG: REQUEST TIME {"url":"http://mymetier.test/livewire-f00c2fb8/update","time_ms":18.75,"memory_mb":8.0} 
[2026-03-27 06:50:04] local.DEBUG: REQUEST TIME {"url":"http://mymetier.test/livewire-f00c2fb8/upload-file","time_ms":45.17,"memory_mb":8.0} 
[2026-03-27 06:50:04] local.DEBUG: REQUEST TIME {"url":"http://mymetier.test/livewire-f00c2fb8/update","time_ms":13.82,"memory_mb":10.0} 
[2026-03-27 06:50:13] local.DEBUG: REQUEST TIME {"url":"http://mymetier.test/livewire-f00c2fb8/update","time_ms":21.0,"memory_mb":8.0} 
[2026-03-27 06:50:13] local.DEBUG: REQUEST TIME {"url":"http://mymetier.test/livewire-f00c2fb8/upload-file","time_ms":10.64,"memory_mb":18.0} 
[2026-03-27 06:50:13] local.DEBUG: REQUEST TIME {"url":"http://mymetier.test/livewire-f00c2fb8/update","time_ms":17.13,"memory_mb":10.0} 
[2026-03-27 06:50:32] local.DEBUG: REQUEST TIME {"url":"http://mymetier.test/livewire-f00c2fb8/update","time_ms":38.12,"memory_mb":18.0} 
[2026-03-27 06:50:42] local.DEBUG: REQUEST TIME {"url":"http://mymetier.test/livewire-f00c2fb8/update","time_ms":9.74,"memory_mb":8.0} 
[2026-03-27 06:50:43] local.DEBUG: REQUEST TIME {"url":"http://mymetier.test/livewire-f00c2fb8/upload-file","time_ms":7.91,"memory_mb":18.0} 
[2026-03-27 06:50:43] local.DEBUG: REQUEST TIME {"url":"http://mymetier.test/livewire-f00c2fb8/update","time_ms":19.63,"memory_mb":10.0} 
[2026-03-27 06:51:03] local.DEBUG: REQUEST TIME {"url":"http://mymetier.test/livewire-f00c2fb8/update","time_ms":43.22,"memory_mb":18.0} 
[2026-03-27 06:51:21] local.DEBUG: REQUEST TIME {"url":"http://mymetier.test/livewire-f00c2fb8/update","time_ms":16.77,"memory_mb":8.0} 
[2026-03-27 06:51:21] local.DEBUG: REQUEST TIME {"url":"http://mymetier.test/livewire-f00c2fb8/upload-file","time_ms":15.45,"memory_mb":18.0} 
[2026-03-27 06:51:22] local.DEBUG: REQUEST TIME {"url":"http://mymetier.test/livewire-f00c2fb8/update","time_ms":20.43,"memory_mb":10.0} 
[2026-03-27 06:51:44] local.DEBUG: REQUEST TIME {"url":"http://mymetier.test/livewire-f00c2fb8/update","time_ms":43.77,"memory_mb":18.0} 
[2026-03-27 06:52:07] local.DEBUG: REQUEST TIME {"url":"http://mymetier.test/livewire-f00c2fb8/update","time_ms":20.71,"memory_mb":10.0} 
[2026-03-27 06:52:27] local.DEBUG: REQUEST TIME {"url":"http://mymetier.test/professionals/2","time_ms":90.03,"memory_mb":10.0} 
[2026-03-27 06:52:36] local.DEBUG: REQUEST TIME {"url":"http://mymetier.test/livewire-f00c2fb8/update","time_ms":31.24,"memory_mb":10.0} 
[2026-03-27 06:52:43] local.DEBUG: REQUEST TIME {"url":"http://mymetier.test","time_ms":17.88,"memory_mb":10.0} 
[2026-03-27 06:52:52] local.DEBUG: REQUEST TIME {"url":"http://mymetier.test/logout","time_ms":9.06,"memory_mb":10.0} 
[2026-03-27 06:52:52] local.DEBUG: REQUEST TIME {"url":"http://mymetier.test","time_ms":28.79,"memory_mb":8.0} 
[2026-03-27 06:52:55] local.DEBUG: REQUEST TIME {"url":"http://mymetier.test/login","time_ms":41.6,"memory_mb":10.0} 
[2026-03-27 06:53:11] local.DEBUG: REQUEST TIME {"url":"http://mymetier.test/livewire-f00c2fb8/update","time_ms":325.82,"memory_mb":8.0} 
[2026-03-27 06:53:12] local.DEBUG: REQUEST TIME {"url":"http://mymetier.test","time_ms":15.07,"memory_mb":10.0} 
[2026-03-27 06:53:18] local.DEBUG: REQUEST TIME {"url":"http://mymetier.test/dashboard","time_ms":46.26,"memory_mb":10.0} 
[2026-03-27 06:53:37] local.DEBUG: REQUEST TIME {"url":"http://mymetier.test/admin/identity-document","time_ms":58.24,"memory_mb":18.0} 
[2026-03-27 06:54:15] local.DEBUG: REQUEST TIME {"url":"http://mymetier.test","time_ms":11.42,"memory_mb":8.0} 
[2026-03-27 06:54:19] local.DEBUG: REQUEST TIME {"url":"http://mymetier.test/login","time_ms":44.0,"memory_mb":10.0} 
[2026-03-27 06:54:34] local.DEBUG: REQUEST TIME {"url":"http://mymetier.test/livewire-f00c2fb8/update","time_ms":325.25,"memory_mb":8.0} 
[2026-03-27 06:54:34] local.DEBUG: REQUEST TIME {"url":"http://mymetier.test","time_ms":11.58,"memory_mb":10.0} 
[2026-03-27 06:54:48] local.DEBUG: REQUEST TIME {"url":"http://mymetier.test/dashboard","time_ms":40.59,"memory_mb":10.0} 
[2026-03-27 06:55:29] local.DEBUG: REQUEST TIME {"url":"http://mymetier.test/admin/identity-document","time_ms":5.68,"memory_mb":18.0} 
[2026-03-27 06:57:40] local.DEBUG: REQUEST TIME {"url":"http://mymetier.test/livewire-f00c2fb8/update","time_ms":1417.5,"memory_mb":10.0} 
[2026-03-27 06:57:40] local.WARNING: SLOW REQUEST ALERT {"url":"http://mymetier.test/livewire-f00c2fb8/update","time_ms":1417.5,"memory_mb":10.0} 
[2026-03-27 06:57:42] local.DEBUG: REQUEST TIME {"url":"http://mymetier.test/livewire-f00c2fb8/update","time_ms":152.33,"memory_mb":10.0} 
[2026-03-27 06:58:12] local.DEBUG: REQUEST TIME {"url":"http://mymetier.test/livewire-f00c2fb8/update","time_ms":301.61,"memory_mb":10.0} 
[2026-03-27 06:58:43] local.DEBUG: REQUEST TIME {"url":"http://mymetier.test/livewire-f00c2fb8/update","time_ms":60.03,"memory_mb":10.0} 
[2026-03-27 06:59:18] local.DEBUG: REQUEST TIME {"url":"http://mymetier.test/dashboard","time_ms":43.43,"memory_mb":10.0} 
[2026-03-27 06:59:22] local.DEBUG: REQUEST TIME {"url":"http://mymetier.test/search","time_ms":34.49,"memory_mb":10.0} 
[2026-03-27 06:59:29] local.DEBUG: REQUEST TIME {"url":"http://mymetier.test/professionals/2","time_ms":1243.68,"memory_mb":10.0} 
[2026-03-27 06:59:29] local.WARNING: SLOW REQUEST ALERT {"url":"http://mymetier.test/professionals/2","time_ms":1243.68,"memory_mb":10.0} 
[2026-03-27 07:00:12] local.DEBUG: REQUEST TIME {"url":"http://mymetier.test/livewire-f00c2fb8/update","time_ms":23.47,"memory_mb":10.0} 
[2026-03-27 07:00:14] local.DEBUG: REQUEST TIME {"url":"http://mymetier.test/livewire-f00c2fb8/update","time_ms":42.73,"memory_mb":10.0} 
[2026-03-27 07:00:48] local.DEBUG: REQUEST TIME {"url":"http://mymetier.test/search","time_ms":41.87,"memory_mb":10.0} 
[2026-03-27 07:00:54] local.DEBUG: REQUEST TIME {"url":"http://mymetier.test/professionals/2","time_ms":79.58,"memory_mb":10.0} 
[2026-03-27 07:00:57] local.DEBUG: REQUEST TIME {"url":"http://mymetier.test/livewire-f00c2fb8/update","time_ms":32.18,"memory_mb":10.0} 
[2026-03-27 07:03:04] local.DEBUG: REQUEST TIME {"url":"http://mymetier.test/search","time_ms":78.31,"memory_mb":10.0} 
[2026-03-27 07:03:07] local.DEBUG: REQUEST TIME {"url":"http://mymetier.test/professionals/1","time_ms":71.19,"memory_mb":10.0} 
[2026-03-27 07:03:10] local.DEBUG: REQUEST TIME {"url":"http://mymetier.test/search","time_ms":48.03,"memory_mb":10.0} 
[2026-03-27 07:03:16] local.DEBUG: REQUEST TIME {"url":"http://mymetier.test","time_ms":61.62,"memory_mb":10.0} 
[2026-03-27 07:03:18] local.DEBUG: REQUEST TIME {"url":"http://mymetier.test/livewire-f00c2fb8/update","time_ms":10.52,"memory_mb":8.0} 
[2026-03-27 07:03:18] local.DEBUG: REQUEST TIME {"url":"http://mymetier.test/search","time_ms":34.86,"memory_mb":10.0} 
[2026-03-27 07:03:21] local.DEBUG: REQUEST TIME {"url":"http://mymetier.test/professionals/2","time_ms":75.64,"memory_mb":10.0} 
[2026-03-27 07:08:59] local.DEBUG: REQUEST TIME {"url":"http://mymetier.test/search","time_ms":41.52,"memory_mb":10.0} 
[2026-03-27 07:09:03] local.DEBUG: REQUEST TIME {"url":"http://mymetier.test/professionals/1","time_ms":78.25,"memory_mb":10.0} 
[2026-03-27 22:39:11] local.WARNING: SLOW QUERY {"sql":"delete from \"cache\"","time":105.15} 
[2026-03-27 22:39:55] local.ERROR: rename(C:\Users\Mugahed\Desktop\MyMetier\storage\framework\views\494D7DE.tmp,C:\Users\Mugahed\Desktop\MyMetier\storage\framework\views/4943bc92ebba41e8b0e508149542e0ad.blade.php): Access is denied (code: 5) {"user_id":null,"url":"http://mymetier.test","exception":"[object] (ErrorException(code: 0): rename(C:\\Users\\Mugahed\\Desktop\\MyMetier\\storage\\framework\\views\\494D7DE.tmp,C:\\Users\\Mugahed\\Desktop\\MyMetier\\storage\\framework\\views/4943bc92ebba41e8b0e508149542e0ad.blade.php): Access is denied (code: 5) at C:/Users/Mugahed/Desktop/MyMetier/vendor/laravel/framework/src/Illuminate/Filesystem/Filesystem.php:233)
[stacktrace]
#0 C:/Users/Mugahed/Desktop/MyMetier/vendor/laravel/framework/src/Illuminate/Foundation/Bootstrap/HandleExceptions.php(258): Illuminate/Foundation/Bootstrap/HandleExceptions->handleError(2, 'rename(C://Users...', 'C://Users//Mugahe...', 233)
#1 [internal function]: Illuminate/Foundation/Bootstrap/HandleExceptions->{closure:Illuminate/Foundation/Bootstrap/HandleExceptions::forwardsTo():257}(2, 'rename(C://Users...', 'C://Users//Mugahe...', 233)
#2 C:/Users/Mugahed/Desktop/MyMetier/vendor/laravel/framework/src/Illuminate/Filesystem/Filesystem.php(233): rename('C://Users//Mugahe...', 'C://Users//Mugahe...')
#3 C:/Users/Mugahed/Desktop/MyMetier/vendor/laravel/framework/src/Illuminate/View/Component.php(210): Illuminate/Filesystem/Filesystem->replace('C://Users//Mugahe...', '    <?php $layo...')
#4 C:/Users/Mugahed/Desktop/MyMetier/vendor/laravel/framework/src/Illuminate/View/Component.php(186): Illuminate/View/Component->createBladeViewFromString(Object(Illuminate/View/Factory), '    <?php $layo...')
#5 C:/Users/Mugahed/Desktop/MyMetier/vendor/laravel/framework/src/Illuminate/View/Component.php(159): Illuminate/View/Component->extractBladeViewFromString('    <?php $layo...')
#6 C:/Users/Mugahed/Desktop/MyMetier/vendor/laravel/framework/src/Illuminate/View/Component.php(165): Illuminate/View/Component->{closure:Illuminate/View/Component::resolveView():154}('    <?php $layo...')
#7 C:/Users/Mugahed/Desktop/MyMetier/vendor/laravel/framework/src/Illuminate/View/Compilers/BladeCompiler.php(351): Illuminate/View/Component->resolveView()
#8 C:/Users/Mugahed/Desktop/MyMetier/vendor/laravel/framework/src/Illuminate/Support/Facades/Facade.php(363): Illuminate/View/Compilers/BladeCompiler::render('    <?php $layo...', Array)
#9 C:/Users/Mugahed/Desktop/MyMetier/vendor/livewire/livewire/src/Features/SupportPageComponents/SupportPageComponents.php(154): Illuminate/Support/Facades/Facade::__callStatic('render', Array)
#10 C:/Users/Mugahed/Desktop/MyMetier/vendor/livewire/livewire/src/Features/SupportPageComponents/HandlesPageComponents.php(26): Livewire/Features/SupportPageComponents/SupportPageComponents::renderContentsIntoLayout('<div wire:snaps...', Object(Livewire/Features/SupportPageComponents/PageComponentConfig))
#11 C:/Users/Mugahed/Desktop/MyMetier/vendor/laravel/framework/src/Illuminate/Routing/ControllerDispatcher.php(46): Livewire/Component->__invoke()
#12 C:/Users/Mugahed/Desktop/MyMetier/vendor/laravel/framework/src/Illuminate/Routing/Route.php(269): Illuminate/Routing/ControllerDispatcher->dispatch(Object(Illuminate/Routing/Route), Object(App/Livewire/HomePage), '__invoke')
#13 C:/Users/Mugahed/Desktop/MyMetier/vendor/laravel/framework/src/Illuminate/Routing/Route.php(215): Illuminate/Routing/Route->runController()
#14 C:/Users/Mugahed/Desktop/MyMetier/vendor/laravel/framework/src/Illuminate/Routing/Router.php(822): Illuminate/Routing/Route->run()
#15 C:/Users/Mugahed/Desktop/MyMetier/vendor/laravel/framework/src/Illuminate/Pipeline/Pipeline.php(180): Illuminate/Routing/Router->{closure:Illuminate/Routing/Router::runRouteWithinStack():821}(Object(Illuminate/Http/Request))
#16 C:/Users/Mugahed/Desktop/MyMetier/app/Http/Middleware/EnsureAccountIsActive.php(29): Illuminate/Pipeline/Pipeline->{closure:Illuminate/Pipeline/Pipeline::prepareDestination():178}(Object(Illuminate/Http/Request))
#17 C:/Users/Mugahed/Desktop/MyMetier/vendor/laravel/framework/src/Illuminate/Pipeline/Pipeline.php(219): App/Http/Middleware/EnsureAccountIsActive->handle(Object(Illuminate/Http/Request), Object(Closure))
#18 C:/Users/Mugahed/Desktop/MyMetier/app/Http/Middleware/LogResponseTime.php(20): Illuminate/Pipeline/Pipeline->{closure:{closure:Illuminate/Pipeline/Pipeline::carry():194}:195}(Object(Illuminate/Http/Request))
#19 C:/Users/Mugahed/Desktop/MyMetier/vendor/laravel/framework/src/Illuminate/Pipeline/Pipeline.php(219): App/Http/Middleware/LogResponseTime->handle(Object(Illuminate/Http/Request), Object(Closure))
#20 C:/Users/Mugahed/Desktop/MyMetier/app/Http/Middleware/RegenerateSessionAfterLogin.php(25): Illuminate/Pipeline/Pipeline->{closure:{closure:Illuminate/Pipeline/Pipeline::carry():194}:195}(Object(Illuminate/Http/Request))
#21 C:/Users/Mugahed/Desktop/MyMetier/vendor/laravel/framework/src/Illuminate/Pipeline/Pipeline.php(219): App/Http/Middleware/RegenerateSessionAfterLogin->handle(Object(Illuminate/Http/Request), Object(Closure))
#22 C:/Users/Mugahed/Desktop/MyMetier/vendor/laravel/framework/src/Illuminate/Routing/Middleware/SubstituteBindings.php(52): Illuminate/Pipeline/Pipeline->{closure:{closure:Illuminate/Pipeline/Pipeline::carry():194}:195}(Object(Illuminate/Http/Request))
#23 C:/Users/Mugahed/Desktop/MyMetier/vendor/laravel/framework/src/Illuminate/Pipeline/Pipeline.php(219): Illuminate/Routing/Middleware/SubstituteBindings->handle(Object(Illuminate/Http/Request), Object(Closure))
#24 C:/Users/Mugahed/Desktop/MyMetier/vendor/laravel/framework/src/Illuminate/Foundation/Http/Middleware/PreventRequestForgery.php(104): Illuminate/Pipeline/Pipeline->{closure:{closure:Illuminate/Pipeline/Pipeline::carry():194}:195}(Object(Illuminate/Http/Request))
#25 C:/Users/Mugahed/Desktop/MyMetier/vendor/laravel/framework/src/Illuminate/Pipeline/Pipeline.php(219): Illuminate/Foundation/Http/Middleware/PreventRequestForgery->handle(Object(Illuminate/Http/Request), Object(Closure))
#26 C:/Users/Mugahed/Desktop/MyMetier/vendor/laravel/framework/src/Illuminate/View/Middleware/ShareErrorsFromSession.php(48): Illuminate/Pipeline/Pipeline->{closure:{closure:Illuminate/Pipeline/Pipeline::carry():194}:195}(Object(Illuminate/Http/Request))
#27 C:/Users/Mugahed/Desktop/MyMetier/vendor/laravel/framework/src/Illuminate/Pipeline/Pipeline.php(219): Illuminate/View/Middleware/ShareErrorsFromSession->handle(Object(Illuminate/Http/Request), Object(Closure))
#28 C:/Users/Mugahed/Desktop/MyMetier/vendor/laravel/framework/src/Illuminate/Session/Middleware/StartSession.php(120): Illuminate/Pipeline/Pipeline->{closure:{closure:Illuminate/Pipeline/Pipeline::carry():194}:195}(Object(Illuminate/Http/Request))
#29 C:/Users/Mugahed/Desktop/MyMetier/vendor/laravel/framework/src/Illuminate/Session/Middleware/StartSession.php(63): Illuminate/Session/Middleware/StartSession->handleStatefulRequest(Object(Illuminate/Http/Request), Object(Illuminate/Session/Store), Object(Closure))
#30 C:/Users/Mugahed/Desktop/MyMetier/vendor/laravel/framework/src/Illuminate/Pipeline/Pipeline.php(219): Illuminate/Session/Middleware/StartSession->handle(Object(Illuminate/Http/Request), Object(Closure))
#31 C:/Users/Mugahed/Desktop/MyMetier/vendor/laravel/framework/src/Illuminate/Cookie/Middleware/AddQueuedCookiesToResponse.php(36): Illuminate/Pipeline/Pipeline->{closure:{closure:Illuminate/Pipeline/Pipeline::carry():194}:195}(Object(Illuminate/Http/Request))
#32 C:/Users/Mugahed/Desktop/MyMetier/vendor/laravel/framework/src/Illuminate/Pipeline/Pipeline.php(219): Illuminate/Cookie/Middleware/AddQueuedCookiesToResponse->handle(Object(Illuminate/Http/Request), Object(Closure))
#33 C:/Users/Mugahed/Desktop/MyMetier/vendor/laravel/framework/src/Illuminate/Cookie/Middleware/EncryptCookies.php(74): Illuminate/Pipeline/Pipeline->{closure:{closure:Illuminate/Pipeline/Pipeline::carry():194}:195}(Object(Illuminate/Http/Request))
#34 C:/Users/Mugahed/Desktop/MyMetier/vendor/laravel/framework/src/Illuminate/Pipeline/Pipeline.php(219): Illuminate/Cookie/Middleware/EncryptCookies->handle(Object(Illuminate/Http/Request), Object(Closure))
#35 C:/Users/Mugahed/Desktop/MyMetier/vendor/laravel/framework/src/Illuminate/Pipeline/Pipeline.php(137): Illuminate/Pipeline/Pipeline->{closure:{closure:Illuminate/Pipeline/Pipeline::carry():194}:195}(Object(Illuminate/Http/Request))
#36 C:/Users/Mugahed/Desktop/MyMetier/vendor/laravel/framework/src/Illuminate/Routing/Router.php(821): Illuminate/Pipeline/Pipeline->then(Object(Closure))
#37 C:/Users/Mugahed/Desktop/MyMetier/vendor/laravel/framework/src/Illuminate/Routing/Router.php(800): Illuminate/Routing/Router->runRouteWithinStack(Object(Illuminate/Routing/Route), Object(Illuminate/Http/Request))
#38 C:/Users/Mugahed/Desktop/MyMetier/vendor/laravel/framework/src/Illuminate/Routing/Router.php(764): Illuminate/Routing/Router->runRoute(Object(Illuminate/Http/Request), Object(Illuminate/Routing/Route))
#39 C:/Users/Mugahed/Desktop/MyMetier/vendor/laravel/framework/src/Illuminate/Routing/Router.php(753): Illuminate/Routing/Router->dispatchToRoute(Object(Illuminate/Http/Request))
#40 C:/Users/Mugahed/Desktop/MyMetier/vendor/laravel/framework/src/Illuminate/Foundation/Http/Kernel.php(200): Illuminate/Routing/Router->dispatch(Object(Illuminate/Http/Request))
#41 C:/Users/Mugahed/Desktop/MyMetier/vendor/laravel/framework/src/Illuminate/Pipeline/Pipeline.php(180): Illuminate/Foundation/Http/Kernel->{closure:Illuminate/Foundation/Http/Kernel::dispatchToRouter():197}(Object(Illuminate/Http/Request))
#42 C:/Users/Mugahed/Desktop/MyMetier/vendor/livewire/livewire/src/Features/SupportDisablingBackButtonCache/DisableBackButtonCacheMiddleware.php(19): Illuminate/Pipeline/Pipeline->{closure:Illuminate/Pipeline/Pipeline::prepareDestination():178}(Object(Illuminate/Http/Request))
#43 C:/Users/Mugahed/Desktop/MyMetier/vendor/laravel/framework/src/Illuminate/Pipeline/Pipeline.php(219): Livewire/Features/SupportDisablingBackButtonCache/DisableBackButtonCacheMiddleware->handle(Object(Illuminate/Http/Request), Object(Closure))
#44 C:/Users/Mugahed/Desktop/MyMetier/vendor/laravel/framework/src/Illuminate/Foundation/Http/Middleware/TransformsRequest.php(21): Illuminate/Pipeline/Pipeline->{closure:{closure:Illuminate/Pipeline/Pipeline::carry():194}:195}(Object(Illuminate/Http/Request))
#45 C:/Users/Mugahed/Desktop/MyMetier/vendor/laravel/framework/src/Illuminate/Foundation/Http/Middleware/ConvertEmptyStringsToNull.php(31): Illuminate/Foundation/Http/Middleware/TransformsRequest->handle(Object(Illuminate/Http/Request), Object(Closure))
#46 C:/Users/Mugahed/Desktop/MyMetier/vendor/laravel/framework/src/Illuminate/Pipeline/Pipeline.php(219): Illuminate/Foundation/Http/Middleware/ConvertEmptyStringsToNull->handle(Object(Illuminate/Http/Request), Object(Closure))
#47 C:/Users/Mugahed/Desktop/MyMetier/vendor/laravel/framework/src/Illuminate/Foundation/Http/Middleware/TransformsRequest.php(21): Illuminate/Pipeline/Pipeline->{closure:{closure:Illuminate/Pipeline/Pipeline::carry():194}:195}(Object(Illuminate/Http/Request))
#48 C:/Users/Mugahed/Desktop/MyMetier/vendor/laravel/framework/src/Illuminate/Foundation/Http/Middleware/TrimStrings.php(51): Illuminate/Foundation/Http/Middleware/TransformsRequest->handle(Object(Illuminate/Http/Request), Object(Closure))
#49 C:/Users/Mugahed/Desktop/MyMetier/vendor/laravel/framework/src/Illuminate/Pipeline/Pipeline.php(219): Illuminate/Foundation/Http/Middleware/TrimStrings->handle(Object(Illuminate/Http/Request), Object(Closure))
#50 C:/Users/Mugahed/Desktop/MyMetier/vendor/laravel/framework/src/Illuminate/Http/Middleware/ValidatePostSize.php(27): Illuminate/Pipeline/Pipeline->{closure:{closure:Illuminate/Pipeline/Pipeline::carry():194}:195}(Object(Illuminate/Http/Request))
#51 C:/Users/Mugahed/Desktop/MyMetier/vendor/laravel/framework/src/Illuminate/Pipeline/Pipeline.php(219): Illuminate/Http/Middleware/ValidatePostSize->handle(Object(Illuminate/Http/Request), Object(Closure))
#52 C:/Users/Mugahed/Desktop/MyMetier/vendor/laravel/framework/src/Illuminate/Foundation/Http/Middleware/PreventRequestsDuringMaintenance.php(109): Illuminate/Pipeline/Pipeline->{closure:{closure:Illuminate/Pipeline/Pipeline::carry():194}:195}(Object(Illuminate/Http/Request))
#53 C:/Users/Mugahed/Desktop/MyMetier/vendor/laravel/framework/src/Illuminate/Pipeline/Pipeline.php(219): Illuminate/Foundation/Http/Middleware/PreventRequestsDuringMaintenance->handle(Object(Illuminate/Http/Request), Object(Closure))
#54 C:/Users/Mugahed/Desktop/MyMetier/vendor/laravel/framework/src/Illuminate/Http/Middleware/HandleCors.php(61): Illuminate/Pipeline/Pipeline->{closure:{closure:Illuminate/Pipeline/Pipeline::carry():194}:195}(Object(Illuminate/Http/Request))
#55 C:/Users/Mugahed/Desktop/MyMetier/vendor/laravel/framework/src/Illuminate/Pipeline/Pipeline.php(219): Illuminate/Http/Middleware/HandleCors->handle(Object(Illuminate/Http/Request), Object(Closure))
#56 C:/Users/Mugahed/Desktop/MyMetier/vendor/laravel/framework/src/Illuminate/Http/Middleware/TrustProxies.php(58): Illuminate/Pipeline/Pipeline->{closure:{closure:Illuminate/Pipeline/Pipeline::carry():194}:195}(Object(Illuminate/Http/Request))
#57 C:/Users/Mugahed/Desktop/MyMetier/vendor/laravel/framework/src/Illuminate/Pipeline/Pipeline.php(219): Illuminate/Http/Middleware/TrustProxies->handle(Object(Illuminate/Http/Request), Object(Closure))
#58 C:/Users/Mugahed/Desktop/MyMetier/vendor/laravel/framework/src/Illuminate/Foundation/Http/Middleware/InvokeDeferredCallbacks.php(22): Illuminate/Pipeline/Pipeline->{closure:{closure:Illuminate/Pipeline/Pipeline::carry():194}:195}(Object(Illuminate/Http/Request))
#59 C:/Users/Mugahed/Desktop/MyMetier/vendor/laravel/framework/src/Illuminate/Pipeline/Pipeline.php(219): Illuminate/Foundation/Http/Middleware/InvokeDeferredCallbacks->handle(Object(Illuminate/Http/Request), Object(Closure))
#60 C:/Users/Mugahed/Desktop/MyMetier/vendor/laravel/framework/src/Illuminate/Http/Middleware/ValidatePathEncoding.php(28): Illuminate/Pipeline/Pipeline->{closure:{closure:Illuminate/Pipeline/Pipeline::carry():194}:195}(Object(Illuminate/Http/Request))
#61 C:/Users/Mugahed/Desktop/MyMetier/vendor/laravel/framework/src/Illuminate/Pipeline/Pipeline.php(219): Illuminate/Http/Middleware/ValidatePathEncoding->handle(Object(Illuminate/Http/Request), Object(Closure))
#62 C:/Users/Mugahed/Desktop/MyMetier/vendor/laravel/framework/src/Illuminate/Pipeline/Pipeline.php(137): Illuminate/Pipeline/Pipeline->{closure:{closure:Illuminate/Pipeline/Pipeline::carry():194}:195}(Object(Illuminate/Http/Request))
#63 C:/Users/Mugahed/Desktop/MyMetier/vendor/laravel/framework/src/Illuminate/Foundation/Http/Kernel.php(175): Illuminate/Pipeline/Pipeline->then(Object(Closure))
#64 C:/Users/Mugahed/Desktop/MyMetier/vendor/laravel/framework/src/Illuminate/Foundation/Http/Kernel.php(144): Illuminate/Foundation/Http/Kernel->sendRequestThroughRouter(Object(Illuminate/Http/Request))
#65 C:/Users/Mugahed/Desktop/MyMetier/vendor/laravel/framework/src/Illuminate/Foundation/Application.php(1220): Illuminate/Foundation/Http/Kernel->handle(Object(Illuminate/Http/Request))
#66 C:/Users/Mugahed/Desktop/MyMetier/public/index.php(20): Illuminate/Foundation/Application->handleRequest(Object(Illuminate/Http/Request))
#67 C:/Program Files/Herd/resources/app.asar.unpacked/resources/valet/server.php(139): require('C://Users//Mugahe...')
#68 {main}
"} 
[2026-03-27 22:39:55] local.DEBUG: REQUEST TIME {"url":"http://mymetier.test","time_ms":4565.59,"memory_mb":20.0} 
[2026-03-27 22:39:55] local.WARNING: SLOW REQUEST ALERT {"url":"http://mymetier.test","time_ms":4565.59,"memory_mb":20.0} 
[2026-03-27 22:40:13] local.DEBUG: REQUEST TIME {"url":"http://mymetier.test","time_ms":21552.4,"memory_mb":16.0} 
[2026-03-27 22:40:13] local.WARNING: SLOW REQUEST ALERT {"url":"http://mymetier.test","time_ms":21552.4,"memory_mb":16.0} 
[2026-03-27 22:56:07] local.DEBUG: REQUEST TIME {"url":"http://mymetier.test","time_ms":1501.75,"memory_mb":10.0} 
[2026-03-27 22:56:07] local.WARNING: SLOW REQUEST ALERT {"url":"http://mymetier.test","time_ms":1501.75,"memory_mb":10.0} 
[2026-03-27 22:56:44] local.DEBUG: REQUEST TIME {"url":"http://mymetier.test","time_ms":74.19,"memory_mb":8.0} 
[2026-03-27 22:56:50] local.DEBUG: REQUEST TIME {"url":"http://mymetier.test/livewire-f00c2fb8/update","time_ms":179.72,"memory_mb":8.0} 
[2026-03-27 22:56:54] local.DEBUG: REQUEST TIME {"url":"http://mymetier.test/search","time_ms":3211.5,"memory_mb":10.0} 
[2026-03-27 22:56:54] local.WARNING: SLOW REQUEST ALERT {"url":"http://mymetier.test/search","time_ms":3211.5,"memory_mb":10.0} 
[2026-03-27 22:57:28] local.ERROR: Maximum execution time of 30 seconds exceeded {"user_id":null,"url":"http://mymetier.test/professionals/2","exception":"[object] (Symfony\\Component\\ErrorHandler\\Error\\FatalError(code: 0): Maximum execution time of 30 seconds exceeded at C:/Users/Mugahed/Desktop/MyMetier/storage/framework/views/49bead3f22a31db8cde183c4c305ec7b.php:1)
[stacktrace]
#0 {main}
"} 
[2026-03-27 22:57:30] local.DEBUG: REQUEST TIME {"url":"http://mymetier.test","time_ms":26.07,"memory_mb":8.0} 
[2026-03-27 22:57:32] local.DEBUG: REQUEST TIME {"url":"http://mymetier.test/livewire-f00c2fb8/update","time_ms":9.91,"memory_mb":8.0} 
[2026-03-27 22:57:33] local.DEBUG: REQUEST TIME {"url":"http://mymetier.test/search","time_ms":61.52,"memory_mb":10.0} 
[2026-03-27 22:57:35] local.DEBUG: REQUEST TIME {"url":"http://mymetier.test/login","time_ms":864.38,"memory_mb":10.0} 
[2026-03-27 22:57:35] local.WARNING: SLOW REQUEST ALERT {"url":"http://mymetier.test/login","time_ms":864.38,"memory_mb":10.0} 
[2026-03-27 22:57:57] local.DEBUG: REQUEST TIME {"url":"http://mymetier.test/livewire-f00c2fb8/update","time_ms":1231.43,"memory_mb":10.0} 
[2026-03-27 22:57:57] local.WARNING: SLOW REQUEST ALERT {"url":"http://mymetier.test/livewire-f00c2fb8/update","time_ms":1231.43,"memory_mb":10.0} 
[2026-03-27 22:57:57] local.DEBUG: REQUEST TIME {"url":"http://mymetier.test","time_ms":24.43,"memory_mb":10.0} 
[2026-03-27 22:58:02] local.DEBUG: REQUEST TIME {"url":"http://mymetier.test/livewire-f00c2fb8/update","time_ms":16.41,"memory_mb":8.0} 
[2026-03-27 22:58:02] local.DEBUG: REQUEST TIME {"url":"http://mymetier.test/search","time_ms":48.95,"memory_mb":10.0} 
[2026-03-27 22:58:05] local.DEBUG: REQUEST TIME {"url":"http://mymetier.test/professionals/2","time_ms":145.74,"memory_mb":10.0} 
[2026-03-27 22:58:20] local.DEBUG: REQUEST TIME {"url":"http://mymetier.test/search","time_ms":81.49,"memory_mb":10.0} 
[2026-03-27 22:58:35] local.DEBUG: REQUEST TIME {"url":"http://mymetier.test","time_ms":31.59,"memory_mb":10.0} 
[2026-03-27 22:58:44] local.DEBUG: REQUEST TIME {"url":"http://mymetier.test","time_ms":31.83,"memory_mb":10.0} 
[2026-03-27 22:58:48] local.DEBUG: REQUEST TIME {"url":"http://mymetier.test","time_ms":28.79,"memory_mb":10.0} 
[2026-03-27 22:58:53] local.DEBUG: REQUEST TIME {"url":"http://mymetier.test/search","time_ms":38.35,"memory_mb":10.0} 
[2026-03-27 22:58:56] local.DEBUG: REQUEST TIME {"url":"http://mymetier.test","time_ms":19.7,"memory_mb":10.0} 
[2026-03-27 22:58:58] local.DEBUG: REQUEST TIME {"url":"http://mymetier.test/search","time_ms":33.96,"memory_mb":10.0} 
[2026-03-27 22:59:01] local.DEBUG: REQUEST TIME {"url":"http://mymetier.test","time_ms":27.1,"memory_mb":10.0} 
[2026-03-27 22:59:01] local.DEBUG: REQUEST TIME {"url":"http://mymetier.test/login","time_ms":124.73,"memory_mb":8.0} 
[2026-03-27 22:59:03] local.DEBUG: REQUEST TIME {"url":"http://mymetier.test/dashboard","time_ms":1764.78,"memory_mb":10.0} 
[2026-03-27 22:59:03] local.WARNING: SLOW REQUEST ALERT {"url":"http://mymetier.test/dashboard","time_ms":1764.78,"memory_mb":10.0} 
[2026-03-27 23:06:23] local.DEBUG: REQUEST TIME {"url":"http://mymetier.test/search","time_ms":41.1,"memory_mb":10.0} 
[2026-03-27 23:07:11] local.DEBUG: REQUEST TIME {"url":"http://mymetier.test/logout","time_ms":80.87,"memory_mb":8.0} 
[2026-03-27 23:07:11] local.DEBUG: REQUEST TIME {"url":"http://mymetier.test","time_ms":60.4,"memory_mb":10.0} 
[2026-03-27 23:07:13] local.DEBUG: REQUEST TIME {"url":"http://mymetier.test/login","time_ms":43.12,"memory_mb":10.0} 
[2026-03-27 23:07:29] local.DEBUG: REQUEST TIME {"url":"http://mymetier.test/livewire-f00c2fb8/update","time_ms":325.89,"memory_mb":8.0} 
[2026-03-27 23:07:29] local.DEBUG: REQUEST TIME {"url":"http://mymetier.test","time_ms":13.72,"memory_mb":10.0} 
[2026-03-27 23:07:35] local.DEBUG: REQUEST TIME {"url":"http://mymetier.test/dashboard","time_ms":43.86,"memory_mb":10.0} 
[2026-03-27 23:07:41] local.DEBUG: REQUEST TIME {"url":"http://mymetier.test/pro-dashboard","time_ms":1419.46,"memory_mb":10.0} 
[2026-03-27 23:07:41] local.WARNING: SLOW REQUEST ALERT {"url":"http://mymetier.test/pro-dashboard","time_ms":1419.46,"memory_mb":10.0} 
[2026-03-27 23:07:56] local.DEBUG: REQUEST TIME {"url":"http://mymetier.test/dashboard","time_ms":45.46,"memory_mb":10.0} 
[2026-03-27 23:07:58] local.DEBUG: REQUEST TIME {"url":"http://mymetier.test","time_ms":11.6,"memory_mb":10.0} 
[2026-03-27 23:09:57] local.DEBUG: REQUEST TIME {"url":"http://mymetier.test/livewire-f00c2fb8/update","time_ms":13.44,"memory_mb":8.0} 
[2026-03-27 23:09:57] local.DEBUG: REQUEST TIME {"url":"http://mymetier.test/search","time_ms":35.53,"memory_mb":10.0} 
[2026-03-27 23:10:02] local.DEBUG: REQUEST TIME {"url":"http://mymetier.test/professionals/2","time_ms":80.1,"memory_mb":10.0} 
[2026-03-27 23:11:11] local.DEBUG: REQUEST TIME {"url":"http://mymetier.test/dashboard","time_ms":47.69,"memory_mb":10.0} 
[2026-03-27 23:14:42] local.DEBUG: REQUEST TIME {"url":"http://mymetier.test/search","time_ms":47.99,"memory_mb":10.0} 
[2026-03-27 23:14:44] local.DEBUG: REQUEST TIME {"url":"http://mymetier.test","time_ms":14.1,"memory_mb":10.0} 
[2026-03-27 23:14:44] local.DEBUG: REQUEST TIME {"url":"http://mymetier.test","time_ms":13.94,"memory_mb":10.0} 
[2026-03-27 23:22:15] local.DEBUG: REQUEST TIME {"url":"http://mymetier.test","time_ms":66.25,"memory_mb":10.0} 
[2026-03-27 23:22:21] local.DEBUG: REQUEST TIME {"url":"http://mymetier.test/requests","time_ms":601.98,"memory_mb":10.0} 
[2026-03-27 23:22:21] local.WARNING: SLOW REQUEST ALERT {"url":"http://mymetier.test/requests","time_ms":601.98,"memory_mb":10.0} 
[2026-03-27 23:22:36] local.DEBUG: REQUEST TIME {"url":"http://mymetier.test/settings/profile","time_ms":12102.38,"memory_mb":10.0} 
[2026-03-27 23:22:36] local.WARNING: SLOW REQUEST ALERT {"url":"http://mymetier.test/settings/profile","time_ms":12102.38,"memory_mb":10.0} 
[2026-03-27 23:31:46] local.DEBUG: REQUEST TIME {"url":"http://mymetier.test","time_ms":20.94,"memory_mb":10.0} 
[2026-03-27 23:31:49] local.DEBUG: REQUEST TIME {"url":"http://mymetier.test/dashboard","time_ms":49.01,"memory_mb":10.0} 
[2026-03-27 23:31:52] local.DEBUG: REQUEST TIME {"url":"http://mymetier.test/pro-dashboard","time_ms":43.5,"memory_mb":10.0} 
[2026-03-27 23:31:59] local.DEBUG: REQUEST TIME {"url":"http://mymetier.test/dashboard","time_ms":46.96,"memory_mb":10.0} 
[2026-03-27 23:32:07] local.DEBUG: REQUEST TIME {"url":"http://mymetier.test/search","time_ms":42.81,"memory_mb":10.0} 
[2026-03-27 23:32:11] local.DEBUG: REQUEST TIME {"url":"http://mymetier.test/logout","time_ms":11.46,"memory_mb":10.0} 
[2026-03-27 23:32:11] local.DEBUG: REQUEST TIME {"url":"http://mymetier.test","time_ms":13.42,"memory_mb":10.0} 
[2026-03-27 23:32:13] local.DEBUG: REQUEST TIME {"url":"http://mymetier.test/login","time_ms":36.51,"memory_mb":10.0} 
[2026-03-27 23:33:20] local.DEBUG: REQUEST TIME {"url":"http://mymetier.test/livewire-f00c2fb8/update","time_ms":336.66,"memory_mb":8.0} 
[2026-03-27 23:33:20] local.DEBUG: REQUEST TIME {"url":"http://mymetier.test","time_ms":56.77,"memory_mb":10.0} 
[2026-03-27 23:33:26] local.DEBUG: REQUEST TIME {"url":"http://mymetier.test/dashboard","time_ms":48.84,"memory_mb":10.0} 
[2026-03-27 23:36:01] local.DEBUG: REQUEST TIME {"url":"http://mymetier.test/livewire-f00c2fb8/update","time_ms":24.35,"memory_mb":10.0} 
[2026-03-27 23:36:03] local.DEBUG: REQUEST TIME {"url":"http://mymetier.test/livewire-f00c2fb8/update","time_ms":37.08,"memory_mb":10.0} 
[2026-03-27 23:36:32] local.DEBUG: REQUEST TIME {"url":"http://mymetier.test/livewire-f00c2fb8/update","time_ms":117.72,"memory_mb":10.0} 
[2026-03-27 23:36:35] local.DEBUG: REQUEST TIME {"url":"http://mymetier.test/livewire-f00c2fb8/update","time_ms":2910.2,"memory_mb":12.0} 
[2026-03-27 23:36:35] local.WARNING: SLOW REQUEST ALERT {"url":"http://mymetier.test/livewire-f00c2fb8/update","time_ms":2910.2,"memory_mb":12.0} 
[2026-03-27 23:36:35] local.DEBUG: REQUEST TIME {"url":"http://mymetier.test/livewire-f00c2fb8/update","time_ms":550.6,"memory_mb":12.0} 
[2026-03-27 23:36:35] local.WARNING: SLOW REQUEST ALERT {"url":"http://mymetier.test/livewire-f00c2fb8/update","time_ms":550.6,"memory_mb":12.0} 
[2026-03-27 23:36:40] local.DEBUG: REQUEST TIME {"url":"http://mymetier.test/livewire-f00c2fb8/update","time_ms":20.92,"memory_mb":10.0} 
[2026-03-27 23:36:41] local.DEBUG: REQUEST TIME {"url":"http://mymetier.test/livewire-f00c2fb8/update","time_ms":31.94,"memory_mb":10.0} 
[2026-03-27 23:36:42] local.DEBUG: REQUEST TIME {"url":"http://mymetier.test/livewire-f00c2fb8/update","time_ms":19.1,"memory_mb":12.0} 
[2026-03-27 23:36:48] local.DEBUG: REQUEST TIME {"url":"http://mymetier.test/livewire-f00c2fb8/update","time_ms":45.55,"memory_mb":10.0} 
[2026-03-27 23:36:48] local.DEBUG: REQUEST TIME {"url":"http://mymetier.test/livewire-f00c2fb8/update","time_ms":33.32,"memory_mb":10.0} 
[2026-03-27 23:36:54] local.DEBUG: REQUEST TIME {"url":"http://mymetier.test/livewire-f00c2fb8/update","time_ms":74.42,"memory_mb":12.0} 
[2026-03-27 23:36:54] local.DEBUG: REQUEST TIME {"url":"http://mymetier.test/livewire-f00c2fb8/update","time_ms":13.1,"memory_mb":12.0} 
[2026-03-27 23:36:55] local.DEBUG: REQUEST TIME {"url":"http://mymetier.test/livewire-f00c2fb8/update","time_ms":14.53,"memory_mb":12.0} 
[2026-03-27 23:37:31] local.DEBUG: REQUEST TIME {"url":"http://mymetier.test/livewire-f00c2fb8/update","time_ms":38.32,"memory_mb":10.0} 
[2026-03-27 23:38:09] local.DEBUG: REQUEST TIME {"url":"http://mymetier.test/livewire-f00c2fb8/update","time_ms":60.32,"memory_mb":10.0} 
[2026-03-27 23:38:11] local.DEBUG: REQUEST TIME {"url":"http://mymetier.test/livewire-f00c2fb8/update","time_ms":33.58,"memory_mb":10.0} 
[2026-03-27 23:38:11] local.DEBUG: REQUEST TIME {"url":"http://mymetier.test/livewire-f00c2fb8/update","time_ms":18.28,"memory_mb":12.0} 
[2026-03-27 23:38:12] local.DEBUG: REQUEST TIME {"url":"http://mymetier.test/livewire-f00c2fb8/update","time_ms":36.52,"memory_mb":10.0} 
[2026-03-27 23:38:12] local.DEBUG: REQUEST TIME {"url":"http://mymetier.test/livewire-f00c2fb8/update","time_ms":26.1,"memory_mb":12.0} 
[2026-03-27 23:38:16] local.DEBUG: REQUEST TIME {"url":"http://mymetier.test/livewire-f00c2fb8/update","time_ms":27.23,"memory_mb":12.0} 
[2026-03-27 23:38:18] local.DEBUG: REQUEST TIME {"url":"http://mymetier.test/livewire-f00c2fb8/update","time_ms":14.4,"memory_mb":12.0} 
[2026-03-27 23:38:18] local.DEBUG: REQUEST TIME {"url":"http://mymetier.test/livewire-f00c2fb8/update","time_ms":13.59,"memory_mb":10.0} 
[2026-03-27 23:38:50] local.DEBUG: REQUEST TIME {"url":"http://mymetier.test/livewire-f00c2fb8/update","time_ms":91.24,"memory_mb":10.0} 
[2026-03-27 23:38:50] local.DEBUG: REQUEST TIME {"url":"http://mymetier.test/livewire-f00c2fb8/update","time_ms":13.31,"memory_mb":12.0} 
[2026-03-27 23:38:57] local.DEBUG: REQUEST TIME {"url":"http://mymetier.test/livewire-f00c2fb8/update","time_ms":14.69,"memory_mb":12.0} 
[2026-03-27 23:40:14] local.DEBUG: REQUEST TIME {"url":"http://mymetier.test/livewire-f00c2fb8/update","time_ms":49.89,"memory_mb":10.0} 
[2026-03-27 23:40:14] local.DEBUG: REQUEST TIME {"url":"http://mymetier.test/livewire-f00c2fb8/update","time_ms":364.94,"memory_mb":10.0} 
[2026-03-27 23:40:24] local.DEBUG: REQUEST TIME {"url":"http://mymetier.test/livewire-f00c2fb8/update","time_ms":44.0,"memory_mb":10.0} 
[2026-03-27 23:41:42] local.DEBUG: REQUEST TIME {"url":"http://mymetier.test/livewire-f00c2fb8/update","time_ms":173.57,"memory_mb":12.0} 
[2026-03-27 23:41:42] local.DEBUG: REQUEST TIME {"url":"http://mymetier.test/livewire-f00c2fb8/update","time_ms":15.92,"memory_mb":12.0} 
[2026-03-27 23:41:49] local.DEBUG: REQUEST TIME {"url":"http://mymetier.test/livewire-f00c2fb8/update","time_ms":13.7,"memory_mb":12.0} 
[2026-03-27 23:41:55] local.DEBUG: REQUEST TIME {"url":"http://mymetier.test/livewire-f00c2fb8/update","time_ms":92.81,"memory_mb":12.0} 
[2026-03-27 23:41:55] local.DEBUG: REQUEST TIME {"url":"http://mymetier.test/livewire-f00c2fb8/update","time_ms":14.99,"memory_mb":12.0} 
[2026-03-27 23:41:58] local.DEBUG: REQUEST TIME {"url":"http://mymetier.test/livewire-f00c2fb8/update","time_ms":47.46,"memory_mb":10.0} 
[2026-03-27 23:42:15] local.DEBUG: REQUEST TIME {"url":"http://mymetier.test/livewire-f00c2fb8/update","time_ms":40.24,"memory_mb":10.0} 
[2026-03-27 23:42:24] local.DEBUG: REQUEST TIME {"url":"http://mymetier.test/livewire-f00c2fb8/update","time_ms":44.63,"memory_mb":10.0} 
[2026-03-27 23:42:52] local.DEBUG: REQUEST TIME {"url":"http://mymetier.test/livewire-f00c2fb8/update","time_ms":409.95,"memory_mb":12.0} 
[2026-03-27 23:42:53] local.DEBUG: REQUEST TIME {"url":"http://mymetier.test/livewire-f00c2fb8/update","time_ms":14.82,"memory_mb":12.0} 
[2026-03-27 23:42:59] local.DEBUG: REQUEST TIME {"url":"http://mymetier.test/livewire-f00c2fb8/update","time_ms":12.21,"memory_mb":10.0} 
[2026-03-27 23:43:07] local.DEBUG: REQUEST TIME {"url":"http://mymetier.test/livewire-f00c2fb8/update","time_ms":378.0,"memory_mb":12.0} 
[2026-03-27 23:43:07] local.DEBUG: REQUEST TIME {"url":"http://mymetier.test/livewire-f00c2fb8/update","time_ms":12.71,"memory_mb":12.0} 
[2026-03-27 23:43:10] local.DEBUG: REQUEST TIME {"url":"http://mymetier.test/livewire-f00c2fb8/update","time_ms":55.69,"memory_mb":10.0} 
[2026-03-27 23:48:07] local.DEBUG: REQUEST TIME {"url":"http://mymetier.test/livewire-f00c2fb8/update","time_ms":78.2,"memory_mb":12.0} 
[2026-03-27 23:48:12] local.DEBUG: REQUEST TIME {"url":"http://mymetier.test/livewire-f00c2fb8/update","time_ms":47.29,"memory_mb":12.0} 
[2026-03-27 23:48:15] local.DEBUG: REQUEST TIME {"url":"http://mymetier.test/livewire-f00c2fb8/update","time_ms":15.24,"memory_mb":10.0} 
[2026-03-27 23:48:15] local.DEBUG: REQUEST TIME {"url":"http://mymetier.test/livewire-f00c2fb8/update","time_ms":42.96,"memory_mb":10.0} 
[2026-03-27 23:49:16] local.DEBUG: REQUEST TIME {"url":"http://mymetier.test/livewire-f00c2fb8/update","time_ms":802.49,"memory_mb":10.0} 
[2026-03-27 23:49:16] local.WARNING: SLOW REQUEST ALERT {"url":"http://mymetier.test/livewire-f00c2fb8/update","time_ms":802.49,"memory_mb":10.0} 
[2026-03-27 23:50:14] local.DEBUG: REQUEST TIME {"url":"http://mymetier.test","time_ms":67.34,"memory_mb":10.0} 
[2026-03-27 23:50:27] local.DEBUG: REQUEST TIME {"url":"http://mymetier.test/login","time_ms":43.16,"memory_mb":10.0} 
[2026-03-27 23:50:46] local.DEBUG: REQUEST TIME {"url":"http://mymetier.test/livewire-f00c2fb8/update","time_ms":324.6,"memory_mb":10.0} 
[2026-03-27 23:50:47] local.DEBUG: REQUEST TIME {"url":"http://mymetier.test","time_ms":25.51,"memory_mb":10.0} 
[2026-03-27 23:50:53] local.DEBUG: REQUEST TIME {"url":"http://mymetier.test/dashboard","time_ms":50.57,"memory_mb":10.0} 
[2026-03-28 00:28:59] local.DEBUG: REQUEST TIME {"url":"http://mymetier.test","time_ms":1135.82,"memory_mb":10.0} 
[2026-03-28 00:28:59] local.WARNING: SLOW REQUEST ALERT {"url":"http://mymetier.test","time_ms":1135.82,"memory_mb":10.0} 
[2026-03-28 00:29:26] local.DEBUG: REQUEST TIME {"url":"http://mymetier.test/dashboard","time_ms":17721.58,"memory_mb":10.0} 
[2026-03-28 00:29:26] local.WARNING: SLOW REQUEST ALERT {"url":"http://mymetier.test/dashboard","time_ms":17721.58,"memory_mb":10.0} 
[2026-03-28 00:30:58] local.DEBUG: REQUEST TIME {"url":"http://mymetier.test","time_ms":1278.16,"memory_mb":10.0} 
[2026-03-28 00:30:58] local.WARNING: SLOW REQUEST ALERT {"url":"http://mymetier.test","time_ms":1278.16,"memory_mb":10.0} 
[2026-03-28 00:31:02] local.DEBUG: REQUEST TIME {"url":"http://mymetier.test/logout","time_ms":7.67,"memory_mb":10.0} 
[2026-03-28 00:31:02] local.DEBUG: REQUEST TIME {"url":"http://mymetier.test","time_ms":16.38,"memory_mb":8.0} 
[2026-03-28 00:31:07] local.DEBUG: REQUEST TIME {"url":"http://mymetier.test","time_ms":16.89,"memory_mb":8.0} 
[2026-03-28 00:31:09] local.DEBUG: REQUEST TIME {"url":"http://mymetier.test","time_ms":15.26,"memory_mb":8.0} 
[2026-03-28 00:31:26] local.DEBUG: REQUEST TIME {"url":"http://mymetier.test/login","time_ms":14268.42,"memory_mb":10.0} 
[2026-03-28 00:31:26] local.WARNING: SLOW REQUEST ALERT {"url":"http://mymetier.test/login","time_ms":14268.42,"memory_mb":10.0} 
[2026-03-28 00:31:31] local.DEBUG: REQUEST TIME {"url":"http://mymetier.test","time_ms":12.79,"memory_mb":8.0} 
[2026-03-28 00:31:39] local.DEBUG: REQUEST TIME {"url":"http://mymetier.test","time_ms":12.57,"memory_mb":8.0} 
[2026-03-28 00:31:44] local.DEBUG: REQUEST TIME {"url":"http://mymetier.test/login","time_ms":74.49,"memory_mb":10.0} 
[2026-03-28 00:31:59] local.DEBUG: REQUEST TIME {"url":"http://mymetier.test/livewire-f00c2fb8/update","time_ms":323.99,"memory_mb":8.0} 
[2026-03-28 00:31:59] local.DEBUG: REQUEST TIME {"url":"http://mymetier.test","time_ms":13.98,"memory_mb":10.0} 
[2026-03-28 00:32:10] local.DEBUG: REQUEST TIME {"url":"http://mymetier.test/livewire-f00c2fb8/update","time_ms":9.36,"memory_mb":8.0} 
[2026-03-28 00:32:11] local.DEBUG: REQUEST TIME {"url":"http://mymetier.test/search","time_ms":1546.03,"memory_mb":10.0} 
[2026-03-28 00:32:11] local.WARNING: SLOW REQUEST ALERT {"url":"http://mymetier.test/search","time_ms":1546.03,"memory_mb":10.0} 
[2026-03-28 00:32:18] local.DEBUG: REQUEST TIME {"url":"http://mymetier.test/professionals/2","time_ms":1088.47,"memory_mb":10.0} 
[2026-03-28 00:32:18] local.WARNING: SLOW REQUEST ALERT {"url":"http://mymetier.test/professionals/2","time_ms":1088.47,"memory_mb":10.0} 
[2026-03-28 00:32:35] local.DEBUG: REQUEST TIME {"url":"http://mymetier.test/settings/profile","time_ms":10524.0,"memory_mb":10.0} 
[2026-03-28 00:32:35] local.WARNING: SLOW REQUEST ALERT {"url":"http://mymetier.test/settings/profile","time_ms":10524.0,"memory_mb":10.0} 
[2026-03-28 00:32:40] local.DEBUG: REQUEST TIME {"url":"http://mymetier.test/settings/appearance","time_ms":2281.65,"memory_mb":10.0} 
[2026-03-28 00:32:40] local.WARNING: SLOW REQUEST ALERT {"url":"http://mymetier.test/settings/appearance","time_ms":2281.65,"memory_mb":10.0} 
[2026-03-28 00:32:56] local.DEBUG: REQUEST TIME {"url":"http://mymetier.test/search","time_ms":44.91,"memory_mb":10.0} 
[2026-03-28 00:33:03] local.DEBUG: REQUEST TIME {"url":"http://mymetier.test/dashboard","time_ms":1401.43,"memory_mb":10.0} 
[2026-03-28 00:33:03] local.WARNING: SLOW REQUEST ALERT {"url":"http://mymetier.test/dashboard","time_ms":1401.43,"memory_mb":10.0} 
[2026-03-28 00:33:35] local.DEBUG: REQUEST TIME {"url":"http://mymetier.test/dashboard","time_ms":59.54,"memory_mb":10.0} 
[2026-03-28 00:33:35] local.DEBUG: REQUEST TIME {"url":"http://mymetier.test/search","time_ms":39.87,"memory_mb":10.0} 
[2026-03-28 00:33:41] local.DEBUG: REQUEST TIME {"url":"http://mymetier.test/requests","time_ms":427.7,"memory_mb":10.0} 
[2026-03-28 00:33:46] local.DEBUG: REQUEST TIME {"url":"http://mymetier.test/search","time_ms":39.18,"memory_mb":10.0} 
[2026-03-28 00:34:43] local.DEBUG: REQUEST TIME {"url":"http://mymetier.test","time_ms":15.51,"memory_mb":8.0} 
[2026-03-28 00:34:47] local.DEBUG: REQUEST TIME {"url":"http://mymetier.test/login","time_ms":42.66,"memory_mb":10.0} 
[2026-03-28 00:35:00] local.DEBUG: REQUEST TIME {"url":"http://mymetier.test/livewire-f00c2fb8/update","time_ms":13.3,"memory_mb":8.0} 
[2026-03-28 00:35:13] local.DEBUG: REQUEST TIME {"url":"http://mymetier.test/livewire-f00c2fb8/update","time_ms":330.2,"memory_mb":8.0} 
[2026-03-28 00:35:19] local.DEBUG: REQUEST TIME {"url":"http://mymetier.test/livewire-f00c2fb8/update","time_ms":317.44,"memory_mb":8.0} 
[2026-03-28 00:35:20] local.DEBUG: REQUEST TIME {"url":"http://mymetier.test","time_ms":13.25,"memory_mb":10.0} 
[2026-03-28 00:35:25] local.DEBUG: REQUEST TIME {"url":"http://mymetier.test/search","time_ms":30.66,"memory_mb":10.0} 
[2026-03-28 00:35:27] local.DEBUG: REQUEST TIME {"url":"http://mymetier.test/requests","time_ms":46.5,"memory_mb":10.0} 
[2026-03-28 00:35:32] local.DEBUG: REQUEST TIME {"url":"http://mymetier.test/search","time_ms":44.32,"memory_mb":10.0} 
[2026-03-28 00:35:36] local.DEBUG: REQUEST TIME {"url":"http://mymetier.test/dashboard","time_ms":57.76,"memory_mb":10.0} 
[2026-03-28 00:35:42] local.DEBUG: REQUEST TIME {"url":"http://mymetier.test/search","time_ms":47.98,"memory_mb":10.0} 
[2026-03-28 00:35:49] local.DEBUG: REQUEST TIME {"url":"http://mymetier.test/logout","time_ms":10.83,"memory_mb":8.0} 
[2026-03-28 00:35:49] local.DEBUG: REQUEST TIME {"url":"http://mymetier.test","time_ms":12.38,"memory_mb":8.0} 
[2026-03-28 00:35:52] local.DEBUG: REQUEST TIME {"url":"http://mymetier.test/login","time_ms":42.55,"memory_mb":10.0} 
[2026-03-28 00:36:13] local.DEBUG: REQUEST TIME {"url":"http://mymetier.test/livewire-f00c2fb8/update","time_ms":349.41,"memory_mb":8.0} 
[2026-03-28 00:36:13] local.DEBUG: REQUEST TIME {"url":"http://mymetier.test","time_ms":14.12,"memory_mb":10.0} 
[2026-03-28 00:36:19] local.DEBUG: REQUEST TIME {"url":"http://mymetier.test/search","time_ms":34.75,"memory_mb":10.0} 
[2026-03-28 00:36:21] local.DEBUG: REQUEST TIME {"url":"http://mymetier.test/requests","time_ms":46.82,"memory_mb":10.0} 
[2026-03-28 00:36:29] local.DEBUG: REQUEST TIME {"url":"http://mymetier.test/dashboard","time_ms":36.86,"memory_mb":10.0} 
[2026-03-28 00:38:04] local.DEBUG: REQUEST TIME {"url":"http://mymetier.test/search","time_ms":40.51,"memory_mb":10.0} 
[2026-03-28 00:44:42] local.DEBUG: REQUEST TIME {"url":"http://mymetier.test","time_ms":1507.07,"memory_mb":10.0} 
[2026-03-28 00:44:42] local.WARNING: SLOW REQUEST ALERT {"url":"http://mymetier.test","time_ms":1507.07,"memory_mb":10.0} 
[2026-03-28 00:45:10] local.DEBUG: REQUEST TIME {"url":"http://mymetier.test/login","time_ms":13640.51,"memory_mb":10.0} 
[2026-03-28 00:45:10] local.WARNING: SLOW REQUEST ALERT {"url":"http://mymetier.test/login","time_ms":13640.51,"memory_mb":10.0} 
[2026-03-28 00:52:33] local.DEBUG: REQUEST TIME {"url":"http://mymetier.test/login","time_ms":64.68,"memory_mb":10.0} 
[2026-03-28 00:52:35] local.DEBUG: REQUEST TIME {"url":"http://mymetier.test/login","time_ms":36.07,"memory_mb":10.0} 
[2026-03-28 00:52:43] local.DEBUG: REQUEST TIME {"url":"http://mymetier.test/login","time_ms":46.21,"memory_mb":10.0} 
[2026-03-28 00:52:53] local.DEBUG: REQUEST TIME {"url":"http://mymetier.test/login","time_ms":35.97,"memory_mb":10.0} 
[2026-03-28 00:52:56] local.DEBUG: REQUEST TIME {"url":"http://mymetier.test/login","time_ms":38.9,"memory_mb":10.0} 
[2026-03-28 00:56:40] local.DEBUG: REQUEST TIME {"url":"http://mymetier.test/livewire-f00c2fb8/update","time_ms":328.11,"memory_mb":8.0} 
[2026-03-28 00:56:42] local.DEBUG: REQUEST TIME {"url":"http://mymetier.test/dashboard","time_ms":1775.03,"memory_mb":10.0} 
[2026-03-28 00:56:42] local.WARNING: SLOW REQUEST ALERT {"url":"http://mymetier.test/dashboard","time_ms":1775.03,"memory_mb":10.0} 
[2026-03-28 00:57:01] local.DEBUG: REQUEST TIME {"url":"http://mymetier.test/dashboard","time_ms":45.5,"memory_mb":10.0} 
[2026-03-28 01:01:02] local.DEBUG: REQUEST TIME {"url":"http://mymetier.test/login","time_ms":6.53,"memory_mb":8.0} 
[2026-03-28 01:01:02] local.DEBUG: REQUEST TIME {"url":"http://mymetier.test/dashboard","time_ms":47.89,"memory_mb":10.0} 
[2026-03-28 01:01:07] local.DEBUG: REQUEST TIME {"url":"http://mymetier.test/dashboard","time_ms":46.25,"memory_mb":10.0} 
[2026-03-28 01:01:10] local.DEBUG: REQUEST TIME {"url":"http://mymetier.test/dashboard","time_ms":39.96,"memory_mb":10.0} 
[2026-03-28 01:01:11] local.DEBUG: REQUEST TIME {"url":"http://mymetier.test/dashboard","time_ms":46.88,"memory_mb":10.0} 
[2026-03-28 01:01:15] local.DEBUG: REQUEST TIME {"url":"http://mymetier.test/logout","time_ms":10.74,"memory_mb":8.0} 
[2026-03-28 01:01:15] local.DEBUG: REQUEST TIME {"url":"http://mymetier.test","time_ms":55.23,"memory_mb":10.0} 
[2026-03-28 01:01:19] local.DEBUG: REQUEST TIME {"url":"http://mymetier.test/login","time_ms":37.95,"memory_mb":10.0} 
[2026-03-28 01:01:32] local.DEBUG: REQUEST TIME {"url":"http://mymetier.test/livewire-f00c2fb8/update","time_ms":335.16,"memory_mb":8.0} 
[2026-03-28 01:01:32] local.DEBUG: REQUEST TIME {"url":"http://mymetier.test","time_ms":13.9,"memory_mb":10.0} 
[2026-03-28 01:02:16] local.DEBUG: REQUEST TIME {"url":"http://mymetier.test/livewire-f00c2fb8/update","time_ms":9.26,"memory_mb":8.0} 
[2026-03-28 01:02:17] local.DEBUG: REQUEST TIME {"url":"http://mymetier.test/search","time_ms":1576.67,"memory_mb":10.0} 
[2026-03-28 01:02:17] local.WARNING: SLOW REQUEST ALERT {"url":"http://mymetier.test/search","time_ms":1576.67,"memory_mb":10.0} 
[2026-03-28 01:02:46] local.DEBUG: REQUEST TIME {"url":"http://mymetier.test/professionals/1","time_ms":1076.5,"memory_mb":10.0} 
[2026-03-28 01:02:46] local.WARNING: SLOW REQUEST ALERT {"url":"http://mymetier.test/professionals/1","time_ms":1076.5,"memory_mb":10.0} 
[2026-03-28 01:02:52] local.DEBUG: REQUEST TIME {"url":"http://mymetier.test/search","time_ms":44.99,"memory_mb":10.0} 
[2026-03-28 01:05:04] local.DEBUG: REQUEST TIME {"url":"http://mymetier.test/professionals/2","time_ms":85.31,"memory_mb":10.0} 
[2026-03-28 01:09:16] local.DEBUG: REQUEST TIME {"url":"http://mymetier.test/search","time_ms":50.68,"memory_mb":10.0} 
[2026-03-28 01:09:24] local.DEBUG: REQUEST TIME {"url":"http://mymetier.test/requests","time_ms":456.12,"memory_mb":10.0} 
[2026-03-28 01:10:29] local.DEBUG: REQUEST TIME {"url":"http://mymetier.test/search","time_ms":36.55,"memory_mb":10.0} 
[2026-03-28 01:11:39] local.DEBUG: REQUEST TIME {"url":"http://mymetier.test/requests","time_ms":54.77,"memory_mb":10.0} 
[2026-03-28 01:12:21] local.DEBUG: REQUEST TIME {"url":"http://mymetier.test/search","time_ms":41.65,"memory_mb":10.0} 
[2026-03-28 01:12:28] local.DEBUG: REQUEST TIME {"url":"http://mymetier.test/logout","time_ms":9.88,"memory_mb":8.0} 
[2026-03-28 01:12:29] local.DEBUG: REQUEST TIME {"url":"http://mymetier.test","time_ms":62.61,"memory_mb":10.0} 
[2026-03-28 01:12:32] local.DEBUG: REQUEST TIME {"url":"http://mymetier.test/login","time_ms":42.91,"memory_mb":10.0} 
[2026-03-28 01:12:44] local.DEBUG: REQUEST TIME {"url":"http://mymetier.test/livewire-f00c2fb8/update","time_ms":323.34,"memory_mb":8.0} 
[2026-03-28 01:12:45] local.DEBUG: REQUEST TIME {"url":"http://mymetier.test","time_ms":11.49,"memory_mb":10.0} 
[2026-03-28 01:12:49] local.DEBUG: REQUEST TIME {"url":"http://mymetier.test/search","time_ms":35.17,"memory_mb":10.0} 
[2026-03-28 01:12:51] local.DEBUG: REQUEST TIME {"url":"http://mymetier.test/requests","time_ms":41.9,"memory_mb":10.0} 
[2026-03-28 01:12:54] local.DEBUG: REQUEST TIME {"url":"http://mymetier.test/search","time_ms":33.82,"memory_mb":10.0} 
[2026-03-28 01:14:39] local.DEBUG: REQUEST TIME {"url":"http://mymetier.test/professionals/2","time_ms":136.26,"memory_mb":10.0} 
[2026-03-28 01:15:19] local.DEBUG: REQUEST TIME {"url":"http://mymetier.test/livewire-f00c2fb8/update","time_ms":63.69,"memory_mb":10.0} 
[2026-03-28 01:15:20] local.DEBUG: REQUEST TIME {"url":"http://mymetier.test/livewire-f00c2fb8/update","time_ms":75.82,"memory_mb":10.0} 
[2026-03-28 01:16:20] local.DEBUG: REQUEST TIME {"url":"http://mymetier.test/search","time_ms":64.57,"memory_mb":10.0} 
[2026-03-28 01:16:22] local.DEBUG: REQUEST TIME {"url":"http://mymetier.test/requests","time_ms":40.84,"memory_mb":10.0} 
[2026-03-28 01:16:26] local.DEBUG: REQUEST TIME {"url":"http://mymetier.test/search","time_ms":52.88,"memory_mb":10.0} 
[2026-03-28 01:34:47] local.DEBUG: REQUEST TIME {"url":"http://mymetier.test","time_ms":79.5,"memory_mb":10.0} 
[2026-03-28 01:34:50] local.DEBUG: REQUEST TIME {"url":"http://mymetier.test/search","time_ms":38.56,"memory_mb":10.0} 
[2026-03-28 01:35:11] local.DEBUG: REQUEST TIME {"url":"http://mymetier.test","time_ms":17.48,"memory_mb":8.0} 
[2026-03-28 01:35:16] local.DEBUG: REQUEST TIME {"url":"http://mymetier.test/requests","time_ms":52.76,"memory_mb":10.0} 
[2026-03-28 01:35:23] local.DEBUG: REQUEST TIME {"url":"http://mymetier.test/login","time_ms":53.88,"memory_mb":10.0} 
[2026-03-28 01:35:26] local.DEBUG: REQUEST TIME {"url":"http://mymetier.test/login","time_ms":63.96,"memory_mb":10.0} 
[2026-03-28 01:35:30] local.DEBUG: REQUEST TIME {"url":"http://mymetier.test","time_ms":40.84,"memory_mb":8.0} 
[2026-03-28 01:47:23] local.DEBUG: REQUEST TIME {"url":"http://mymetier.test/login","time_ms":15991.17,"memory_mb":10.0} 
[2026-03-28 01:47:23] local.WARNING: SLOW REQUEST ALERT {"url":"http://mymetier.test/login","time_ms":15991.17,"memory_mb":10.0} 
[2026-03-28 01:47:36] local.DEBUG: REQUEST TIME {"url":"http://mymetier.test/search","time_ms":2508.76,"memory_mb":10.0} 
[2026-03-28 01:47:36] local.WARNING: SLOW REQUEST ALERT {"url":"http://mymetier.test/search","time_ms":2508.76,"memory_mb":10.0} 
[2026-03-28 01:47:44] local.DEBUG: REQUEST TIME {"url":"http://mymetier.test","time_ms":1143.92,"memory_mb":10.0} 
[2026-03-28 01:47:44] local.WARNING: SLOW REQUEST ALERT {"url":"http://mymetier.test","time_ms":1143.92,"memory_mb":10.0} 
[2026-03-28 01:47:50] local.DEBUG: REQUEST TIME {"url":"http://mymetier.test/search","time_ms":44.84,"memory_mb":10.0} 
[2026-03-28 01:47:55] local.DEBUG: REQUEST TIME {"url":"http://mymetier.test/requests","time_ms":471.26,"memory_mb":10.0} 
[2026-03-28 01:48:02] local.DEBUG: REQUEST TIME {"url":"http://mymetier.test/search","time_ms":41.33,"memory_mb":10.0} 
[2026-03-28 01:48:13] local.DEBUG: REQUEST TIME {"url":"http://mymetier.test/dashboard","time_ms":1354.97,"memory_mb":10.0} 
[2026-03-28 01:48:13] local.WARNING: SLOW REQUEST ALERT {"url":"http://mymetier.test/dashboard","time_ms":1354.97,"memory_mb":10.0} 
[2026-03-28 01:48:20] local.DEBUG: REQUEST TIME {"url":"http://mymetier.test/upgrade","time_ms":1185.37,"memory_mb":10.0} 
[2026-03-28 01:48:20] local.WARNING: SLOW REQUEST ALERT {"url":"http://mymetier.test/upgrade","time_ms":1185.37,"memory_mb":10.0} 
[2026-03-28 01:48:39] local.DEBUG: REQUEST TIME {"url":"http://mymetier.test/dashboard","time_ms":19.47,"memory_mb":10.0} 
[2026-03-28 01:50:16] local.DEBUG: REQUEST TIME {"url":"http://mymetier.test","time_ms":23.34,"memory_mb":10.0} 
[2026-03-28 01:50:34] local.DEBUG: REQUEST TIME {"url":"http://mymetier.test/search","time_ms":47.24,"memory_mb":10.0} 
[2026-03-28 01:50:38] local.DEBUG: REQUEST TIME {"url":"http://mymetier.test/requests","time_ms":56.35,"memory_mb":10.0} 
[2026-03-28 01:50:43] local.DEBUG: REQUEST TIME {"url":"http://mymetier.test/search","time_ms":49.68,"memory_mb":10.0} 
[2026-03-28 01:51:22] local.DEBUG: REQUEST TIME {"url":"http://mymetier.test/requests","time_ms":50.78,"memory_mb":10.0} 
[2026-03-28 01:52:15] local.DEBUG: REQUEST TIME {"url":"http://mymetier.test/search","time_ms":33.1,"memory_mb":10.0} 
[2026-03-28 01:52:18] local.DEBUG: REQUEST TIME {"url":"http://mymetier.test/dashboard","time_ms":16.72,"memory_mb":10.0} 
[2026-03-28 01:52:20] local.DEBUG: REQUEST TIME {"url":"http://mymetier.test/upgrade","time_ms":45.58,"memory_mb":10.0} 
[2026-03-28 01:53:37] local.DEBUG: REQUEST TIME {"url":"http://mymetier.test/dashboard","time_ms":20.33,"memory_mb":10.0} 
[2026-03-28 01:53:51] local.DEBUG: REQUEST TIME {"url":"http://mymetier.test/settings/profile","time_ms":10795.43,"memory_mb":10.0} 
[2026-03-28 01:53:51] local.WARNING: SLOW REQUEST ALERT {"url":"http://mymetier.test/settings/profile","time_ms":10795.43,"memory_mb":10.0} 
[2026-03-28 01:54:03] local.DEBUG: REQUEST TIME {"url":"http://mymetier.test/dashboard","time_ms":18.95,"memory_mb":10.0} 
[2026-03-28 01:54:34] local.DEBUG: REQUEST TIME {"url":"http://mymetier.test/logout","time_ms":61.36,"memory_mb":8.0} 
[2026-03-28 01:54:34] local.DEBUG: REQUEST TIME {"url":"http://mymetier.test","time_ms":14.23,"memory_mb":8.0} 
[2026-03-28 01:54:36] local.DEBUG: REQUEST TIME {"url":"http://mymetier.test/login","time_ms":42.21,"memory_mb":10.0} 
[2026-03-28 01:55:14] local.DEBUG: REQUEST TIME {"url":"http://mymetier.test/livewire-f00c2fb8/update","time_ms":357.16,"memory_mb":8.0} 
[2026-03-28 01:55:14] local.DEBUG: REQUEST TIME {"url":"http://mymetier.test","time_ms":13.04,"memory_mb":10.0} 
[2026-03-28 01:55:21] local.DEBUG: REQUEST TIME {"url":"http://mymetier.test/search","time_ms":41.98,"memory_mb":10.0} 
[2026-03-28 01:55:52] local.DEBUG: REQUEST TIME {"url":"http://mymetier.test","time_ms":18.99,"memory_mb":10.0} 
[2026-03-28 01:55:56] local.DEBUG: REQUEST TIME {"url":"http://mymetier.test/search","time_ms":59.5,"memory_mb":10.0} 
[2026-03-28 01:56:00] local.DEBUG: REQUEST TIME {"url":"http://mymetier.test","time_ms":18.68,"memory_mb":10.0} 
[2026-03-28 01:56:03] local.DEBUG: REQUEST TIME {"url":"http://mymetier.test/livewire-f00c2fb8/update","time_ms":11.26,"memory_mb":8.0} 
[2026-03-28 01:56:03] local.DEBUG: REQUEST TIME {"url":"http://mymetier.test/search","time_ms":34.35,"memory_mb":10.0} 
[2026-03-28 01:56:09] local.DEBUG: REQUEST TIME {"url":"http://mymetier.test","time_ms":13.45,"memory_mb":10.0} 
[2026-03-28 01:56:17] local.DEBUG: REQUEST TIME {"url":"http://mymetier.test/livewire-f00c2fb8/update","time_ms":22.17,"memory_mb":10.0} 
[2026-03-28 01:56:22] local.DEBUG: REQUEST TIME {"url":"http://mymetier.test/livewire-f00c2fb8/update","time_ms":14.69,"memory_mb":8.0} 
[2026-03-28 01:56:22] local.DEBUG: REQUEST TIME {"url":"http://mymetier.test/search","time_ms":30.18,"memory_mb":10.0} 
[2026-03-28 01:56:26] local.DEBUG: REQUEST TIME {"url":"http://mymetier.test","time_ms":16.1,"memory_mb":10.0} 
[2026-03-28 01:56:31] local.DEBUG: REQUEST TIME {"url":"http://mymetier.test/livewire-f00c2fb8/update","time_ms":8.49,"memory_mb":10.0} 
[2026-03-28 01:56:31] local.DEBUG: REQUEST TIME {"url":"http://mymetier.test/search","time_ms":30.96,"memory_mb":10.0} 
[2026-03-28 01:56:49] local.DEBUG: REQUEST TIME {"url":"http://mymetier.test/professionals/2","time_ms":1207.92,"memory_mb":10.0} 
[2026-03-28 01:56:49] local.WARNING: SLOW REQUEST ALERT {"url":"http://mymetier.test/professionals/2","time_ms":1207.92,"memory_mb":10.0} 
[2026-03-28 01:57:33] local.DEBUG: REQUEST TIME {"url":"http://mymetier.test/search","time_ms":36.06,"memory_mb":10.0} 
[2026-03-28 01:58:18] local.DEBUG: REQUEST TIME {"url":"http://mymetier.test/dashboard","time_ms":21.71,"memory_mb":10.0} 
[2026-03-28 01:58:47] local.DEBUG: REQUEST TIME {"url":"http://mymetier.test/dashboard","time_ms":22.64,"memory_mb":10.0} 
[2026-03-28 01:59:35] local.DEBUG: REQUEST TIME {"url":"http://mymetier.test/professionals/2","time_ms":95.52,"memory_mb":10.0} 
[2026-03-28 01:59:43] local.DEBUG: REQUEST TIME {"url":"http://mymetier.test/dashboard","time_ms":19.01,"memory_mb":10.0} 
[2026-03-28 01:59:47] local.DEBUG: REQUEST TIME {"url":"http://mymetier.test","time_ms":54.51,"memory_mb":10.0} 
[2026-03-28 02:15:13] local.DEBUG: REQUEST TIME {"url":"http://mymetier.test","time_ms":1560.18,"memory_mb":10.0} 
[2026-03-28 02:15:13] local.WARNING: SLOW REQUEST ALERT {"url":"http://mymetier.test","time_ms":1560.18,"memory_mb":10.0} 
[2026-03-28 02:16:05] local.DEBUG: REQUEST TIME {"url":"http://mymetier.test/search","time_ms":1585.62,"memory_mb":10.0} 
[2026-03-28 02:16:05] local.WARNING: SLOW REQUEST ALERT {"url":"http://mymetier.test/search","time_ms":1585.62,"memory_mb":10.0} 
[2026-03-28 02:16:13] local.DEBUG: REQUEST TIME {"url":"http://mymetier.test/requests","time_ms":468.75,"memory_mb":10.0} 
[2026-03-28 02:16:17] local.DEBUG: REQUEST TIME {"url":"http://mymetier.test/dashboard","time_ms":1184.16,"memory_mb":10.0} 
[2026-03-28 02:16:17] local.WARNING: SLOW REQUEST ALERT {"url":"http://mymetier.test/dashboard","time_ms":1184.16,"memory_mb":10.0} 
[2026-03-28 02:16:22] local.DEBUG: REQUEST TIME {"url":"http://mymetier.test/upgrade","time_ms":31.94,"memory_mb":8.0} 
[2026-03-28 02:16:22] local.DEBUG: REQUEST TIME {"url":"http://mymetier.test","time_ms":15.93,"memory_mb":10.0} 
[2026-03-28 02:16:25] local.DEBUG: REQUEST TIME {"url":"http://mymetier.test/upgrade","time_ms":5.17,"memory_mb":8.0} 
[2026-03-28 02:16:25] local.DEBUG: REQUEST TIME {"url":"http://mymetier.test","time_ms":13.88,"memory_mb":10.0} 
[2026-03-28 02:16:39] local.DEBUG: REQUEST TIME {"url":"http://mymetier.test/settings/profile","time_ms":10708.49,"memory_mb":10.0} 
[2026-03-28 02:16:39] local.WARNING: SLOW REQUEST ALERT {"url":"http://mymetier.test/settings/profile","time_ms":10708.49,"memory_mb":10.0} 
[2026-03-28 02:16:55] local.DEBUG: REQUEST TIME {"url":"http://mymetier.test/search","time_ms":42.74,"memory_mb":10.0} 
[2026-03-28 02:16:58] local.DEBUG: REQUEST TIME {"url":"http://mymetier.test/professionals/2","time_ms":1128.23,"memory_mb":10.0} 
[2026-03-28 02:16:58] local.WARNING: SLOW REQUEST ALERT {"url":"http://mymetier.test/professionals/2","time_ms":1128.23,"memory_mb":10.0} 
[2026-03-28 02:19:15] local.DEBUG: REQUEST TIME {"url":"http://mymetier.test","time_ms":21.81,"memory_mb":10.0} 
[2026-03-28 02:19:33] local.DEBUG: REQUEST TIME {"url":"http://mymetier.test","time_ms":22.96,"memory_mb":10.0} 
[2026-03-28 02:20:06] local.DEBUG: REQUEST TIME {"url":"http://mymetier.test","time_ms":15.65,"memory_mb":10.0} 
[2026-03-28 02:20:11] local.DEBUG: REQUEST TIME {"url":"http://mymetier.test","time_ms":21.18,"memory_mb":10.0} 
[2026-03-28 02:22:19] local.DEBUG: REQUEST TIME {"url":"http://mymetier.test/logout","time_ms":19.21,"memory_mb":8.0} 
[2026-03-28 02:22:19] local.DEBUG: REQUEST TIME {"url":"http://mymetier.test","time_ms":18.07,"memory_mb":8.0} 
[2026-03-28 02:22:23] local.DEBUG: REQUEST TIME {"url":"http://mymetier.test/login","time_ms":20.24,"memory_mb":10.0} 
[2026-03-28 02:22:25] local.DEBUG: REQUEST TIME {"url":"http://mymetier.test","time_ms":16.88,"memory_mb":8.0} 
[2026-03-28 02:22:28] local.DEBUG: REQUEST TIME {"url":"http://mymetier.test/search","time_ms":36.47,"memory_mb":10.0} 
[2026-03-28 02:22:31] local.DEBUG: REQUEST TIME {"url":"http://mymetier.test/professionals/2","time_ms":48.08,"memory_mb":10.0} 
[2026-03-28 02:22:36] local.DEBUG: REQUEST TIME {"url":"http://mymetier.test/login","time_ms":12.93,"memory_mb":8.0} 
[2026-03-28 02:22:39] local.DEBUG: REQUEST TIME {"url":"http://mymetier.test","time_ms":10.64,"memory_mb":8.0} 
[2026-03-28 02:22:40] local.DEBUG: REQUEST TIME {"url":"http://mymetier.test/search","time_ms":28.98,"memory_mb":10.0} 
[2026-03-28 02:22:45] local.DEBUG: REQUEST TIME {"url":"http://mymetier.test/livewire-f00c2fb8/update","time_ms":38.08,"memory_mb":10.0} 
[2026-03-28 02:22:46] local.DEBUG: REQUEST TIME {"url":"http://mymetier.test/livewire-f00c2fb8/update","time_ms":9.42,"memory_mb":10.0} 
[2026-03-28 02:22:47] local.DEBUG: REQUEST TIME {"url":"http://mymetier.test/livewire-f00c2fb8/update","time_ms":18.85,"memory_mb":10.0} 
[2026-03-28 02:22:49] local.DEBUG: REQUEST TIME {"url":"http://mymetier.test/professionals/1","time_ms":37.92,"memory_mb":10.0} 
[2026-03-28 02:23:24] local.DEBUG: REQUEST TIME {"url":"http://mymetier.test/search","time_ms":29.75,"memory_mb":10.0} 
[2026-03-28 02:23:27] local.DEBUG: REQUEST TIME {"url":"http://mymetier.test/requests","time_ms":17.16,"memory_mb":10.0} 
[2026-03-28 02:23:30] local.DEBUG: REQUEST TIME {"url":"http://mymetier.test","time_ms":12.23,"memory_mb":8.0} 
[2026-03-28 02:23:32] local.DEBUG: REQUEST TIME {"url":"http://mymetier.test/search","time_ms":29.05,"memory_mb":10.0} 
[2026-03-28 02:23:37] local.DEBUG: REQUEST TIME {"url":"http://mymetier.test/professionals/2","time_ms":44.0,"memory_mb":10.0} 
[2026-03-28 02:23:46] local.DEBUG: REQUEST TIME {"url":"http://mymetier.test/search","time_ms":36.18,"memory_mb":10.0} 
[2026-03-28 02:23:49] local.DEBUG: REQUEST TIME {"url":"http://mymetier.test/professionals/1","time_ms":35.61,"memory_mb":10.0} 
[2026-03-28 02:23:58] local.DEBUG: REQUEST TIME {"url":"http://mymetier.test/login","time_ms":8.65,"memory_mb":10.0} 
[2026-03-28 02:24:17] local.DEBUG: REQUEST TIME {"url":"http://mymetier.test/livewire-f00c2fb8/update","time_ms":324.95,"memory_mb":10.0} 
[2026-03-28 02:24:17] local.DEBUG: REQUEST TIME {"url":"http://mymetier.test","time_ms":15.2,"memory_mb":10.0} 
[2026-03-28 02:24:23] local.DEBUG: REQUEST TIME {"url":"http://mymetier.test/search","time_ms":37.0,"memory_mb":10.0} 
[2026-03-28 02:24:25] local.DEBUG: REQUEST TIME {"url":"http://mymetier.test/professionals/2","time_ms":47.69,"memory_mb":10.0} 
[2026-03-28 02:24:40] local.DEBUG: REQUEST TIME {"url":"http://mymetier.test/search","time_ms":41.97,"memory_mb":10.0} 
[2026-03-28 02:24:42] local.DEBUG: REQUEST TIME {"url":"http://mymetier.test/professionals/1","time_ms":40.97,"memory_mb":10.0} 
[2026-03-28 02:24:53] local.DEBUG: REQUEST TIME {"url":"http://mymetier.test/dashboard","time_ms":18.03,"memory_mb":10.0} 
[2026-03-28 02:25:01] local.DEBUG: REQUEST TIME {"url":"http://mymetier.test/upgrade","time_ms":1223.23,"memory_mb":10.0} 
[2026-03-28 02:25:01] local.WARNING: SLOW REQUEST ALERT {"url":"http://mymetier.test/upgrade","time_ms":1223.23,"memory_mb":10.0} 
[2026-03-28 02:25:10] local.DEBUG: REQUEST TIME {"url":"http://mymetier.test/settings/profile","time_ms":50.76,"memory_mb":10.0} 
[2026-03-28 02:25:14] local.DEBUG: REQUEST TIME {"url":"http://mymetier.test/settings/security","time_ms":2.57,"memory_mb":8.0} 
[2026-03-28 02:25:16] local.DEBUG: REQUEST TIME {"url":"http://mymetier.test/user/confirm-password","time_ms":1869.1,"memory_mb":10.0} 
[2026-03-28 02:25:16] local.WARNING: SLOW REQUEST ALERT {"url":"http://mymetier.test/user/confirm-password","time_ms":1869.1,"memory_mb":10.0} 
[2026-03-28 02:25:26] local.DEBUG: REQUEST TIME {"url":"http://mymetier.test/user/confirm-password","time_ms":392.01,"memory_mb":10.0} 
[2026-03-28 02:25:31] local.DEBUG: REQUEST TIME {"url":"http://mymetier.test/settings/security","time_ms":5210.42,"memory_mb":10.0} 
[2026-03-28 02:25:31] local.WARNING: SLOW REQUEST ALERT {"url":"http://mymetier.test/settings/security","time_ms":5210.42,"memory_mb":10.0} 
[2026-03-28 02:25:42] local.DEBUG: REQUEST TIME {"url":"http://mymetier.test/settings/appearance","time_ms":1238.73,"memory_mb":10.0} 
[2026-03-28 02:25:42] local.WARNING: SLOW REQUEST ALERT {"url":"http://mymetier.test/settings/appearance","time_ms":1238.73,"memory_mb":10.0} 
[2026-03-28 02:25:54] local.DEBUG: REQUEST TIME {"url":"http://mymetier.test/requests","time_ms":20.82,"memory_mb":10.0} 
[2026-03-28 02:25:56] local.DEBUG: REQUEST TIME {"url":"http://mymetier.test/search","time_ms":27.84,"memory_mb":10.0} 
[2026-03-28 02:26:19] local.DEBUG: REQUEST TIME {"url":"http://mymetier.test","time_ms":60.73,"memory_mb":10.0} 
[2026-03-28 02:26:27] local.DEBUG: REQUEST TIME {"url":"http://mymetier.test/requests","time_ms":20.72,"memory_mb":10.0} 
[2026-03-28 02:26:30] local.DEBUG: REQUEST TIME {"url":"http://mymetier.test/dashboard","time_ms":14.4,"memory_mb":10.0} 
[2026-03-28 02:37:34] local.DEBUG: REQUEST TIME {"url":"http://mymetier.test","time_ms":1556.15,"memory_mb":10.0} 
[2026-03-28 02:37:34] local.WARNING: SLOW REQUEST ALERT {"url":"http://mymetier.test","time_ms":1556.15,"memory_mb":10.0} 
[2026-03-28 02:37:39] local.DEBUG: REQUEST TIME {"url":"http://mymetier.test","time_ms":23.79,"memory_mb":10.0} 
[2026-03-28 02:37:57] local.DEBUG: REQUEST TIME {"url":"http://mymetier.test/search","time_ms":1665.77,"memory_mb":10.0} 
[2026-03-28 02:37:57] local.WARNING: SLOW REQUEST ALERT {"url":"http://mymetier.test/search","time_ms":1665.77,"memory_mb":10.0} 
[2026-03-28 02:41:13] local.DEBUG: REQUEST TIME {"url":"http://mymetier.test/search","time_ms":2128.46,"memory_mb":10.0} 
[2026-03-28 02:41:13] local.WARNING: SLOW REQUEST ALERT {"url":"http://mymetier.test/search","time_ms":2128.46,"memory_mb":10.0} 
[2026-03-28 02:41:13] local.DEBUG: REQUEST TIME {"url":"http://mymetier.test/search","time_ms":47.44,"memory_mb":10.0} 
[2026-03-28 02:41:19] local.DEBUG: REQUEST TIME {"url":"http://mymetier.test","time_ms":799.89,"memory_mb":10.0} 
[2026-03-28 02:41:19] local.WARNING: SLOW REQUEST ALERT {"url":"http://mymetier.test","time_ms":799.89,"memory_mb":10.0} 
[2026-03-28 02:41:21] local.DEBUG: REQUEST TIME {"url":"http://mymetier.test/search","time_ms":34.21,"memory_mb":10.0} 
[2026-03-28 02:41:24] local.DEBUG: REQUEST TIME {"url":"http://mymetier.test/requests","time_ms":425.64,"memory_mb":10.0} 
[2026-03-28 02:41:35] local.DEBUG: REQUEST TIME {"url":"http://mymetier.test/search","time_ms":37.04,"memory_mb":10.0} 
[2026-03-28 02:41:38] local.DEBUG: REQUEST TIME {"url":"http://mymetier.test","time_ms":28.31,"memory_mb":10.0} 
[2026-03-28 02:41:43] local.DEBUG: REQUEST TIME {"url":"http://mymetier.test/professionals/2","time_ms":1136.19,"memory_mb":10.0} 
[2026-03-28 02:41:43] local.WARNING: SLOW REQUEST ALERT {"url":"http://mymetier.test/professionals/2","time_ms":1136.19,"memory_mb":10.0} 
[2026-03-28 02:41:56] local.DEBUG: REQUEST TIME {"url":"http://mymetier.test","time_ms":25.16,"memory_mb":10.0} 
[2026-03-28 02:42:13] local.DEBUG: REQUEST TIME {"url":"http://mymetier.test/logout","time_ms":14.54,"memory_mb":8.0} 
[2026-03-28 02:42:13] local.DEBUG: REQUEST TIME {"url":"http://mymetier.test","time_ms":10.25,"memory_mb":8.0} 
[2026-03-28 02:42:16] local.DEBUG: REQUEST TIME {"url":"http://mymetier.test/professionals/2","time_ms":43.18,"memory_mb":10.0} 
[2026-03-28 02:42:26] local.DEBUG: REQUEST TIME {"url":"http://mymetier.test","time_ms":13.19,"memory_mb":8.0} 
[2026-03-28 02:42:31] local.DEBUG: REQUEST TIME {"url":"http://mymetier.test/search","time_ms":33.89,"memory_mb":10.0} 
[2026-03-28 02:42:32] local.DEBUG: REQUEST TIME {"url":"http://mymetier.test/requests","time_ms":10.35,"memory_mb":10.0} 
[2026-03-28 02:42:36] local.DEBUG: REQUEST TIME {"url":"http://mymetier.test/login","time_ms":27.07,"memory_mb":8.0} 
[2026-03-28 02:42:51] local.DEBUG: REQUEST TIME {"url":"http://mymetier.test/livewire-f00c2fb8/update","time_ms":340.69,"memory_mb":8.0} 
[2026-03-28 02:42:52] local.DEBUG: REQUEST TIME {"url":"http://mymetier.test","time_ms":14.0,"memory_mb":10.0} 
[2026-03-28 02:43:00] local.DEBUG: REQUEST TIME {"url":"http://mymetier.test/search","time_ms":36.4,"memory_mb":10.0} 
[2026-03-28 02:43:02] local.DEBUG: REQUEST TIME {"url":"http://mymetier.test/requests","time_ms":19.29,"memory_mb":10.0} 
[2026-03-28 02:43:08] local.DEBUG: REQUEST TIME {"url":"http://mymetier.test/dashboard","time_ms":1235.73,"memory_mb":10.0} 
[2026-03-28 02:43:08] local.WARNING: SLOW REQUEST ALERT {"url":"http://mymetier.test/dashboard","time_ms":1235.73,"memory_mb":10.0} 
[2026-03-28 02:43:33] local.DEBUG: REQUEST TIME {"url":"http://mymetier.test/settings/profile","time_ms":10168.96,"memory_mb":10.0} 
[2026-03-28 02:43:33] local.WARNING: SLOW REQUEST ALERT {"url":"http://mymetier.test/settings/profile","time_ms":10168.96,"memory_mb":10.0} 
[2026-03-28 02:43:59] local.DEBUG: REQUEST TIME {"url":"http://mymetier.test/upgrade","time_ms":1248.32,"memory_mb":10.0} 
[2026-03-28 02:43:59] local.WARNING: SLOW REQUEST ALERT {"url":"http://mymetier.test/upgrade","time_ms":1248.32,"memory_mb":10.0} 
[2026-03-28 02:44:02] local.DEBUG: REQUEST TIME {"url":"http://mymetier.test/dashboard","time_ms":17.18,"memory_mb":10.0} 
[2026-03-28 02:44:04] local.DEBUG: REQUEST TIME {"url":"http://mymetier.test/requests","time_ms":21.7,"memory_mb":10.0} 
[2026-03-28 02:44:32] local.DEBUG: REQUEST TIME {"url":"http://mymetier.test/search","time_ms":39.57,"memory_mb":10.0} 
[2026-03-28 02:45:14] local.DEBUG: REQUEST TIME {"url":"http://mymetier.test","time_ms":16.59,"memory_mb":10.0} 
[2026-03-28 02:45:17] local.DEBUG: REQUEST TIME {"url":"http://mymetier.test/requests","time_ms":21.88,"memory_mb":10.0} 
[2026-03-28 02:45:19] local.DEBUG: REQUEST TIME {"url":"http://mymetier.test/dashboard","time_ms":12.78,"memory_mb":10.0} 
[2026-03-28 02:45:21] local.DEBUG: REQUEST TIME {"url":"http://mymetier.test/upgrade","time_ms":16.03,"memory_mb":10.0} 
[2026-03-28 02:45:26] local.DEBUG: REQUEST TIME {"url":"http://mymetier.test/settings/profile","time_ms":98.15,"memory_mb":10.0} 
[2026-03-28 02:45:30] local.DEBUG: REQUEST TIME {"url":"http://mymetier.test","time_ms":15.38,"memory_mb":10.0} 
[2026-03-28 02:45:33] local.DEBUG: REQUEST TIME {"url":"http://mymetier.test/dashboard","time_ms":13.64,"memory_mb":10.0} 
[2026-03-28 02:45:37] local.DEBUG: REQUEST TIME {"url":"http://mymetier.test","time_ms":19.08,"memory_mb":10.0} 
[2026-03-28 02:45:39] local.DEBUG: REQUEST TIME {"url":"http://mymetier.test","time_ms":11.99,"memory_mb":10.0} 
[2026-03-28 02:45:43] local.DEBUG: REQUEST TIME {"url":"http://mymetier.test","time_ms":15.11,"memory_mb":10.0} 
[2026-03-28 02:45:45] local.DEBUG: REQUEST TIME {"url":"http://mymetier.test","time_ms":10.6,"memory_mb":10.0} 
[2026-03-28 02:45:46] local.DEBUG: REQUEST TIME {"url":"http://mymetier.test","time_ms":15.2,"memory_mb":10.0} 
[2026-03-28 02:45:48] local.DEBUG: REQUEST TIME {"url":"http://mymetier.test/search","time_ms":27.63,"memory_mb":10.0} 
[2026-03-28 02:45:53] local.DEBUG: REQUEST TIME {"url":"http://mymetier.test/dashboard","time_ms":15.4,"memory_mb":10.0} 
[2026-03-28 02:45:54] local.DEBUG: REQUEST TIME {"url":"http://mymetier.test","time_ms":14.3,"memory_mb":10.0} 
[2026-03-28 02:45:59] local.DEBUG: REQUEST TIME {"url":"http://mymetier.test/upgrade","time_ms":14.42,"memory_mb":10.0} 
[2026-03-28 02:46:01] local.DEBUG: REQUEST TIME {"url":"http://mymetier.test/requests","time_ms":18.01,"memory_mb":10.0} 
[2026-03-28 02:46:03] local.DEBUG: REQUEST TIME {"url":"http://mymetier.test/search","time_ms":48.59,"memory_mb":10.0} 
[2026-03-28 02:46:13] local.DEBUG: REQUEST TIME {"url":"http://mymetier.test/upgrade","time_ms":14.76,"memory_mb":10.0} 
[2026-03-28 02:46:14] local.DEBUG: REQUEST TIME {"url":"http://mymetier.test/dashboard","time_ms":68.42,"memory_mb":10.0} 
[2026-03-28 02:46:15] local.DEBUG: REQUEST TIME {"url":"http://mymetier.test/requests","time_ms":18.39,"memory_mb":10.0} 
[2026-03-28 02:46:17] local.DEBUG: REQUEST TIME {"url":"http://mymetier.test/search","time_ms":29.41,"memory_mb":10.0} 
[2026-03-28 02:46:18] local.DEBUG: REQUEST TIME {"url":"http://mymetier.test","time_ms":20.12,"memory_mb":10.0} 
[2026-03-28 02:46:33] local.DEBUG: REQUEST TIME {"url":"http://mymetier.test","time_ms":15.28,"memory_mb":10.0} 
[2026-03-28 02:46:42] local.DEBUG: REQUEST TIME {"url":"http://mymetier.test","time_ms":25.47,"memory_mb":10.0} 
[2026-03-28 02:46:48] local.DEBUG: REQUEST TIME {"url":"http://mymetier.test","time_ms":19.13,"memory_mb":10.0} 
[2026-03-28 02:46:51] local.DEBUG: REQUEST TIME {"url":"http://mymetier.test","time_ms":8.53,"memory_mb":10.0} 
[2026-03-28 02:46:56] local.DEBUG: REQUEST TIME {"url":"http://mymetier.test","time_ms":23.65,"memory_mb":10.0} 
[2026-03-28 02:46:56] local.DEBUG: REQUEST TIME {"url":"http://mymetier.test","time_ms":12.06,"memory_mb":10.0} 
[2026-03-28 02:46:59] local.DEBUG: REQUEST TIME {"url":"http://mymetier.test","time_ms":21.58,"memory_mb":10.0} 
[2026-03-28 02:46:59] local.DEBUG: REQUEST TIME {"url":"http://mymetier.test","time_ms":10.16,"memory_mb":10.0} 
[2026-03-28 02:47:01] local.DEBUG: REQUEST TIME {"url":"http://mymetier.test","time_ms":11.09,"memory_mb":10.0} 
[2026-03-28 02:47:02] local.DEBUG: REQUEST TIME {"url":"http://mymetier.test","time_ms":15.03,"memory_mb":10.0} 
[2026-03-28 02:50:16] local.DEBUG: REQUEST TIME {"url":"http://mymetier.test/upgrade","time_ms":26.66,"memory_mb":10.0} 
[2026-03-28 02:50:17] local.DEBUG: REQUEST TIME {"url":"http://mymetier.test/logout","time_ms":9.64,"memory_mb":8.0} 
[2026-03-28 02:50:17] local.DEBUG: REQUEST TIME {"url":"http://mymetier.test","time_ms":10.69,"memory_mb":8.0} 
[2026-03-28 02:50:20] local.DEBUG: REQUEST TIME {"url":"http://mymetier.test/login","time_ms":13.63,"memory_mb":8.0} 
[2026-03-28 02:50:34] local.DEBUG: REQUEST TIME {"url":"http://mymetier.test/livewire-f00c2fb8/update","time_ms":335.71,"memory_mb":8.0} 
[2026-03-28 02:50:34] local.DEBUG: REQUEST TIME {"url":"http://mymetier.test","time_ms":17.95,"memory_mb":10.0} 
[2026-03-28 02:50:39] local.DEBUG: REQUEST TIME {"url":"http://mymetier.test/dashboard","time_ms":16.62,"memory_mb":10.0} 
[2026-03-28 02:52:03] local.DEBUG: REQUEST TIME {"url":"http://mymetier.test/livewire-f00c2fb8/update","time_ms":77.61,"memory_mb":10.0} 
[2026-03-28 02:52:05] local.DEBUG: REQUEST TIME {"url":"http://mymetier.test/livewire-f00c2fb8/update","time_ms":84.29,"memory_mb":10.0} 
[2026-03-28 02:52:09] local.DEBUG: REQUEST TIME {"url":"http://mymetier.test/livewire-f00c2fb8/update","time_ms":58.86,"memory_mb":10.0} 
[2026-03-28 02:52:10] local.DEBUG: REQUEST TIME {"url":"http://mymetier.test/livewire-f00c2fb8/update","time_ms":32.06,"memory_mb":10.0} 
[2026-03-28 02:52:24] local.DEBUG: REQUEST TIME {"url":"http://mymetier.test","time_ms":63.97,"memory_mb":10.0} 
[2026-03-28 02:52:52] local.DEBUG: REQUEST TIME {"url":"http://mymetier.test/search","time_ms":37.41,"memory_mb":10.0} 
[2026-03-28 02:53:44] local.DEBUG: REQUEST TIME {"url":"http://mymetier.test","time_ms":17.75,"memory_mb":10.0} 
[2026-03-28 02:53:48] local.DEBUG: REQUEST TIME {"url":"http://mymetier.test/professionals/2","time_ms":44.42,"memory_mb":10.0} 
[2026-03-28 02:54:39] local.DEBUG: REQUEST TIME {"url":"http://mymetier.test/requests","time_ms":22.57,"memory_mb":10.0} 
[2026-03-28 03:08:04] local.DEBUG: REQUEST TIME {"url":"http://mymetier.test/requests","time_ms":849.0,"memory_mb":10.0} 
[2026-03-28 03:08:04] local.WARNING: SLOW REQUEST ALERT {"url":"http://mymetier.test/requests","time_ms":849.0,"memory_mb":10.0} 
[2026-03-28 03:08:46] local.DEBUG: REQUEST TIME {"url":"http://mymetier.test","time_ms":801.32,"memory_mb":10.0} 
[2026-03-28 03:08:46] local.WARNING: SLOW REQUEST ALERT {"url":"http://mymetier.test","time_ms":801.32,"memory_mb":10.0} 
[2026-03-28 03:08:52] local.DEBUG: REQUEST TIME {"url":"http://mymetier.test/professionals/2","time_ms":1284.06,"memory_mb":10.0} 
[2026-03-28 03:08:52] local.WARNING: SLOW REQUEST ALERT {"url":"http://mymetier.test/professionals/2","time_ms":1284.06,"memory_mb":10.0} 
[2026-03-28 03:09:08] local.DEBUG: REQUEST TIME {"url":"http://mymetier.test/search","time_ms":1457.28,"memory_mb":10.0} 
[2026-03-28 03:09:08] local.WARNING: SLOW REQUEST ALERT {"url":"http://mymetier.test/search","time_ms":1457.28,"memory_mb":10.0} 
[2026-03-28 03:09:13] local.DEBUG: REQUEST TIME {"url":"http://mymetier.test/professionals/2","time_ms":52.21,"memory_mb":10.0} 
[2026-03-28 03:10:17] local.DEBUG: REQUEST TIME {"url":"http://mymetier.test","time_ms":23.39,"memory_mb":10.0} 
[2026-03-28 03:10:19] local.DEBUG: REQUEST TIME {"url":"http://mymetier.test/search","time_ms":46.73,"memory_mb":10.0} 
[2026-03-28 03:10:20] local.DEBUG: REQUEST TIME {"url":"http://mymetier.test/requests","time_ms":20.91,"memory_mb":10.0} 
[2026-03-28 03:10:55] local.DEBUG: REQUEST TIME {"url":"http://mymetier.test/upgrade","time_ms":7.28,"memory_mb":8.0} 
[2026-03-28 03:10:55] local.DEBUG: REQUEST TIME {"url":"http://mymetier.test","time_ms":17.57,"memory_mb":10.0} 
[2026-03-28 03:11:03] local.DEBUG: REQUEST TIME {"url":"http://mymetier.test/search","time_ms":46.28,"memory_mb":10.0} 
[2026-03-28 03:11:04] local.DEBUG: REQUEST TIME {"url":"http://mymetier.test/requests","time_ms":14.97,"memory_mb":10.0} 
[2026-03-28 03:11:08] local.DEBUG: REQUEST TIME {"url":"http://mymetier.test","time_ms":32.74,"memory_mb":10.0} 
[2026-03-28 03:11:53] local.DEBUG: REQUEST TIME {"url":"http://mymetier.test/search","time_ms":54.41,"memory_mb":10.0} 
[2026-03-28 03:12:00] local.DEBUG: REQUEST TIME {"url":"http://mymetier.test/professionals/2","time_ms":51.26,"memory_mb":10.0} 
[2026-03-28 03:12:20] local.DEBUG: REQUEST TIME {"url":"http://mymetier.test","time_ms":23.25,"memory_mb":10.0} 
[2026-03-28 20:25:20] local.WARNING: SLOW QUERY {"sql":"select * from \"sessions\" where \"id\" = ? limit 1","time":120.94} 
[2026-03-28 20:25:21] local.ERROR: Maximum execution time of 30 seconds exceeded {"user_id":null,"url":"http://mymetier.test","exception":"[object] (Symfony\\Component\\ErrorHandler\\Error\\FatalError(code: 0): Maximum execution time of 30 seconds exceeded at C:/Users/Mugahed/Desktop/MyMetier/vendor/composer/ClassLoader.php:429)
[stacktrace]
#0 {main}
"} 
[2026-03-28 20:26:39] local.DEBUG: REQUEST TIME {"url":"http://mymetier.test","time_ms":3791.24,"memory_mb":10.0} 
[2026-03-28 20:26:39] local.WARNING: SLOW REQUEST ALERT {"url":"http://mymetier.test","time_ms":3791.24,"memory_mb":10.0} 
[2026-03-28 20:26:47] local.DEBUG: REQUEST TIME {"url":"http://mymetier.test/login","time_ms":189.55,"memory_mb":8.0} 
[2026-03-28 20:28:03] local.DEBUG: REQUEST TIME {"url":"http://mymetier.test/livewire-f00c2fb8/update","time_ms":1643.4,"memory_mb":10.0} 
[2026-03-28 20:28:03] local.WARNING: SLOW REQUEST ALERT {"url":"http://mymetier.test/livewire-f00c2fb8/update","time_ms":1643.4,"memory_mb":10.0} 
[2026-03-28 20:28:03] local.DEBUG: REQUEST TIME {"url":"http://mymetier.test","time_ms":48.33,"memory_mb":10.0} 
[2026-03-28 20:28:23] local.DEBUG: REQUEST TIME {"url":"http://mymetier.test/settings","time_ms":13726.86,"memory_mb":12.0} 
[2026-03-28 20:28:23] local.WARNING: SLOW REQUEST ALERT {"url":"http://mymetier.test/settings","time_ms":13726.86,"memory_mb":12.0} 
[2026-03-28 20:30:53] local.DEBUG: REQUEST TIME {"url":"http://mymetier.test/upgrade","time_ms":1381.26,"memory_mb":10.0} 
[2026-03-28 20:30:53] local.WARNING: SLOW REQUEST ALERT {"url":"http://mymetier.test/upgrade","time_ms":1381.26,"memory_mb":10.0} 
[2026-03-28 20:31:14] local.DEBUG: REQUEST TIME {"url":"http://mymetier.test/dashboard","time_ms":1253.47,"memory_mb":10.0} 
[2026-03-28 20:31:14] local.WARNING: SLOW REQUEST ALERT {"url":"http://mymetier.test/dashboard","time_ms":1253.47,"memory_mb":10.0} 
[2026-03-28 20:39:23] local.DEBUG: REQUEST TIME {"url":"http://mymetier.test","time_ms":67.1,"memory_mb":10.0} 
[2026-03-28 20:39:29] local.DEBUG: REQUEST TIME {"url":"http://mymetier.test/settings","time_ms":63.19,"memory_mb":10.0} 
[2026-03-28 20:40:21] local.DEBUG: REQUEST TIME {"url":"http://mymetier.test/settings","time_ms":51.85,"memory_mb":10.0} 
[2026-03-28 20:40:26] local.DEBUG: REQUEST TIME {"url":"http://mymetier.test","time_ms":13.85,"memory_mb":10.0} 
[2026-03-28 20:40:30] local.DEBUG: REQUEST TIME {"url":"http://mymetier.test/search","time_ms":1615.46,"memory_mb":10.0} 
[2026-03-28 20:40:30] local.WARNING: SLOW REQUEST ALERT {"url":"http://mymetier.test/search","time_ms":1615.46,"memory_mb":10.0} 
[2026-03-28 20:40:31] local.DEBUG: REQUEST TIME {"url":"http://mymetier.test/settings","time_ms":50.42,"memory_mb":10.0} 
[2026-03-28 20:40:34] local.DEBUG: REQUEST TIME {"url":"http://mymetier.test/search","time_ms":32.38,"memory_mb":10.0} 
[2026-03-28 20:40:37] local.DEBUG: REQUEST TIME {"url":"http://mymetier.test/requests","time_ms":385.84,"memory_mb":10.0} 
[2026-03-28 20:52:58] local.DEBUG: REQUEST TIME {"url":"http://mymetier.test","time_ms":56.19,"memory_mb":10.0} 
[2026-03-28 20:53:03] local.DEBUG: REQUEST TIME {"url":"http://mymetier.test/search","time_ms":39.07,"memory_mb":10.0} 
[2026-03-28 20:53:10] local.DEBUG: REQUEST TIME {"url":"http://mymetier.test/professionals/2","time_ms":1312.19,"memory_mb":10.0} 
[2026-03-28 20:53:10] local.WARNING: SLOW REQUEST ALERT {"url":"http://mymetier.test/professionals/2","time_ms":1312.19,"memory_mb":10.0} 
[2026-03-28 21:13:56] local.DEBUG: REQUEST TIME {"url":"http://mymetier.test/professionals/2","time_ms":1977.03,"memory_mb":10.0} 
[2026-03-28 21:13:56] local.WARNING: SLOW REQUEST ALERT {"url":"http://mymetier.test/professionals/2","time_ms":1977.03,"memory_mb":10.0} 
[2026-03-28 21:14:51] local.ERROR: rename(C:\Users\Mugahed\Desktop\MyMetier\storage\framework\views\747BCCC.tmp,C:\Users\Mugahed\Desktop\MyMetier\storage\framework\views/747e3c72972cc4b54eff1c58e20c42ac.php): Access is denied (code: 5) (View: C:\Users\Mugahed\Desktop\MyMetier\resources\views\components\layouts\app-shell.blade.php) {"user_id":2,"url":"http://mymetier.test/professionals/2","userId":2,"exception":"[object] (Illuminate\\View\\ViewException(code: 0): rename(C:\\Users\\Mugahed\\Desktop\\MyMetier\\storage\\framework\\views\\747BCCC.tmp,C:\\Users\\Mugahed\\Desktop\\MyMetier\\storage\\framework\\views/747e3c72972cc4b54eff1c58e20c42ac.php): Access is denied (code: 5) (View: C:\\Users\\Mugahed\\Desktop\\MyMetier\\resources\\views\\components\\layouts\\app-shell.blade.php) at C:/Users/Mugahed/Desktop/MyMetier/vendor/laravel/framework/src/Illuminate/Filesystem/Filesystem.php:233)
[stacktrace]
#0 C:/Users/Mugahed/Desktop/MyMetier/vendor/livewire/livewire/src/Mechanisms/ExtendBlade/ExtendedCompilerEngine.php(58): Illuminate/View/Engines/CompilerEngine->handleViewException(Object(ErrorException), 1)
#1 C:/Users/Mugahed/Desktop/MyMetier/vendor/laravel/framework/src/Illuminate/View/Engines/PhpEngine.php(59): Livewire/Mechanisms/ExtendBlade/ExtendedCompilerEngine->handleViewException(Object(ErrorException), 1)
#2 C:/Users/Mugahed/Desktop/MyMetier/vendor/livewire/livewire/src/Mechanisms/ExtendBlade/ExtendedCompilerEngine.php(22): Illuminate/View/Engines/PhpEngine->evaluatePath('C://Users//Mugahe...', Array)
#3 C:/Users/Mugahed/Desktop/MyMetier/vendor/laravel/framework/src/Illuminate/View/Engines/CompilerEngine.php(76): Livewire/Mechanisms/ExtendBlade/ExtendedCompilerEngine->evaluatePath('C://Users//Mugahe...', Array)
#4 C:/Users/Mugahed/Desktop/MyMetier/vendor/livewire/livewire/src/Mechanisms/ExtendBlade/ExtendedCompilerEngine.php(10): Illuminate/View/Engines/CompilerEngine->get('C://Users//Mugahe...', Array)
#5 C:/Users/Mugahed/Desktop/MyMetier/vendor/laravel/framework/src/Illuminate/View/View.php(208): Livewire/Mechanisms/ExtendBlade/ExtendedCompilerEngine->get('C://Users//Mugahe...', Array)
#6 C:/Users/Mugahed/Desktop/MyMetier/vendor/laravel/framework/src/Illuminate/View/View.php(191): Illuminate/View/View->getContents()
#7 C:/Users/Mugahed/Desktop/MyMetier/vendor/laravel/framework/src/Illuminate/View/View.php(160): Illuminate/View/View->renderContents()
#8 C:/Users/Mugahed/Desktop/MyMetier/vendor/laravel/framework/src/Illuminate/View/Compilers/BladeCompiler.php(353): Illuminate/View/View->render()
#9 C:/Users/Mugahed/Desktop/MyMetier/vendor/laravel/framework/src/Illuminate/Support/Facades/Facade.php(363): Illuminate/View/Compilers/BladeCompiler::render('    <?php $layo...', Array)
#10 C:/Users/Mugahed/Desktop/MyMetier/vendor/livewire/livewire/src/Features/SupportPageComponents/SupportPageComponents.php(154): Illuminate/Support/Facades/Facade::__callStatic('render', Array)
#11 C:/Users/Mugahed/Desktop/MyMetier/vendor/livewire/livewire/src/Features/SupportPageComponents/HandlesPageComponents.php(26): Livewire/Features/SupportPageComponents/SupportPageComponents::renderContentsIntoLayout('<div wire:snaps...', Object(Livewire/Features/SupportPageComponents/PageComponentConfig))
#12 C:/Users/Mugahed/Desktop/MyMetier/vendor/laravel/framework/src/Illuminate/Routing/ControllerDispatcher.php(46): Livewire/Component->__invoke('2')
#13 C:/Users/Mugahed/Desktop/MyMetier/vendor/laravel/framework/src/Illuminate/Routing/Route.php(269): Illuminate/Routing/ControllerDispatcher->dispatch(Object(Illuminate/Routing/Route), Object(App/Livewire/ProfessionalProfilePage), '__invoke')
#14 C:/Users/Mugahed/Desktop/MyMetier/vendor/laravel/framework/src/Illuminate/Routing/Route.php(215): Illuminate/Routing/Route->runController()
#15 C:/Users/Mugahed/Desktop/MyMetier/vendor/laravel/framework/src/Illuminate/Routing/Router.php(822): Illuminate/Routing/Route->run()
#16 C:/Users/Mugahed/Desktop/MyMetier/vendor/laravel/framework/src/Illuminate/Pipeline/Pipeline.php(180): Illuminate/Routing/Router->{closure:Illuminate/Routing/Router::runRouteWithinStack():821}(Object(Illuminate/Http/Request))
#17 C:/Users/Mugahed/Desktop/MyMetier/app/Http/Middleware/EnsureAccountIsActive.php(29): Illuminate/Pipeline/Pipeline->{closure:Illuminate/Pipeline/Pipeline::prepareDestination():178}(Object(Illuminate/Http/Request))
#18 C:/Users/Mugahed/Desktop/MyMetier/vendor/laravel/framework/src/Illuminate/Pipeline/Pipeline.php(219): App/Http/Middleware/EnsureAccountIsActive->handle(Object(Illuminate/Http/Request), Object(Closure))
#19 C:/Users/Mugahed/Desktop/MyMetier/app/Http/Middleware/LogResponseTime.php(20): Illuminate/Pipeline/Pipeline->{closure:{closure:Illuminate/Pipeline/Pipeline::carry():194}:195}(Object(Illuminate/Http/Request))
#20 C:/Users/Mugahed/Desktop/MyMetier/vendor/laravel/framework/src/Illuminate/Pipeline/Pipeline.php(219): App/Http/Middleware/LogResponseTime->handle(Object(Illuminate/Http/Request), Object(Closure))
#21 C:/Users/Mugahed/Desktop/MyMetier/app/Http/Middleware/RegenerateSessionAfterLogin.php(25): Illuminate/Pipeline/Pipeline->{closure:{closure:Illuminate/Pipeline/Pipeline::carry():194}:195}(Object(Illuminate/Http/Request))
#22 C:/Users/Mugahed/Desktop/MyMetier/vendor/laravel/framework/src/Illuminate/Pipeline/Pipeline.php(219): App/Http/Middleware/RegenerateSessionAfterLogin->handle(Object(Illuminate/Http/Request), Object(Closure))
#23 C:/Users/Mugahed/Desktop/MyMetier/vendor/laravel/framework/src/Illuminate/Routing/Middleware/SubstituteBindings.php(52): Illuminate/Pipeline/Pipeline->{closure:{closure:Illuminate/Pipeline/Pipeline::carry():194}:195}(Object(Illuminate/Http/Request))
#24 C:/Users/Mugahed/Desktop/MyMetier/vendor/laravel/framework/src/Illuminate/Pipeline/Pipeline.php(219): Illuminate/Routing/Middleware/SubstituteBindings->handle(Object(Illuminate/Http/Request), Object(Closure))
#25 C:/Users/Mugahed/Desktop/MyMetier/vendor/laravel/framework/src/Illuminate/Foundation/Http/Middleware/PreventRequestForgery.php(104): Illuminate/Pipeline/Pipeline->{closure:{closure:Illuminate/Pipeline/Pipeline::carry():194}:195}(Object(Illuminate/Http/Request))
#26 C:/Users/Mugahed/Desktop/MyMetier/vendor/laravel/framework/src/Illuminate/Pipeline/Pipeline.php(219): Illuminate/Foundation/Http/Middleware/PreventRequestForgery->handle(Object(Illuminate/Http/Request), Object(Closure))
#27 C:/Users/Mugahed/Desktop/MyMetier/vendor/laravel/framework/src/Illuminate/View/Middleware/ShareErrorsFromSession.php(48): Illuminate/Pipeline/Pipeline->{closure:{closure:Illuminate/Pipeline/Pipeline::carry():194}:195}(Object(Illuminate/Http/Request))
#28 C:/Users/Mugahed/Desktop/MyMetier/vendor/laravel/framework/src/Illuminate/Pipeline/Pipeline.php(219): Illuminate/View/Middleware/ShareErrorsFromSession->handle(Object(Illuminate/Http/Request), Object(Closure))
#29 C:/Users/Mugahed/Desktop/MyMetier/vendor/laravel/framework/src/Illuminate/Session/Middleware/StartSession.php(120): Illuminate/Pipeline/Pipeline->{closure:{closure:Illuminate/Pipeline/Pipeline::carry():194}:195}(Object(Illuminate/Http/Request))
#30 C:/Users/Mugahed/Desktop/MyMetier/vendor/laravel/framework/src/Illuminate/Session/Middleware/StartSession.php(63): Illuminate/Session/Middleware/StartSession->handleStatefulRequest(Object(Illuminate/Http/Request), Object(Illuminate/Session/Store), Object(Closure))
#31 C:/Users/Mugahed/Desktop/MyMetier/vendor/laravel/framework/src/Illuminate/Pipeline/Pipeline.php(219): Illuminate/Session/Middleware/StartSession->handle(Object(Illuminate/Http/Request), Object(Closure))
#32 C:/Users/Mugahed/Desktop/MyMetier/vendor/laravel/framework/src/Illuminate/Cookie/Middleware/AddQueuedCookiesToResponse.php(36): Illuminate/Pipeline/Pipeline->{closure:{closure:Illuminate/Pipeline/Pipeline::carry():194}:195}(Object(Illuminate/Http/Request))
#33 C:/Users/Mugahed/Desktop/MyMetier/vendor/laravel/framework/src/Illuminate/Pipeline/Pipeline.php(219): Illuminate/Cookie/Middleware/AddQueuedCookiesToResponse->handle(Object(Illuminate/Http/Request), Object(Closure))
#34 C:/Users/Mugahed/Desktop/MyMetier/vendor/laravel/framework/src/Illuminate/Cookie/Middleware/EncryptCookies.php(74): Illuminate/Pipeline/Pipeline->{closure:{closure:Illuminate/Pipeline/Pipeline::carry():194}:195}(Object(Illuminate/Http/Request))
#35 C:/Users/Mugahed/Desktop/MyMetier/vendor/laravel/framework/src/Illuminate/Pipeline/Pipeline.php(219): Illuminate/Cookie/Middleware/EncryptCookies->handle(Object(Illuminate/Http/Request), Object(Closure))
#36 C:/Users/Mugahed/Desktop/MyMetier/vendor/laravel/framework/src/Illuminate/Pipeline/Pipeline.php(137): Illuminate/Pipeline/Pipeline->{closure:{closure:Illuminate/Pipeline/Pipeline::carry():194}:195}(Object(Illuminate/Http/Request))
#37 C:/Users/Mugahed/Desktop/MyMetier/vendor/laravel/framework/src/Illuminate/Routing/Router.php(821): Illuminate/Pipeline/Pipeline->then(Object(Closure))
#38 C:/Users/Mugahed/Desktop/MyMetier/vendor/laravel/framework/src/Illuminate/Routing/Router.php(800): Illuminate/Routing/Router->runRouteWithinStack(Object(Illuminate/Routing/Route), Object(Illuminate/Http/Request))
#39 C:/Users/Mugahed/Desktop/MyMetier/vendor/laravel/framework/src/Illuminate/Routing/Router.php(764): Illuminate/Routing/Router->runRoute(Object(Illuminate/Http/Request), Object(Illuminate/Routing/Route))
#40 C:/Users/Mugahed/Desktop/MyMetier/vendor/laravel/framework/src/Illuminate/Routing/Router.php(753): Illuminate/Routing/Router->dispatchToRoute(Object(Illuminate/Http/Request))
#41 C:/Users/Mugahed/Desktop/MyMetier/vendor/laravel/framework/src/Illuminate/Foundation/Http/Kernel.php(200): Illuminate/Routing/Router->dispatch(Object(Illuminate/Http/Request))
#42 C:/Users/Mugahed/Desktop/MyMetier/vendor/laravel/framework/src/Illuminate/Pipeline/Pipeline.php(180): Illuminate/Foundation/Http/Kernel->{closure:Illuminate/Foundation/Http/Kernel::dispatchToRouter():197}(Object(Illuminate/Http/Request))
#43 C:/Users/Mugahed/Desktop/MyMetier/vendor/livewire/livewire/src/Features/SupportDisablingBackButtonCache/DisableBackButtonCacheMiddleware.php(19): Illuminate/Pipeline/Pipeline->{closure:Illuminate/Pipeline/Pipeline::prepareDestination():178}(Object(Illuminate/Http/Request))
#44 C:/Users/Mugahed/Desktop/MyMetier/vendor/laravel/framework/src/Illuminate/Pipeline/Pipeline.php(219): Livewire/Features/SupportDisablingBackButtonCache/DisableBackButtonCacheMiddleware->handle(Object(Illuminate/Http/Request), Object(Closure))
#45 C:/Users/Mugahed/Desktop/MyMetier/vendor/laravel/framework/src/Illuminate/Foundation/Http/Middleware/TransformsRequest.php(21): Illuminate/Pipeline/Pipeline->{closure:{closure:Illuminate/Pipeline/Pipeline::carry():194}:195}(Object(Illuminate/Http/Request))
#46 C:/Users/Mugahed/Desktop/MyMetier/vendor/laravel/framework/src/Illuminate/Foundation/Http/Middleware/ConvertEmptyStringsToNull.php(31): Illuminate/Foundation/Http/Middleware/TransformsRequest->handle(Object(Illuminate/Http/Request), Object(Closure))
#47 C:/Users/Mugahed/Desktop/MyMetier/vendor/laravel/framework/src/Illuminate/Pipeline/Pipeline.php(219): Illuminate/Foundation/Http/Middleware/ConvertEmptyStringsToNull->handle(Object(Illuminate/Http/Request), Object(Closure))
#48 C:/Users/Mugahed/Desktop/MyMetier/vendor/laravel/framework/src/Illuminate/Foundation/Http/Middleware/TransformsRequest.php(21): Illuminate/Pipeline/Pipeline->{closure:{closure:Illuminate/Pipeline/Pipeline::carry():194}:195}(Object(Illuminate/Http/Request))
#49 C:/Users/Mugahed/Desktop/MyMetier/vendor/laravel/framework/src/Illuminate/Foundation/Http/Middleware/TrimStrings.php(51): Illuminate/Foundation/Http/Middleware/TransformsRequest->handle(Object(Illuminate/Http/Request), Object(Closure))
#50 C:/Users/Mugahed/Desktop/MyMetier/vendor/laravel/framework/src/Illuminate/Pipeline/Pipeline.php(219): Illuminate/Foundation/Http/Middleware/TrimStrings->handle(Object(Illuminate/Http/Request), Object(Closure))
#51 C:/Users/Mugahed/Desktop/MyMetier/vendor/laravel/framework/src/Illuminate/Http/Middleware/ValidatePostSize.php(27): Illuminate/Pipeline/Pipeline->{closure:{closure:Illuminate/Pipeline/Pipeline::carry():194}:195}(Object(Illuminate/Http/Request))
#52 C:/Users/Mugahed/Desktop/MyMetier/vendor/laravel/framework/src/Illuminate/Pipeline/Pipeline.php(219): Illuminate/Http/Middleware/ValidatePostSize->handle(Object(Illuminate/Http/Request), Object(Closure))
#53 C:/Users/Mugahed/Desktop/MyMetier/vendor/laravel/framework/src/Illuminate/Foundation/Http/Middleware/PreventRequestsDuringMaintenance.php(109): Illuminate/Pipeline/Pipeline->{closure:{closure:Illuminate/Pipeline/Pipeline::carry():194}:195}(Object(Illuminate/Http/Request))
#54 C:/Users/Mugahed/Desktop/MyMetier/vendor/laravel/framework/src/Illuminate/Pipeline/Pipeline.php(219): Illuminate/Foundation/Http/Middleware/PreventRequestsDuringMaintenance->handle(Object(Illuminate/Http/Request), Object(Closure))
#55 C:/Users/Mugahed/Desktop/MyMetier/vendor/laravel/framework/src/Illuminate/Http/Middleware/HandleCors.php(61): Illuminate/Pipeline/Pipeline->{closure:{closure:Illuminate/Pipeline/Pipeline::carry():194}:195}(Object(Illuminate/Http/Request))
#56 C:/Users/Mugahed/Desktop/MyMetier/vendor/laravel/framework/src/Illuminate/Pipeline/Pipeline.php(219): Illuminate/Http/Middleware/HandleCors->handle(Object(Illuminate/Http/Request), Object(Closure))
#57 C:/Users/Mugahed/Desktop/MyMetier/vendor/laravel/framework/src/Illuminate/Http/Middleware/TrustProxies.php(58): Illuminate/Pipeline/Pipeline->{closure:{closure:Illuminate/Pipeline/Pipeline::carry():194}:195}(Object(Illuminate/Http/Request))
#58 C:/Users/Mugahed/Desktop/MyMetier/vendor/laravel/framework/src/Illuminate/Pipeline/Pipeline.php(219): Illuminate/Http/Middleware/TrustProxies->handle(Object(Illuminate/Http/Request), Object(Closure))
#59 C:/Users/Mugahed/Desktop/MyMetier/vendor/laravel/framework/src/Illuminate/Foundation/Http/Middleware/InvokeDeferredCallbacks.php(22): Illuminate/Pipeline/Pipeline->{closure:{closure:Illuminate/Pipeline/Pipeline::carry():194}:195}(Object(Illuminate/Http/Request))
#60 C:/Users/Mugahed/Desktop/MyMetier/vendor/laravel/framework/src/Illuminate/Pipeline/Pipeline.php(219): Illuminate/Foundation/Http/Middleware/InvokeDeferredCallbacks->handle(Object(Illuminate/Http/Request), Object(Closure))
#61 C:/Users/Mugahed/Desktop/MyMetier/vendor/laravel/framework/src/Illuminate/Http/Middleware/ValidatePathEncoding.php(28): Illuminate/Pipeline/Pipeline->{closure:{closure:Illuminate/Pipeline/Pipeline::carry():194}:195}(Object(Illuminate/Http/Request))
#62 C:/Users/Mugahed/Desktop/MyMetier/vendor/laravel/framework/src/Illuminate/Pipeline/Pipeline.php(219): Illuminate/Http/Middleware/ValidatePathEncoding->handle(Object(Illuminate/Http/Request), Object(Closure))
#63 C:/Users/Mugahed/Desktop/MyMetier/vendor/laravel/framework/src/Illuminate/Pipeline/Pipeline.php(137): Illuminate/Pipeline/Pipeline->{closure:{closure:Illuminate/Pipeline/Pipeline::carry():194}:195}(Object(Illuminate/Http/Request))
#64 C:/Users/Mugahed/Desktop/MyMetier/vendor/laravel/framework/src/Illuminate/Foundation/Http/Kernel.php(175): Illuminate/Pipeline/Pipeline->then(Object(Closure))
#65 C:/Users/Mugahed/Desktop/MyMetier/vendor/laravel/framework/src/Illuminate/Foundation/Http/Kernel.php(144): Illuminate/Foundation/Http/Kernel->sendRequestThroughRouter(Object(Illuminate/Http/Request))
#66 C:/Users/Mugahed/Desktop/MyMetier/vendor/laravel/framework/src/Illuminate/Foundation/Application.php(1220): Illuminate/Foundation/Http/Kernel->handle(Object(Illuminate/Http/Request))
#67 C:/Users/Mugahed/Desktop/MyMetier/public/index.php(20): Illuminate/Foundation/Application->handleRequest(Object(Illuminate/Http/Request))
#68 C:/Program Files/Herd/resources/app.asar.unpacked/resources/valet/server.php(139): require('C://Users//Mugahe...')
#69 {main}

[previous exception] [object] (ErrorException(code: 0): rename(C:\\Users\\Mugahed\\Desktop\\MyMetier\\storage\\framework\\views\\747BCCC.tmp,C:\\Users\\Mugahed\\Desktop\\MyMetier\\storage\\framework\\views/747e3c72972cc4b54eff1c58e20c42ac.php): Access is denied (code: 5) at C:/Users/Mugahed/Desktop/MyMetier/vendor/laravel/framework/src/Illuminate/Filesystem/Filesystem.php:233)
[stacktrace]
#0 C:/Users/Mugahed/Desktop/MyMetier/vendor/laravel/framework/src/Illuminate/Foundation/Bootstrap/HandleExceptions.php(258): Illuminate/Foundation/Bootstrap/HandleExceptions->handleError(2, 'rename(C://Users...', 'C://Users//Mugahe...', 233)
#1 [internal function]: Illuminate/Foundation/Bootstrap/HandleExceptions->{closure:Illuminate/Foundation/Bootstrap/HandleExceptions::forwardsTo():257}(2, 'rename(C://Users...', 'C://Users//Mugahe...', 233)
#2 C:/Users/Mugahed/Desktop/MyMetier/vendor/laravel/framework/src/Illuminate/Filesystem/Filesystem.php(233): rename('C://Users//Mugahe...', 'C://Users//Mugahe...')
#3 C:/Users/Mugahed/Desktop/MyMetier/vendor/laravel/framework/src/Illuminate/View/Compilers/BladeCompiler.php(199): Illuminate/Filesystem/Filesystem->replace('C://Users//Mugahe...', '<!DOCTYPE html>...')
#4 C:/Users/Mugahed/Desktop/MyMetier/vendor/laravel/framework/src/Illuminate/View/Engines/CompilerEngine.php(68): Illuminate/View/Compilers/BladeCompiler->compile('C://Users//Mugahe...')
#5 C:/Users/Mugahed/Desktop/MyMetier/vendor/livewire/livewire/src/Mechanisms/ExtendBlade/ExtendedCompilerEngine.php(10): Illuminate/View/Engines/CompilerEngine->get('C://Users//Mugahe...', Array)
#6 C:/Users/Mugahed/Desktop/MyMetier/vendor/laravel/framework/src/Illuminate/View/View.php(208): Livewire/Mechanisms/ExtendBlade/ExtendedCompilerEngine->get('C://Users//Mugahe...', Array)
#7 C:/Users/Mugahed/Desktop/MyMetier/vendor/laravel/framework/src/Illuminate/View/View.php(191): Illuminate/View/View->getContents()
#8 C:/Users/Mugahed/Desktop/MyMetier/vendor/laravel/framework/src/Illuminate/View/View.php(160): Illuminate/View/View->renderContents()
#9 C:/Users/Mugahed/Desktop/MyMetier/vendor/laravel/framework/src/Illuminate/View/Concerns/ManagesComponents.php(103): Illuminate/View/View->render()
#10 C:/Users/Mugahed/Desktop/MyMetier/storage/framework/views/ff04fcdb3c928c7d4b903b5450a05f1e.php(17): Illuminate/View/Factory->renderComponent()
#11 C:/Users/Mugahed/Desktop/MyMetier/vendor/laravel/framework/src/Illuminate/Filesystem/Filesystem.php(123): require('C://Users//Mugahe...')
#12 C:/Users/Mugahed/Desktop/MyMetier/vendor/laravel/framework/src/Illuminate/Filesystem/Filesystem.php(124): Illuminate/Filesystem/Filesystem::{closure:Illuminate/Filesystem/Filesystem::getRequire():120}()
#13 C:/Users/Mugahed/Desktop/MyMetier/vendor/laravel/framework/src/Illuminate/View/Engines/PhpEngine.php(57): Illuminate/Filesystem/Filesystem->getRequire('C://Users//Mugahe...', Array)
#14 C:/Users/Mugahed/Desktop/MyMetier/vendor/livewire/livewire/src/Mechanisms/ExtendBlade/ExtendedCompilerEngine.php(22): Illuminate/View/Engines/PhpEngine->evaluatePath('C://Users//Mugahe...', Array)
#15 C:/Users/Mugahed/Desktop/MyMetier/vendor/laravel/framework/src/Illuminate/View/Engines/CompilerEngine.php(76): Livewire/Mechanisms/ExtendBlade/ExtendedCompilerEngine->evaluatePath('C://Users//Mugahe...', Array)
#16 C:/Users/Mugahed/Desktop/MyMetier/vendor/livewire/livewire/src/Mechanisms/ExtendBlade/ExtendedCompilerEngine.php(10): Illuminate/View/Engines/CompilerEngine->get('C://Users//Mugahe...', Array)
#17 C:/Users/Mugahed/Desktop/MyMetier/vendor/laravel/framework/src/Illuminate/View/View.php(208): Livewire/Mechanisms/ExtendBlade/ExtendedCompilerEngine->get('C://Users//Mugahe...', Array)
#18 C:/Users/Mugahed/Desktop/MyMetier/vendor/laravel/framework/src/Illuminate/View/View.php(191): Illuminate/View/View->getContents()
#19 C:/Users/Mugahed/Desktop/MyMetier/vendor/laravel/framework/src/Illuminate/View/View.php(160): Illuminate/View/View->renderContents()
#20 C:/Users/Mugahed/Desktop/MyMetier/vendor/laravel/framework/src/Illuminate/View/Compilers/BladeCompiler.php(353): Illuminate/View/View->render()
#21 C:/Users/Mugahed/Desktop/MyMetier/vendor/laravel/framework/src/Illuminate/Support/Facades/Facade.php(363): Illuminate/View/Compilers/BladeCompiler::render('    <?php $layo...', Array)
#22 C:/Users/Mugahed/Desktop/MyMetier/vendor/livewire/livewire/src/Features/SupportPageComponents/SupportPageComponents.php(154): Illuminate/Support/Facades/Facade::__callStatic('render', Array)
#23 C:/Users/Mugahed/Desktop/MyMetier/vendor/livewire/livewire/src/Features/SupportPageComponents/HandlesPageComponents.php(26): Livewire/Features/SupportPageComponents/SupportPageComponents::renderContentsIntoLayout('<div wire:snaps...', Object(Livewire/Features/SupportPageComponents/PageComponentConfig))
#24 C:/Users/Mugahed/Desktop/MyMetier/vendor/laravel/framework/src/Illuminate/Routing/ControllerDispatcher.php(46): Livewire/Component->__invoke('2')
#25 C:/Users/Mugahed/Desktop/MyMetier/vendor/laravel/framework/src/Illuminate/Routing/Route.php(269): Illuminate/Routing/ControllerDispatcher->dispatch(Object(Illuminate/Routing/Route), Object(App/Livewire/ProfessionalProfilePage), '__invoke')
#26 C:/Users/Mugahed/Desktop/MyMetier/vendor/laravel/framework/src/Illuminate/Routing/Route.php(215): Illuminate/Routing/Route->runController()
#27 C:/Users/Mugahed/Desktop/MyMetier/vendor/laravel/framework/src/Illuminate/Routing/Router.php(822): Illuminate/Routing/Route->run()
#28 C:/Users/Mugahed/Desktop/MyMetier/vendor/laravel/framework/src/Illuminate/Pipeline/Pipeline.php(180): Illuminate/Routing/Router->{closure:Illuminate/Routing/Router::runRouteWithinStack():821}(Object(Illuminate/Http/Request))
#29 C:/Users/Mugahed/Desktop/MyMetier/app/Http/Middleware/EnsureAccountIsActive.php(29): Illuminate/Pipeline/Pipeline->{closure:Illuminate/Pipeline/Pipeline::prepareDestination():178}(Object(Illuminate/Http/Request))
#30 C:/Users/Mugahed/Desktop/MyMetier/vendor/laravel/framework/src/Illuminate/Pipeline/Pipeline.php(219): App/Http/Middleware/EnsureAccountIsActive->handle(Object(Illuminate/Http/Request), Object(Closure))
#31 C:/Users/Mugahed/Desktop/MyMetier/app/Http/Middleware/LogResponseTime.php(20): Illuminate/Pipeline/Pipeline->{closure:{closure:Illuminate/Pipeline/Pipeline::carry():194}:195}(Object(Illuminate/Http/Request))
#32 C:/Users/Mugahed/Desktop/MyMetier/vendor/laravel/framework/src/Illuminate/Pipeline/Pipeline.php(219): App/Http/Middleware/LogResponseTime->handle(Object(Illuminate/Http/Request), Object(Closure))
#33 C:/Users/Mugahed/Desktop/MyMetier/app/Http/Middleware/RegenerateSessionAfterLogin.php(25): Illuminate/Pipeline/Pipeline->{closure:{closure:Illuminate/Pipeline/Pipeline::carry():194}:195}(Object(Illuminate/Http/Request))
#34 C:/Users/Mugahed/Desktop/MyMetier/vendor/laravel/framework/src/Illuminate/Pipeline/Pipeline.php(219): App/Http/Middleware/RegenerateSessionAfterLogin->handle(Object(Illuminate/Http/Request), Object(Closure))
#35 C:/Users/Mugahed/Desktop/MyMetier/vendor/laravel/framework/src/Illuminate/Routing/Middleware/SubstituteBindings.php(52): Illuminate/Pipeline/Pipeline->{closure:{closure:Illuminate/Pipeline/Pipeline::carry():194}:195}(Object(Illuminate/Http/Request))
#36 C:/Users/Mugahed/Desktop/MyMetier/vendor/laravel/framework/src/Illuminate/Pipeline/Pipeline.php(219): Illuminate/Routing/Middleware/SubstituteBindings->handle(Object(Illuminate/Http/Request), Object(Closure))
#37 C:/Users/Mugahed/Desktop/MyMetier/vendor/laravel/framework/src/Illuminate/Foundation/Http/Middleware/PreventRequestForgery.php(104): Illuminate/Pipeline/Pipeline->{closure:{closure:Illuminate/Pipeline/Pipeline::carry():194}:195}(Object(Illuminate/Http/Request))
#38 C:/Users/Mugahed/Desktop/MyMetier/vendor/laravel/framework/src/Illuminate/Pipeline/Pipeline.php(219): Illuminate/Foundation/Http/Middleware/PreventRequestForgery->handle(Object(Illuminate/Http/Request), Object(Closure))
#39 C:/Users/Mugahed/Desktop/MyMetier/vendor/laravel/framework/src/Illuminate/View/Middleware/ShareErrorsFromSession.php(48): Illuminate/Pipeline/Pipeline->{closure:{closure:Illuminate/Pipeline/Pipeline::carry():194}:195}(Object(Illuminate/Http/Request))
#40 C:/Users/Mugahed/Desktop/MyMetier/vendor/laravel/framework/src/Illuminate/Pipeline/Pipeline.php(219): Illuminate/View/Middleware/ShareErrorsFromSession->handle(Object(Illuminate/Http/Request), Object(Closure))
#41 C:/Users/Mugahed/Desktop/MyMetier/vendor/laravel/framework/src/Illuminate/Session/Middleware/StartSession.php(120): Illuminate/Pipeline/Pipeline->{closure:{closure:Illuminate/Pipeline/Pipeline::carry():194}:195}(Object(Illuminate/Http/Request))
#42 C:/Users/Mugahed/Desktop/MyMetier/vendor/laravel/framework/src/Illuminate/Session/Middleware/StartSession.php(63): Illuminate/Session/Middleware/StartSession->handleStatefulRequest(Object(Illuminate/Http/Request), Object(Illuminate/Session/Store), Object(Closure))
#43 C:/Users/Mugahed/Desktop/MyMetier/vendor/laravel/framework/src/Illuminate/Pipeline/Pipeline.php(219): Illuminate/Session/Middleware/StartSession->handle(Object(Illuminate/Http/Request), Object(Closure))
#44 C:/Users/Mugahed/Desktop/MyMetier/vendor/laravel/framework/src/Illuminate/Cookie/Middleware/AddQueuedCookiesToResponse.php(36): Illuminate/Pipeline/Pipeline->{closure:{closure:Illuminate/Pipeline/Pipeline::carry():194}:195}(Object(Illuminate/Http/Request))
#45 C:/Users/Mugahed/Desktop/MyMetier/vendor/laravel/framework/src/Illuminate/Pipeline/Pipeline.php(219): Illuminate/Cookie/Middleware/AddQueuedCookiesToResponse->handle(Object(Illuminate/Http/Request), Object(Closure))
#46 C:/Users/Mugahed/Desktop/MyMetier/vendor/laravel/framework/src/Illuminate/Cookie/Middleware/EncryptCookies.php(74): Illuminate/Pipeline/Pipeline->{closure:{closure:Illuminate/Pipeline/Pipeline::carry():194}:195}(Object(Illuminate/Http/Request))
#47 C:/Users/Mugahed/Desktop/MyMetier/vendor/laravel/framework/src/Illuminate/Pipeline/Pipeline.php(219): Illuminate/Cookie/Middleware/EncryptCookies->handle(Object(Illuminate/Http/Request), Object(Closure))
#48 C:/Users/Mugahed/Desktop/MyMetier/vendor/laravel/framework/src/Illuminate/Pipeline/Pipeline.php(137): Illuminate/Pipeline/Pipeline->{closure:{closure:Illuminate/Pipeline/Pipeline::carry():194}:195}(Object(Illuminate/Http/Request))
#49 C:/Users/Mugahed/Desktop/MyMetier/vendor/laravel/framework/src/Illuminate/Routing/Router.php(821): Illuminate/Pipeline/Pipeline->then(Object(Closure))
#50 C:/Users/Mugahed/Desktop/MyMetier/vendor/laravel/framework/src/Illuminate/Routing/Router.php(800): Illuminate/Routing/Router->runRouteWithinStack(Object(Illuminate/Routing/Route), Object(Illuminate/Http/Request))
#51 C:/Users/Mugahed/Desktop/MyMetier/vendor/laravel/framework/src/Illuminate/Routing/Router.php(764): Illuminate/Routing/Router->runRoute(Object(Illuminate/Http/Request), Object(Illuminate/Routing/Route))
#52 C:/Users/Mugahed/Desktop/MyMetier/vendor/laravel/framework/src/Illuminate/Routing/Router.php(753): Illuminate/Routing/Router->dispatchToRoute(Object(Illuminate/Http/Request))
#53 C:/Users/Mugahed/Desktop/MyMetier/vendor/laravel/framework/src/Illuminate/Foundation/Http/Kernel.php(200): Illuminate/Routing/Router->dispatch(Object(Illuminate/Http/Request))
#54 C:/Users/Mugahed/Desktop/MyMetier/vendor/laravel/framework/src/Illuminate/Pipeline/Pipeline.php(180): Illuminate/Foundation/Http/Kernel->{closure:Illuminate/Foundation/Http/Kernel::dispatchToRouter():197}(Object(Illuminate/Http/Request))
#55 C:/Users/Mugahed/Desktop/MyMetier/vendor/livewire/livewire/src/Features/SupportDisablingBackButtonCache/DisableBackButtonCacheMiddleware.php(19): Illuminate/Pipeline/Pipeline->{closure:Illuminate/Pipeline/Pipeline::prepareDestination():178}(Object(Illuminate/Http/Request))
#56 C:/Users/Mugahed/Desktop/MyMetier/vendor/laravel/framework/src/Illuminate/Pipeline/Pipeline.php(219): Livewire/Features/SupportDisablingBackButtonCache/DisableBackButtonCacheMiddleware->handle(Object(Illuminate/Http/Request), Object(Closure))
#57 C:/Users/Mugahed/Desktop/MyMetier/vendor/laravel/framework/src/Illuminate/Foundation/Http/Middleware/TransformsRequest.php(21): Illuminate/Pipeline/Pipeline->{closure:{closure:Illuminate/Pipeline/Pipeline::carry():194}:195}(Object(Illuminate/Http/Request))
#58 C:/Users/Mugahed/Desktop/MyMetier/vendor/laravel/framework/src/Illuminate/Foundation/Http/Middleware/ConvertEmptyStringsToNull.php(31): Illuminate/Foundation/Http/Middleware/TransformsRequest->handle(Object(Illuminate/Http/Request), Object(Closure))
#59 C:/Users/Mugahed/Desktop/MyMetier/vendor/laravel/framework/src/Illuminate/Pipeline/Pipeline.php(219): Illuminate/Foundation/Http/Middleware/ConvertEmptyStringsToNull->handle(Object(Illuminate/Http/Request), Object(Closure))
#60 C:/Users/Mugahed/Desktop/MyMetier/vendor/laravel/framework/src/Illuminate/Foundation/Http/Middleware/TransformsRequest.php(21): Illuminate/Pipeline/Pipeline->{closure:{closure:Illuminate/Pipeline/Pipeline::carry():194}:195}(Object(Illuminate/Http/Request))
#61 C:/Users/Mugahed/Desktop/MyMetier/vendor/laravel/framework/src/Illuminate/Foundation/Http/Middleware/TrimStrings.php(51): Illuminate/Foundation/Http/Middleware/TransformsRequest->handle(Object(Illuminate/Http/Request), Object(Closure))
#62 C:/Users/Mugahed/Desktop/MyMetier/vendor/laravel/framework/src/Illuminate/Pipeline/Pipeline.php(219): Illuminate/Foundation/Http/Middleware/TrimStrings->handle(Object(Illuminate/Http/Request), Object(Closure))
#63 C:/Users/Mugahed/Desktop/MyMetier/vendor/laravel/framework/src/Illuminate/Http/Middleware/ValidatePostSize.php(27): Illuminate/Pipeline/Pipeline->{closure:{closure:Illuminate/Pipeline/Pipeline::carry():194}:195}(Object(Illuminate/Http/Request))
#64 C:/Users/Mugahed/Desktop/MyMetier/vendor/laravel/framework/src/Illuminate/Pipeline/Pipeline.php(219): Illuminate/Http/Middleware/ValidatePostSize->handle(Object(Illuminate/Http/Request), Object(Closure))
#65 C:/Users/Mugahed/Desktop/MyMetier/vendor/laravel/framework/src/Illuminate/Foundation/Http/Middleware/PreventRequestsDuringMaintenance.php(109): Illuminate/Pipeline/Pipeline->{closure:{closure:Illuminate/Pipeline/Pipeline::carry():194}:195}(Object(Illuminate/Http/Request))
#66 C:/Users/Mugahed/Desktop/MyMetier/vendor/laravel/framework/src/Illuminate/Pipeline/Pipeline.php(219): Illuminate/Foundation/Http/Middleware/PreventRequestsDuringMaintenance->handle(Object(Illuminate/Http/Request), Object(Closure))
#67 C:/Users/Mugahed/Desktop/MyMetier/vendor/laravel/framework/src/Illuminate/Http/Middleware/HandleCors.php(61): Illuminate/Pipeline/Pipeline->{closure:{closure:Illuminate/Pipeline/Pipeline::carry():194}:195}(Object(Illuminate/Http/Request))
#68 C:/Users/Mugahed/Desktop/MyMetier/vendor/laravel/framework/src/Illuminate/Pipeline/Pipeline.php(219): Illuminate/Http/Middleware/HandleCors->handle(Object(Illuminate/Http/Request), Object(Closure))
#69 C:/Users/Mugahed/Desktop/MyMetier/vendor/laravel/framework/src/Illuminate/Http/Middleware/TrustProxies.php(58): Illuminate/Pipeline/Pipeline->{closure:{closure:Illuminate/Pipeline/Pipeline::carry():194}:195}(Object(Illuminate/Http/Request))
#70 C:/Users/Mugahed/Desktop/MyMetier/vendor/laravel/framework/src/Illuminate/Pipeline/Pipeline.php(219): Illuminate/Http/Middleware/TrustProxies->handle(Object(Illuminate/Http/Request), Object(Closure))
#71 C:/Users/Mugahed/Desktop/MyMetier/vendor/laravel/framework/src/Illuminate/Foundation/Http/Middleware/InvokeDeferredCallbacks.php(22): Illuminate/Pipeline/Pipeline->{closure:{closure:Illuminate/Pipeline/Pipeline::carry():194}:195}(Object(Illuminate/Http/Request))
#72 C:/Users/Mugahed/Desktop/MyMetier/vendor/laravel/framework/src/Illuminate/Pipeline/Pipeline.php(219): Illuminate/Foundation/Http/Middleware/InvokeDeferredCallbacks->handle(Object(Illuminate/Http/Request), Object(Closure))
#73 C:/Users/Mugahed/Desktop/MyMetier/vendor/laravel/framework/src/Illuminate/Http/Middleware/ValidatePathEncoding.php(28): Illuminate/Pipeline/Pipeline->{closure:{closure:Illuminate/Pipeline/Pipeline::carry():194}:195}(Object(Illuminate/Http/Request))
#74 C:/Users/Mugahed/Desktop/MyMetier/vendor/laravel/framework/src/Illuminate/Pipeline/Pipeline.php(219): Illuminate/Http/Middleware/ValidatePathEncoding->handle(Object(Illuminate/Http/Request), Object(Closure))
#75 C:/Users/Mugahed/Desktop/MyMetier/vendor/laravel/framework/src/Illuminate/Pipeline/Pipeline.php(137): Illuminate/Pipeline/Pipeline->{closure:{closure:Illuminate/Pipeline/Pipeline::carry():194}:195}(Object(Illuminate/Http/Request))
#76 C:/Users/Mugahed/Desktop/MyMetier/vendor/laravel/framework/src/Illuminate/Foundation/Http/Kernel.php(175): Illuminate/Pipeline/Pipeline->then(Object(Closure))
#77 C:/Users/Mugahed/Desktop/MyMetier/vendor/laravel/framework/src/Illuminate/Foundation/Http/Kernel.php(144): Illuminate/Foundation/Http/Kernel->sendRequestThroughRouter(Object(Illuminate/Http/Request))
#78 C:/Users/Mugahed/Desktop/MyMetier/vendor/laravel/framework/src/Illuminate/Foundation/Application.php(1220): Illuminate/Foundation/Http/Kernel->handle(Object(Illuminate/Http/Request))
#79 C:/Users/Mugahed/Desktop/MyMetier/public/index.php(20): Illuminate/Foundation/Application->handleRequest(Object(Illuminate/Http/Request))
#80 C:/Program Files/Herd/resources/app.asar.unpacked/resources/valet/server.php(139): require('C://Users//Mugahe...')
#81 {main}
"} 
[2026-03-28 21:14:51] local.DEBUG: REQUEST TIME {"url":"http://mymetier.test/professionals/2","time_ms":877.04,"memory_mb":10.0} 
[2026-03-28 21:14:51] local.WARNING: SLOW REQUEST ALERT {"url":"http://mymetier.test/professionals/2","time_ms":877.04,"memory_mb":10.0} 
[2026-03-28 21:14:51] local.DEBUG: REQUEST TIME {"url":"http://mymetier.test/professionals/2","time_ms":2484.71,"memory_mb":10.0} 
[2026-03-28 21:14:51] local.WARNING: SLOW REQUEST ALERT {"url":"http://mymetier.test/professionals/2","time_ms":2484.71,"memory_mb":10.0} 
[2026-03-28 21:14:52] local.WARNING: SLOW QUERY {"sql":"update \"sessions\" set \"payload\" = ?, \"last_activity\" = ?, \"user_id\" = ?, \"ip_address\" = ?, \"user_agent\" = ? where \"id\" = ?","time":152.46} 
[2026-03-28 21:15:14] local.DEBUG: REQUEST TIME {"url":"http://mymetier.test/professionals/2","time_ms":24952.45,"memory_mb":20.0} 
[2026-03-28 21:15:14] local.WARNING: SLOW REQUEST ALERT {"url":"http://mymetier.test/professionals/2","time_ms":24952.45,"memory_mb":20.0} 
[2026-03-28 21:41:21] local.DEBUG: REQUEST TIME {"url":"http://mymetier.test/dashboard","time_ms":1626.01,"memory_mb":10.0} 
[2026-03-28 21:41:21] local.WARNING: SLOW REQUEST ALERT {"url":"http://mymetier.test/dashboard","time_ms":1626.01,"memory_mb":10.0} 
[2026-03-28 21:41:38] local.DEBUG: REQUEST TIME {"url":"http://mymetier.test/upgrade","time_ms":1413.56,"memory_mb":10.0} 
[2026-03-28 21:41:38] local.WARNING: SLOW REQUEST ALERT {"url":"http://mymetier.test/upgrade","time_ms":1413.56,"memory_mb":10.0} 
[2026-03-28 21:44:21] local.DEBUG: REQUEST TIME {"url":"http://mymetier.test/livewire-f00c2fb8/update","time_ms":40.01,"memory_mb":10.0} 
[2026-03-28 21:52:12] local.DEBUG: REQUEST TIME {"url":"http://mymetier.test/livewire-f00c2fb8/update","time_ms":209.86,"memory_mb":10.0} 
[2026-03-28 21:52:14] local.DEBUG: REQUEST TIME {"url":"http://mymetier.test/livewire-f00c2fb8/upload-file","time_ms":1388.63,"memory_mb":20.0} 
[2026-03-28 21:52:14] local.WARNING: SLOW REQUEST ALERT {"url":"http://mymetier.test/livewire-f00c2fb8/upload-file","time_ms":1388.63,"memory_mb":20.0} 
[2026-03-28 21:52:15] local.DEBUG: REQUEST TIME {"url":"http://mymetier.test/livewire-f00c2fb8/update","time_ms":168.97,"memory_mb":10.0} 
[2026-03-28 21:52:18] local.DEBUG: REQUEST TIME {"url":"http://mymetier.test/livewire-f00c2fb8/update","time_ms":259.88,"memory_mb":18.0} 
[2026-03-28 21:52:23] local.DEBUG: REQUEST TIME {"url":"http://mymetier.test/livewire-f00c2fb8/update","time_ms":31.82,"memory_mb":18.0} 
[2026-03-28 21:52:50] local.DEBUG: REQUEST TIME {"url":"http://mymetier.test/livewire-f00c2fb8/update","time_ms":31.32,"memory_mb":18.0} 
[2026-03-28 21:52:59] local.ERROR: SQLSTATE[23000]: Integrity constraint violation: 19 CHECK constraint failed: contractor_type (Connection: sqlite, Database: C:\Users\Mugahed\Desktop\MyMetier\database\database.sqlite, SQL: insert into "contractor_details" ("business_name", "contractor_type", "team_size", "professional_profile_id", "updated_at", "created_at") values (ورشة اليمن السعيد , نجارة خشب - اثاث منزلني بكل انواعه , 6, 3, 2026-03-28 21:52:59, 2026-03-28 21:52:59)) {"user_id":2,"url":"http://mymetier.test/livewire-f00c2fb8/update","userId":2,"exception":"[object] (Illuminate\\Database\\QueryException(code: 23000): SQLSTATE[23000]: Integrity constraint violation: 19 CHECK constraint failed: contractor_type (Connection: sqlite, Database: C:\\Users\\Mugahed\\Desktop\\MyMetier\\database\\database.sqlite, SQL: insert into \"contractor_details\" (\"business_name\", \"contractor_type\", \"team_size\", \"professional_profile_id\", \"updated_at\", \"created_at\") values (ورشة اليمن السعيد , نجارة خشب - اثاث منزلني بكل انواعه , 6, 3, 2026-03-28 21:52:59, 2026-03-28 21:52:59)) at C:/Users/Mugahed/Desktop/MyMetier/vendor/laravel/framework/src/Illuminate/Database/Connection.php:841)
[stacktrace]
#0 C:/Users/Mugahed/Desktop/MyMetier/vendor/laravel/framework/src/Illuminate/Database/Connection.php(797): Illuminate/Database/Connection->runQueryCallback('insert into \"co...', Array, Object(Closure))
#1 C:/Users/Mugahed/Desktop/MyMetier/vendor/laravel/framework/src/Illuminate/Database/Connection.php(576): Illuminate/Database/Connection->run('insert into \"co...', Array, Object(Closure))
#2 C:/Users/Mugahed/Desktop/MyMetier/vendor/laravel/framework/src/Illuminate/Database/Connection.php(540): Illuminate/Database/Connection->statement('insert into \"co...', Array)
#3 C:/Users/Mugahed/Desktop/MyMetier/vendor/laravel/framework/src/Illuminate/Database/Query/Processors/Processor.php(32): Illuminate/Database/Connection->insert('insert into \"co...', Array)
#4 C:/Users/Mugahed/Desktop/MyMetier/vendor/laravel/framework/src/Illuminate/Database/Query/Builder.php(4246): Illuminate/Database/Query/Processors/Processor->processInsertGetId(Object(Illuminate/Database/Query/Builder), 'insert into \"co...', Array, 'id')
#5 C:/Users/Mugahed/Desktop/MyMetier/vendor/laravel/framework/src/Illuminate/Database/Eloquent/Builder.php(2242): Illuminate/Database/Query/Builder->insertGetId(Array, 'id')
#6 C:/Users/Mugahed/Desktop/MyMetier/vendor/laravel/framework/src/Illuminate/Database/Eloquent/Model.php(1577): Illuminate/Database/Eloquent/Builder->__call('insertGetId', Array)
#7 C:/Users/Mugahed/Desktop/MyMetier/vendor/laravel/framework/src/Illuminate/Database/Eloquent/Model.php(1493): Illuminate/Database/Eloquent/Model->insertAndSetId(Object(Illuminate/Database/Eloquent/Builder), Array)
#8 C:/Users/Mugahed/Desktop/MyMetier/vendor/laravel/framework/src/Illuminate/Database/Eloquent/Model.php(1297): Illuminate/Database/Eloquent/Model->performInsert(Object(Illuminate/Database/Eloquent/Builder))
#9 C:/Users/Mugahed/Desktop/MyMetier/vendor/laravel/framework/src/Illuminate/Database/Eloquent/Relations/HasOneOrMany.php(393): Illuminate/Database/Eloquent/Model->save()
#10 C:/Users/Mugahed/Desktop/MyMetier/vendor/laravel/framework/src/Illuminate/Support/helpers.php(393): Illuminate/Database/Eloquent/Relations/HasOneOrMany->{closure:Illuminate/Database/Eloquent/Relations/HasOneOrMany::create():390}(Object(App/Models/ContractorDetails))
#11 C:/Users/Mugahed/Desktop/MyMetier/vendor/laravel/framework/src/Illuminate/Database/Eloquent/Relations/HasOneOrMany.php(390): tap(Object(App/Models/ContractorDetails), Object(Closure))
#12 C:/Users/Mugahed/Desktop/MyMetier/app/Actions/UpgradeToProvider.php(75): Illuminate/Database/Eloquent/Relations/HasOneOrMany->create(Array)
#13 C:/Users/Mugahed/Desktop/MyMetier/vendor/laravel/framework/src/Illuminate/Database/Concerns/ManagesTransactions.php(35): App/Actions/UpgradeToProvider->{closure:App/Actions/UpgradeToProvider::execute():22}(Object(Illuminate/Database/SQLiteConnection))
#14 C:/Users/Mugahed/Desktop/MyMetier/vendor/laravel/framework/src/Illuminate/Database/DatabaseManager.php(493): Illuminate/Database/Connection->transaction(Object(Closure))
#15 C:/Users/Mugahed/Desktop/MyMetier/vendor/laravel/framework/src/Illuminate/Support/Facades/Facade.php(363): Illuminate/Database/DatabaseManager->__call('transaction', Array)
#16 C:/Users/Mugahed/Desktop/MyMetier/app/Actions/UpgradeToProvider.php(22): Illuminate/Support/Facades/Facade::__callStatic('transaction', Array)
#17 C:/Users/Mugahed/Desktop/MyMetier/app/Livewire/UpgradePage.php(224): App/Actions/UpgradeToProvider->execute(Object(App/Models/User), Array, 'identity-docume...')
#18 C:/Users/Mugahed/Desktop/MyMetier/vendor/laravel/framework/src/Illuminate/Container/BoundMethod.php(36): App/Livewire/UpgradePage->submit()
#19 C:/Users/Mugahed/Desktop/MyMetier/vendor/laravel/framework/src/Illuminate/Container/Util.php(43): Illuminate/Container/BoundMethod::{closure:Illuminate/Container/BoundMethod::call():35}()
#20 C:/Users/Mugahed/Desktop/MyMetier/vendor/laravel/framework/src/Illuminate/Container/BoundMethod.php(96): Illuminate/Container/Util::unwrapIfClosure(Object(Closure))
#21 C:/Users/Mugahed/Desktop/MyMetier/vendor/laravel/framework/src/Illuminate/Container/BoundMethod.php(35): Illuminate/Container/BoundMethod::callBoundMethod(Object(Illuminate/Foundation/Application), Array, Object(Closure))
#22 C:/Users/Mugahed/Desktop/MyMetier/vendor/livewire/livewire/src/Wrapped.php(23): Illuminate/Container/BoundMethod::call(Object(Illuminate/Foundation/Application), Array, Array)
#23 C:/Users/Mugahed/Desktop/MyMetier/vendor/livewire/livewire/src/Mechanisms/HandleComponents/HandleComponents.php(660): Livewire/Wrapped->__call('submit', Array)
#24 C:/Users/Mugahed/Desktop/MyMetier/vendor/livewire/livewire/src/Mechanisms/HandleComponents/HandleComponents.php(239): Livewire/Mechanisms/HandleComponents/HandleComponents->callMethods(Object(App/Livewire/UpgradePage), Array, Object(Livewire/Mechanisms/HandleComponents/ComponentContext))
#25 C:/Users/Mugahed/Desktop/MyMetier/vendor/livewire/livewire/src/LivewireManager.php(131): Livewire/Mechanisms/HandleComponents/HandleComponents->update(Array, Array, Array)
#26 C:/Users/Mugahed/Desktop/MyMetier/vendor/livewire/livewire/src/Mechanisms/HandleRequests/HandleRequests.php(190): Livewire/LivewireManager->update(Array, Array, Array)
#27 C:/Users/Mugahed/Desktop/MyMetier/vendor/laravel/framework/src/Illuminate/Routing/ControllerDispatcher.php(46): Livewire/Mechanisms/HandleRequests/HandleRequests->handleUpdate()
#28 C:/Users/Mugahed/Desktop/MyMetier/vendor/laravel/framework/src/Illuminate/Routing/Route.php(269): Illuminate/Routing/ControllerDispatcher->dispatch(Object(Illuminate/Routing/Route), Object(Livewire/Mechanisms/HandleRequests/HandleRequests), 'handleUpdate')
#29 C:/Users/Mugahed/Desktop/MyMetier/vendor/laravel/framework/src/Illuminate/Routing/Route.php(215): Illuminate/Routing/Route->runController()
#30 C:/Users/Mugahed/Desktop/MyMetier/vendor/laravel/framework/src/Illuminate/Routing/Router.php(822): Illuminate/Routing/Route->run()
#31 C:/Users/Mugahed/Desktop/MyMetier/vendor/laravel/framework/src/Illuminate/Pipeline/Pipeline.php(180): Illuminate/Routing/Router->{closure:Illuminate/Routing/Router::runRouteWithinStack():821}(Object(Illuminate/Http/Request))
#32 C:/Users/Mugahed/Desktop/MyMetier/vendor/livewire/livewire/src/Mechanisms/HandleRequests/RequireLivewireHeaders.php(19): Illuminate/Pipeline/Pipeline->{closure:Illuminate/Pipeline/Pipeline::prepareDestination():178}(Object(Illuminate/Http/Request))
#33 C:/Users/Mugahed/Desktop/MyMetier/vendor/laravel/framework/src/Illuminate/Pipeline/Pipeline.php(219): Livewire/Mechanisms/HandleRequests/RequireLivewireHeaders->handle(Object(Illuminate/Http/Request), Object(Closure))
#34 C:/Users/Mugahed/Desktop/MyMetier/app/Http/Middleware/EnsureAccountIsActive.php(29): Illuminate/Pipeline/Pipeline->{closure:{closure:Illuminate/Pipeline/Pipeline::carry():194}:195}(Object(Illuminate/Http/Request))
#35 C:/Users/Mugahed/Desktop/MyMetier/vendor/laravel/framework/src/Illuminate/Pipeline/Pipeline.php(219): App/Http/Middleware/EnsureAccountIsActive->handle(Object(Illuminate/Http/Request), Object(Closure))
#36 C:/Users/Mugahed/Desktop/MyMetier/app/Http/Middleware/LogResponseTime.php(20): Illuminate/Pipeline/Pipeline->{closure:{closure:Illuminate/Pipeline/Pipeline::carry():194}:195}(Object(Illuminate/Http/Request))
#37 C:/Users/Mugahed/Desktop/MyMetier/vendor/laravel/framework/src/Illuminate/Pipeline/Pipeline.php(219): App/Http/Middleware/LogResponseTime->handle(Object(Illuminate/Http/Request), Object(Closure))
#38 C:/Users/Mugahed/Desktop/MyMetier/app/Http/Middleware/RegenerateSessionAfterLogin.php(25): Illuminate/Pipeline/Pipeline->{closure:{closure:Illuminate/Pipeline/Pipeline::carry():194}:195}(Object(Illuminate/Http/Request))
#39 C:/Users/Mugahed/Desktop/MyMetier/vendor/laravel/framework/src/Illuminate/Pipeline/Pipeline.php(219): App/Http/Middleware/RegenerateSessionAfterLogin->handle(Object(Illuminate/Http/Request), Object(Closure))
#40 C:/Users/Mugahed/Desktop/MyMetier/vendor/laravel/framework/src/Illuminate/Routing/Middleware/SubstituteBindings.php(52): Illuminate/Pipeline/Pipeline->{closure:{closure:Illuminate/Pipeline/Pipeline::carry():194}:195}(Object(Illuminate/Http/Request))
#41 C:/Users/Mugahed/Desktop/MyMetier/vendor/laravel/framework/src/Illuminate/Pipeline/Pipeline.php(219): Illuminate/Routing/Middleware/SubstituteBindings->handle(Object(Illuminate/Http/Request), Object(Closure))
#42 C:/Users/Mugahed/Desktop/MyMetier/vendor/laravel/framework/src/Illuminate/Foundation/Http/Middleware/PreventRequestForgery.php(104): Illuminate/Pipeline/Pipeline->{closure:{closure:Illuminate/Pipeline/Pipeline::carry():194}:195}(Object(Illuminate/Http/Request))
#43 C:/Users/Mugahed/Desktop/MyMetier/vendor/laravel/framework/src/Illuminate/Pipeline/Pipeline.php(219): Illuminate/Foundation/Http/Middleware/PreventRequestForgery->handle(Object(Illuminate/Http/Request), Object(Closure))
#44 C:/Users/Mugahed/Desktop/MyMetier/vendor/laravel/framework/src/Illuminate/View/Middleware/ShareErrorsFromSession.php(48): Illuminate/Pipeline/Pipeline->{closure:{closure:Illuminate/Pipeline/Pipeline::carry():194}:195}(Object(Illuminate/Http/Request))
#45 C:/Users/Mugahed/Desktop/MyMetier/vendor/laravel/framework/src/Illuminate/Pipeline/Pipeline.php(219): Illuminate/View/Middleware/ShareErrorsFromSession->handle(Object(Illuminate/Http/Request), Object(Closure))
#46 C:/Users/Mugahed/Desktop/MyMetier/vendor/laravel/framework/src/Illuminate/Session/Middleware/StartSession.php(120): Illuminate/Pipeline/Pipeline->{closure:{closure:Illuminate/Pipeline/Pipeline::carry():194}:195}(Object(Illuminate/Http/Request))
#47 C:/Users/Mugahed/Desktop/MyMetier/vendor/laravel/framework/src/Illuminate/Session/Middleware/StartSession.php(63): Illuminate/Session/Middleware/StartSession->handleStatefulRequest(Object(Illuminate/Http/Request), Object(Illuminate/Session/Store), Object(Closure))
#48 C:/Users/Mugahed/Desktop/MyMetier/vendor/laravel/framework/src/Illuminate/Pipeline/Pipeline.php(219): Illuminate/Session/Middleware/StartSession->handle(Object(Illuminate/Http/Request), Object(Closure))
#49 C:/Users/Mugahed/Desktop/MyMetier/vendor/laravel/framework/src/Illuminate/Cookie/Middleware/AddQueuedCookiesToResponse.php(36): Illuminate/Pipeline/Pipeline->{closure:{closure:Illuminate/Pipeline/Pipeline::carry():194}:195}(Object(Illuminate/Http/Request))
#50 C:/Users/Mugahed/Desktop/MyMetier/vendor/laravel/framework/src/Illuminate/Pipeline/Pipeline.php(219): Illuminate/Cookie/Middleware/AddQueuedCookiesToResponse->handle(Object(Illuminate/Http/Request), Object(Closure))
#51 C:/Users/Mugahed/Desktop/MyMetier/vendor/laravel/framework/src/Illuminate/Cookie/Middleware/EncryptCookies.php(74): Illuminate/Pipeline/Pipeline->{closure:{closure:Illuminate/Pipeline/Pipeline::carry():194}:195}(Object(Illuminate/Http/Request))
#52 C:/Users/Mugahed/Desktop/MyMetier/vendor/laravel/framework/src/Illuminate/Pipeline/Pipeline.php(219): Illuminate/Cookie/Middleware/EncryptCookies->handle(Object(Illuminate/Http/Request), Object(Closure))
#53 C:/Users/Mugahed/Desktop/MyMetier/vendor/laravel/framework/src/Illuminate/Pipeline/Pipeline.php(137): Illuminate/Pipeline/Pipeline->{closure:{closure:Illuminate/Pipeline/Pipeline::carry():194}:195}(Object(Illuminate/Http/Request))
#54 C:/Users/Mugahed/Desktop/MyMetier/vendor/laravel/framework/src/Illuminate/Routing/Router.php(821): Illuminate/Pipeline/Pipeline->then(Object(Closure))
#55 C:/Users/Mugahed/Desktop/MyMetier/vendor/laravel/framework/src/Illuminate/Routing/Router.php(800): Illuminate/Routing/Router->runRouteWithinStack(Object(Illuminate/Routing/Route), Object(Illuminate/Http/Request))
#56 C:/Users/Mugahed/Desktop/MyMetier/vendor/laravel/framework/src/Illuminate/Routing/Router.php(764): Illuminate/Routing/Router->runRoute(Object(Illuminate/Http/Request), Object(Illuminate/Routing/Route))
#57 C:/Users/Mugahed/Desktop/MyMetier/vendor/laravel/framework/src/Illuminate/Routing/Router.php(753): Illuminate/Routing/Router->dispatchToRoute(Object(Illuminate/Http/Request))
#58 C:/Users/Mugahed/Desktop/MyMetier/vendor/laravel/framework/src/Illuminate/Foundation/Http/Kernel.php(200): Illuminate/Routing/Router->dispatch(Object(Illuminate/Http/Request))
#59 C:/Users/Mugahed/Desktop/MyMetier/vendor/laravel/framework/src/Illuminate/Pipeline/Pipeline.php(180): Illuminate/Foundation/Http/Kernel->{closure:Illuminate/Foundation/Http/Kernel::dispatchToRouter():197}(Object(Illuminate/Http/Request))
#60 C:/Users/Mugahed/Desktop/MyMetier/vendor/livewire/livewire/src/Features/SupportDisablingBackButtonCache/DisableBackButtonCacheMiddleware.php(19): Illuminate/Pipeline/Pipeline->{closure:Illuminate/Pipeline/Pipeline::prepareDestination():178}(Object(Illuminate/Http/Request))
#61 C:/Users/Mugahed/Desktop/MyMetier/vendor/laravel/framework/src/Illuminate/Pipeline/Pipeline.php(219): Livewire/Features/SupportDisablingBackButtonCache/DisableBackButtonCacheMiddleware->handle(Object(Illuminate/Http/Request), Object(Closure))
#62 C:/Users/Mugahed/Desktop/MyMetier/vendor/laravel/framework/src/Illuminate/Foundation/Http/Middleware/ConvertEmptyStringsToNull.php(27): Illuminate/Pipeline/Pipeline->{closure:{closure:Illuminate/Pipeline/Pipeline::carry():194}:195}(Object(Illuminate/Http/Request))
#63 C:/Users/Mugahed/Desktop/MyMetier/vendor/laravel/framework/src/Illuminate/Pipeline/Pipeline.php(219): Illuminate/Foundation/Http/Middleware/ConvertEmptyStringsToNull->handle(Object(Illuminate/Http/Request), Object(Closure))
#64 C:/Users/Mugahed/Desktop/MyMetier/vendor/laravel/framework/src/Illuminate/Foundation/Http/Middleware/TrimStrings.php(47): Illuminate/Pipeline/Pipeline->{closure:{closure:Illuminate/Pipeline/Pipeline::carry():194}:195}(Object(Illuminate/Http/Request))
#65 C:/Users/Mugahed/Desktop/MyMetier/vendor/laravel/framework/src/Illuminate/Pipeline/Pipeline.php(219): Illuminate/Foundation/Http/Middleware/TrimStrings->handle(Object(Illuminate/Http/Request), Object(Closure))
#66 C:/Users/Mugahed/Desktop/MyMetier/vendor/laravel/framework/src/Illuminate/Http/Middleware/ValidatePostSize.php(27): Illuminate/Pipeline/Pipeline->{closure:{closure:Illuminate/Pipeline/Pipeline::carry():194}:195}(Object(Illuminate/Http/Request))
#67 C:/Users/Mugahed/Desktop/MyMetier/vendor/laravel/framework/src/Illuminate/Pipeline/Pipeline.php(219): Illuminate/Http/Middleware/ValidatePostSize->handle(Object(Illuminate/Http/Request), Object(Closure))
#68 C:/Users/Mugahed/Desktop/MyMetier/vendor/laravel/framework/src/Illuminate/Foundation/Http/Middleware/PreventRequestsDuringMaintenance.php(109): Illuminate/Pipeline/Pipeline->{closure:{closure:Illuminate/Pipeline/Pipeline::carry():194}:195}(Object(Illuminate/Http/Request))
#69 C:/Users/Mugahed/Desktop/MyMetier/vendor/laravel/framework/src/Illuminate/Pipeline/Pipeline.php(219): Illuminate/Foundation/Http/Middleware/PreventRequestsDuringMaintenance->handle(Object(Illuminate/Http/Request), Object(Closure))
#70 C:/Users/Mugahed/Desktop/MyMetier/vendor/laravel/framework/src/Illuminate/Http/Middleware/HandleCors.php(61): Illuminate/Pipeline/Pipeline->{closure:{closure:Illuminate/Pipeline/Pipeline::carry():194}:195}(Object(Illuminate/Http/Request))
#71 C:/Users/Mugahed/Desktop/MyMetier/vendor/laravel/framework/src/Illuminate/Pipeline/Pipeline.php(219): Illuminate/Http/Middleware/HandleCors->handle(Object(Illuminate/Http/Request), Object(Closure))
#72 C:/Users/Mugahed/Desktop/MyMetier/vendor/laravel/framework/src/Illuminate/Http/Middleware/TrustProxies.php(58): Illuminate/Pipeline/Pipeline->{closure:{closure:Illuminate/Pipeline/Pipeline::carry():194}:195}(Object(Illuminate/Http/Request))
#73 C:/Users/Mugahed/Desktop/MyMetier/vendor/laravel/framework/src/Illuminate/Pipeline/Pipeline.php(219): Illuminate/Http/Middleware/TrustProxies->handle(Object(Illuminate/Http/Request), Object(Closure))
#74 C:/Users/Mugahed/Desktop/MyMetier/vendor/laravel/framework/src/Illuminate/Foundation/Http/Middleware/InvokeDeferredCallbacks.php(22): Illuminate/Pipeline/Pipeline->{closure:{closure:Illuminate/Pipeline/Pipeline::carry():194}:195}(Object(Illuminate/Http/Request))
#75 C:/Users/Mugahed/Desktop/MyMetier/vendor/laravel/framework/src/Illuminate/Pipeline/Pipeline.php(219): Illuminate/Foundation/Http/Middleware/InvokeDeferredCallbacks->handle(Object(Illuminate/Http/Request), Object(Closure))
#76 C:/Users/Mugahed/Desktop/MyMetier/vendor/laravel/framework/src/Illuminate/Http/Middleware/ValidatePathEncoding.php(28): Illuminate/Pipeline/Pipeline->{closure:{closure:Illuminate/Pipeline/Pipeline::carry():194}:195}(Object(Illuminate/Http/Request))
#77 C:/Users/Mugahed/Desktop/MyMetier/vendor/laravel/framework/src/Illuminate/Pipeline/Pipeline.php(219): Illuminate/Http/Middleware/ValidatePathEncoding->handle(Object(Illuminate/Http/Request), Object(Closure))
#78 C:/Users/Mugahed/Desktop/MyMetier/vendor/laravel/framework/src/Illuminate/Pipeline/Pipeline.php(137): Illuminate/Pipeline/Pipeline->{closure:{closure:Illuminate/Pipeline/Pipeline::carry():194}:195}(Object(Illuminate/Http/Request))
#79 C:/Users/Mugahed/Desktop/MyMetier/vendor/laravel/framework/src/Illuminate/Foundation/Http/Kernel.php(175): Illuminate/Pipeline/Pipeline->then(Object(Closure))
#80 C:/Users/Mugahed/Desktop/MyMetier/vendor/laravel/framework/src/Illuminate/Foundation/Http/Kernel.php(144): Illuminate/Foundation/Http/Kernel->sendRequestThroughRouter(Object(Illuminate/Http/Request))
#81 C:/Users/Mugahed/Desktop/MyMetier/vendor/laravel/framework/src/Illuminate/Foundation/Application.php(1220): Illuminate/Foundation/Http/Kernel->handle(Object(Illuminate/Http/Request))
#82 C:/Users/Mugahed/Desktop/MyMetier/public/index.php(20): Illuminate/Foundation/Application->handleRequest(Object(Illuminate/Http/Request))
#83 C:/Program Files/Herd/resources/app.asar.unpacked/resources/valet/server.php(139): require('C://Users//Mugahe...')
#84 {main}

[previous exception] [object] (PDOException(code: 23000): SQLSTATE[23000]: Integrity constraint violation: 19 CHECK constraint failed: contractor_type at C:/Users/Mugahed/Desktop/MyMetier/vendor/laravel/framework/src/Illuminate/Database/Connection.php:587)
[stacktrace]
#0 C:/Users/Mugahed/Desktop/MyMetier/vendor/laravel/framework/src/Illuminate/Database/Connection.php(587): PDOStatement->execute()
#1 C:/Users/Mugahed/Desktop/MyMetier/vendor/laravel/framework/src/Illuminate/Database/Connection.php(830): Illuminate/Database/Connection->{closure:Illuminate/Database/Connection::statement():576}('insert into \"co...', Array)
#2 C:/Users/Mugahed/Desktop/MyMetier/vendor/laravel/framework/src/Illuminate/Database/Connection.php(797): Illuminate/Database/Connection->runQueryCallback('insert into \"co...', Array, Object(Closure))
#3 C:/Users/Mugahed/Desktop/MyMetier/vendor/laravel/framework/src/Illuminate/Database/Connection.php(576): Illuminate/Database/Connection->run('insert into \"co...', Array, Object(Closure))
#4 C:/Users/Mugahed/Desktop/MyMetier/vendor/laravel/framework/src/Illuminate/Database/Connection.php(540): Illuminate/Database/Connection->statement('insert into \"co...', Array)
#5 C:/Users/Mugahed/Desktop/MyMetier/vendor/laravel/framework/src/Illuminate/Database/Query/Processors/Processor.php(32): Illuminate/Database/Connection->insert('insert into \"co...', Array)
#6 C:/Users/Mugahed/Desktop/MyMetier/vendor/laravel/framework/src/Illuminate/Database/Query/Builder.php(4246): Illuminate/Database/Query/Processors/Processor->processInsertGetId(Object(Illuminate/Database/Query/Builder), 'insert into \"co...', Array, 'id')
#7 C:/Users/Mugahed/Desktop/MyMetier/vendor/laravel/framework/src/Illuminate/Database/Eloquent/Builder.php(2242): Illuminate/Database/Query/Builder->insertGetId(Array, 'id')
#8 C:/Users/Mugahed/Desktop/MyMetier/vendor/laravel/framework/src/Illuminate/Database/Eloquent/Model.php(1577): Illuminate/Database/Eloquent/Builder->__call('insertGetId', Array)
#9 C:/Users/Mugahed/Desktop/MyMetier/vendor/laravel/framework/src/Illuminate/Database/Eloquent/Model.php(1493): Illuminate/Database/Eloquent/Model->insertAndSetId(Object(Illuminate/Database/Eloquent/Builder), Array)
#10 C:/Users/Mugahed/Desktop/MyMetier/vendor/laravel/framework/src/Illuminate/Database/Eloquent/Model.php(1297): Illuminate/Database/Eloquent/Model->performInsert(Object(Illuminate/Database/Eloquent/Builder))
#11 C:/Users/Mugahed/Desktop/MyMetier/vendor/laravel/framework/src/Illuminate/Database/Eloquent/Relations/HasOneOrMany.php(393): Illuminate/Database/Eloquent/Model->save()
#12 C:/Users/Mugahed/Desktop/MyMetier/vendor/laravel/framework/src/Illuminate/Support/helpers.php(393): Illuminate/Database/Eloquent/Relations/HasOneOrMany->{closure:Illuminate/Database/Eloquent/Relations/HasOneOrMany::create():390}(Object(App/Models/ContractorDetails))
#13 C:/Users/Mugahed/Desktop/MyMetier/vendor/laravel/framework/src/Illuminate/Database/Eloquent/Relations/HasOneOrMany.php(390): tap(Object(App/Models/ContractorDetails), Object(Closure))
#14 C:/Users/Mugahed/Desktop/MyMetier/app/Actions/UpgradeToProvider.php(75): Illuminate/Database/Eloquent/Relations/HasOneOrMany->create(Array)
#15 C:/Users/Mugahed/Desktop/MyMetier/vendor/laravel/framework/src/Illuminate/Database/Concerns/ManagesTransactions.php(35): App/Actions/UpgradeToProvider->{closure:App/Actions/UpgradeToProvider::execute():22}(Object(Illuminate/Database/SQLiteConnection))
#16 C:/Users/Mugahed/Desktop/MyMetier/vendor/laravel/framework/src/Illuminate/Database/DatabaseManager.php(493): Illuminate/Database/Connection->transaction(Object(Closure))
#17 C:/Users/Mugahed/Desktop/MyMetier/vendor/laravel/framework/src/Illuminate/Support/Facades/Facade.php(363): Illuminate/Database/DatabaseManager->__call('transaction', Array)
#18 C:/Users/Mugahed/Desktop/MyMetier/app/Actions/UpgradeToProvider.php(22): Illuminate/Support/Facades/Facade::__callStatic('transaction', Array)
#19 C:/Users/Mugahed/Desktop/MyMetier/app/Livewire/UpgradePage.php(224): App/Actions/UpgradeToProvider->execute(Object(App/Models/User), Array, 'identity-docume...')
#20 C:/Users/Mugahed/Desktop/MyMetier/vendor/laravel/framework/src/Illuminate/Container/BoundMethod.php(36): App/Livewire/UpgradePage->submit()
#21 C:/Users/Mugahed/Desktop/MyMetier/vendor/laravel/framework/src/Illuminate/Container/Util.php(43): Illuminate/Container/BoundMethod::{closure:Illuminate/Container/BoundMethod::call():35}()
#22 C:/Users/Mugahed/Desktop/MyMetier/vendor/laravel/framework/src/Illuminate/Container/BoundMethod.php(96): Illuminate/Container/Util::unwrapIfClosure(Object(Closure))
#23 C:/Users/Mugahed/Desktop/MyMetier/vendor/laravel/framework/src/Illuminate/Container/BoundMethod.php(35): Illuminate/Container/BoundMethod::callBoundMethod(Object(Illuminate/Foundation/Application), Array, Object(Closure))
#24 C:/Users/Mugahed/Desktop/MyMetier/vendor/livewire/livewire/src/Wrapped.php(23): Illuminate/Container/BoundMethod::call(Object(Illuminate/Foundation/Application), Array, Array)
#25 C:/Users/Mugahed/Desktop/MyMetier/vendor/livewire/livewire/src/Mechanisms/HandleComponents/HandleComponents.php(660): Livewire/Wrapped->__call('submit', Array)
#26 C:/Users/Mugahed/Desktop/MyMetier/vendor/livewire/livewire/src/Mechanisms/HandleComponents/HandleComponents.php(239): Livewire/Mechanisms/HandleComponents/HandleComponents->callMethods(Object(App/Livewire/UpgradePage), Array, Object(Livewire/Mechanisms/HandleComponents/ComponentContext))
#27 C:/Users/Mugahed/Desktop/MyMetier/vendor/livewire/livewire/src/LivewireManager.php(131): Livewire/Mechanisms/HandleComponents/HandleComponents->update(Array, Array, Array)
#28 C:/Users/Mugahed/Desktop/MyMetier/vendor/livewire/livewire/src/Mechanisms/HandleRequests/HandleRequests.php(190): Livewire/LivewireManager->update(Array, Array, Array)
#29 C:/Users/Mugahed/Desktop/MyMetier/vendor/laravel/framework/src/Illuminate/Routing/ControllerDispatcher.php(46): Livewire/Mechanisms/HandleRequests/HandleRequests->handleUpdate()
#30 C:/Users/Mugahed/Desktop/MyMetier/vendor/laravel/framework/src/Illuminate/Routing/Route.php(269): Illuminate/Routing/ControllerDispatcher->dispatch(Object(Illuminate/Routing/Route), Object(Livewire/Mechanisms/HandleRequests/HandleRequests), 'handleUpdate')
#31 C:/Users/Mugahed/Desktop/MyMetier/vendor/laravel/framework/src/Illuminate/Routing/Route.php(215): Illuminate/Routing/Route->runController()
#32 C:/Users/Mugahed/Desktop/MyMetier/vendor/laravel/framework/src/Illuminate/Routing/Router.php(822): Illuminate/Routing/Route->run()
#33 C:/Users/Mugahed/Desktop/MyMetier/vendor/laravel/framework/src/Illuminate/Pipeline/Pipeline.php(180): Illuminate/Routing/Router->{closure:Illuminate/Routing/Router::runRouteWithinStack():821}(Object(Illuminate/Http/Request))
#34 C:/Users/Mugahed/Desktop/MyMetier/vendor/livewire/livewire/src/Mechanisms/HandleRequests/RequireLivewireHeaders.php(19): Illuminate/Pipeline/Pipeline->{closure:Illuminate/Pipeline/Pipeline::prepareDestination():178}(Object(Illuminate/Http/Request))
#35 C:/Users/Mugahed/Desktop/MyMetier/vendor/laravel/framework/src/Illuminate/Pipeline/Pipeline.php(219): Livewire/Mechanisms/HandleRequests/RequireLivewireHeaders->handle(Object(Illuminate/Http/Request), Object(Closure))
#36 C:/Users/Mugahed/Desktop/MyMetier/app/Http/Middleware/EnsureAccountIsActive.php(29): Illuminate/Pipeline/Pipeline->{closure:{closure:Illuminate/Pipeline/Pipeline::carry():194}:195}(Object(Illuminate/Http/Request))
#37 C:/Users/Mugahed/Desktop/MyMetier/vendor/laravel/framework/src/Illuminate/Pipeline/Pipeline.php(219): App/Http/Middleware/EnsureAccountIsActive->handle(Object(Illuminate/Http/Request), Object(Closure))
#38 C:/Users/Mugahed/Desktop/MyMetier/app/Http/Middleware/LogResponseTime.php(20): Illuminate/Pipeline/Pipeline->{closure:{closure:Illuminate/Pipeline/Pipeline::carry():194}:195}(Object(Illuminate/Http/Request))
#39 C:/Users/Mugahed/Desktop/MyMetier/vendor/laravel/framework/src/Illuminate/Pipeline/Pipeline.php(219): App/Http/Middleware/LogResponseTime->handle(Object(Illuminate/Http/Request), Object(Closure))
#40 C:/Users/Mugahed/Desktop/MyMetier/app/Http/Middleware/RegenerateSessionAfterLogin.php(25): Illuminate/Pipeline/Pipeline->{closure:{closure:Illuminate/Pipeline/Pipeline::carry():194}:195}(Object(Illuminate/Http/Request))
#41 C:/Users/Mugahed/Desktop/MyMetier/vendor/laravel/framework/src/Illuminate/Pipeline/Pipeline.php(219): App/Http/Middleware/RegenerateSessionAfterLogin->handle(Object(Illuminate/Http/Request), Object(Closure))
#42 C:/Users/Mugahed/Desktop/MyMetier/vendor/laravel/framework/src/Illuminate/Routing/Middleware/SubstituteBindings.php(52): Illuminate/Pipeline/Pipeline->{closure:{closure:Illuminate/Pipeline/Pipeline::carry():194}:195}(Object(Illuminate/Http/Request))
#43 C:/Users/Mugahed/Desktop/MyMetier/vendor/laravel/framework/src/Illuminate/Pipeline/Pipeline.php(219): Illuminate/Routing/Middleware/SubstituteBindings->handle(Object(Illuminate/Http/Request), Object(Closure))
#44 C:/Users/Mugahed/Desktop/MyMetier/vendor/laravel/framework/src/Illuminate/Foundation/Http/Middleware/PreventRequestForgery.php(104): Illuminate/Pipeline/Pipeline->{closure:{closure:Illuminate/Pipeline/Pipeline::carry():194}:195}(Object(Illuminate/Http/Request))
#45 C:/Users/Mugahed/Desktop/MyMetier/vendor/laravel/framework/src/Illuminate/Pipeline/Pipeline.php(219): Illuminate/Foundation/Http/Middleware/PreventRequestForgery->handle(Object(Illuminate/Http/Request), Object(Closure))
#46 C:/Users/Mugahed/Desktop/MyMetier/vendor/laravel/framework/src/Illuminate/View/Middleware/ShareErrorsFromSession.php(48): Illuminate/Pipeline/Pipeline->{closure:{closure:Illuminate/Pipeline/Pipeline::carry():194}:195}(Object(Illuminate/Http/Request))
#47 C:/Users/Mugahed/Desktop/MyMetier/vendor/laravel/framework/src/Illuminate/Pipeline/Pipeline.php(219): Illuminate/View/Middleware/ShareErrorsFromSession->handle(Object(Illuminate/Http/Request), Object(Closure))
#48 C:/Users/Mugahed/Desktop/MyMetier/vendor/laravel/framework/src/Illuminate/Session/Middleware/StartSession.php(120): Illuminate/Pipeline/Pipeline->{closure:{closure:Illuminate/Pipeline/Pipeline::carry():194}:195}(Object(Illuminate/Http/Request))
#49 C:/Users/Mugahed/Desktop/MyMetier/vendor/laravel/framework/src/Illuminate/Session/Middleware/StartSession.php(63): Illuminate/Session/Middleware/StartSession->handleStatefulRequest(Object(Illuminate/Http/Request), Object(Illuminate/Session/Store), Object(Closure))
#50 C:/Users/Mugahed/Desktop/MyMetier/vendor/laravel/framework/src/Illuminate/Pipeline/Pipeline.php(219): Illuminate/Session/Middleware/StartSession->handle(Object(Illuminate/Http/Request), Object(Closure))
#51 C:/Users/Mugahed/Desktop/MyMetier/vendor/laravel/framework/src/Illuminate/Cookie/Middleware/AddQueuedCookiesToResponse.php(36): Illuminate/Pipeline/Pipeline->{closure:{closure:Illuminate/Pipeline/Pipeline::carry():194}:195}(Object(Illuminate/Http/Request))
#52 C:/Users/Mugahed/Desktop/MyMetier/vendor/laravel/framework/src/Illuminate/Pipeline/Pipeline.php(219): Illuminate/Cookie/Middleware/AddQueuedCookiesToResponse->handle(Object(Illuminate/Http/Request), Object(Closure))
#53 C:/Users/Mugahed/Desktop/MyMetier/vendor/laravel/framework/src/Illuminate/Cookie/Middleware/EncryptCookies.php(74): Illuminate/Pipeline/Pipeline->{closure:{closure:Illuminate/Pipeline/Pipeline::carry():194}:195}(Object(Illuminate/Http/Request))
#54 C:/Users/Mugahed/Desktop/MyMetier/vendor/laravel/framework/src/Illuminate/Pipeline/Pipeline.php(219): Illuminate/Cookie/Middleware/EncryptCookies->handle(Object(Illuminate/Http/Request), Object(Closure))
#55 C:/Users/Mugahed/Desktop/MyMetier/vendor/laravel/framework/src/Illuminate/Pipeline/Pipeline.php(137): Illuminate/Pipeline/Pipeline->{closure:{closure:Illuminate/Pipeline/Pipeline::carry():194}:195}(Object(Illuminate/Http/Request))
#56 C:/Users/Mugahed/Desktop/MyMetier/vendor/laravel/framework/src/Illuminate/Routing/Router.php(821): Illuminate/Pipeline/Pipeline->then(Object(Closure))
#57 C:/Users/Mugahed/Desktop/MyMetier/vendor/laravel/framework/src/Illuminate/Routing/Router.php(800): Illuminate/Routing/Router->runRouteWithinStack(Object(Illuminate/Routing/Route), Object(Illuminate/Http/Request))
#58 C:/Users/Mugahed/Desktop/MyMetier/vendor/laravel/framework/src/Illuminate/Routing/Router.php(764): Illuminate/Routing/Router->runRoute(Object(Illuminate/Http/Request), Object(Illuminate/Routing/Route))
#59 C:/Users/Mugahed/Desktop/MyMetier/vendor/laravel/framework/src/Illuminate/Routing/Router.php(753): Illuminate/Routing/Router->dispatchToRoute(Object(Illuminate/Http/Request))
#60 C:/Users/Mugahed/Desktop/MyMetier/vendor/laravel/framework/src/Illuminate/Foundation/Http/Kernel.php(200): Illuminate/Routing/Router->dispatch(Object(Illuminate/Http/Request))
#61 C:/Users/Mugahed/Desktop/MyMetier/vendor/laravel/framework/src/Illuminate/Pipeline/Pipeline.php(180): Illuminate/Foundation/Http/Kernel->{closure:Illuminate/Foundation/Http/Kernel::dispatchToRouter():197}(Object(Illuminate/Http/Request))
#62 C:/Users/Mugahed/Desktop/MyMetier/vendor/livewire/livewire/src/Features/SupportDisablingBackButtonCache/DisableBackButtonCacheMiddleware.php(19): Illuminate/Pipeline/Pipeline->{closure:Illuminate/Pipeline/Pipeline::prepareDestination():178}(Object(Illuminate/Http/Request))
#63 C:/Users/Mugahed/Desktop/MyMetier/vendor/laravel/framework/src/Illuminate/Pipeline/Pipeline.php(219): Livewire/Features/SupportDisablingBackButtonCache/DisableBackButtonCacheMiddleware->handle(Object(Illuminate/Http/Request), Object(Closure))
#64 C:/Users/Mugahed/Desktop/MyMetier/vendor/laravel/framework/src/Illuminate/Foundation/Http/Middleware/ConvertEmptyStringsToNull.php(27): Illuminate/Pipeline/Pipeline->{closure:{closure:Illuminate/Pipeline/Pipeline::carry():194}:195}(Object(Illuminate/Http/Request))
#65 C:/Users/Mugahed/Desktop/MyMetier/vendor/laravel/framework/src/Illuminate/Pipeline/Pipeline.php(219): Illuminate/Foundation/Http/Middleware/ConvertEmptyStringsToNull->handle(Object(Illuminate/Http/Request), Object(Closure))
#66 C:/Users/Mugahed/Desktop/MyMetier/vendor/laravel/framework/src/Illuminate/Foundation/Http/Middleware/TrimStrings.php(47): Illuminate/Pipeline/Pipeline->{closure:{closure:Illuminate/Pipeline/Pipeline::carry():194}:195}(Object(Illuminate/Http/Request))
#67 C:/Users/Mugahed/Desktop/MyMetier/vendor/laravel/framework/src/Illuminate/Pipeline/Pipeline.php(219): Illuminate/Foundation/Http/Middleware/TrimStrings->handle(Object(Illuminate/Http/Request), Object(Closure))
#68 C:/Users/Mugahed/Desktop/MyMetier/vendor/laravel/framework/src/Illuminate/Http/Middleware/ValidatePostSize.php(27): Illuminate/Pipeline/Pipeline->{closure:{closure:Illuminate/Pipeline/Pipeline::carry():194}:195}(Object(Illuminate/Http/Request))
#69 C:/Users/Mugahed/Desktop/MyMetier/vendor/laravel/framework/src/Illuminate/Pipeline/Pipeline.php(219): Illuminate/Http/Middleware/ValidatePostSize->handle(Object(Illuminate/Http/Request), Object(Closure))
#70 C:/Users/Mugahed/Desktop/MyMetier/vendor/laravel/framework/src/Illuminate/Foundation/Http/Middleware/PreventRequestsDuringMaintenance.php(109): Illuminate/Pipeline/Pipeline->{closure:{closure:Illuminate/Pipeline/Pipeline::carry():194}:195}(Object(Illuminate/Http/Request))
#71 C:/Users/Mugahed/Desktop/MyMetier/vendor/laravel/framework/src/Illuminate/Pipeline/Pipeline.php(219): Illuminate/Foundation/Http/Middleware/PreventRequestsDuringMaintenance->handle(Object(Illuminate/Http/Request), Object(Closure))
#72 C:/Users/Mugahed/Desktop/MyMetier/vendor/laravel/framework/src/Illuminate/Http/Middleware/HandleCors.php(61): Illuminate/Pipeline/Pipeline->{closure:{closure:Illuminate/Pipeline/Pipeline::carry():194}:195}(Object(Illuminate/Http/Request))
#73 C:/Users/Mugahed/Desktop/MyMetier/vendor/laravel/framework/src/Illuminate/Pipeline/Pipeline.php(219): Illuminate/Http/Middleware/HandleCors->handle(Object(Illuminate/Http/Request), Object(Closure))
#74 C:/Users/Mugahed/Desktop/MyMetier/vendor/laravel/framework/src/Illuminate/Http/Middleware/TrustProxies.php(58): Illuminate/Pipeline/Pipeline->{closure:{closure:Illuminate/Pipeline/Pipeline::carry():194}:195}(Object(Illuminate/Http/Request))
#75 C:/Users/Mugahed/Desktop/MyMetier/vendor/laravel/framework/src/Illuminate/Pipeline/Pipeline.php(219): Illuminate/Http/Middleware/TrustProxies->handle(Object(Illuminate/Http/Request), Object(Closure))
#76 C:/Users/Mugahed/Desktop/MyMetier/vendor/laravel/framework/src/Illuminate/Foundation/Http/Middleware/InvokeDeferredCallbacks.php(22): Illuminate/Pipeline/Pipeline->{closure:{closure:Illuminate/Pipeline/Pipeline::carry():194}:195}(Object(Illuminate/Http/Request))
#77 C:/Users/Mugahed/Desktop/MyMetier/vendor/laravel/framework/src/Illuminate/Pipeline/Pipeline.php(219): Illuminate/Foundation/Http/Middleware/InvokeDeferredCallbacks->handle(Object(Illuminate/Http/Request), Object(Closure))
#78 C:/Users/Mugahed/Desktop/MyMetier/vendor/laravel/framework/src/Illuminate/Http/Middleware/ValidatePathEncoding.php(28): Illuminate/Pipeline/Pipeline->{closure:{closure:Illuminate/Pipeline/Pipeline::carry():194}:195}(Object(Illuminate/Http/Request))
#79 C:/Users/Mugahed/Desktop/MyMetier/vendor/laravel/framework/src/Illuminate/Pipeline/Pipeline.php(219): Illuminate/Http/Middleware/ValidatePathEncoding->handle(Object(Illuminate/Http/Request), Object(Closure))
#80 C:/Users/Mugahed/Desktop/MyMetier/vendor/laravel/framework/src/Illuminate/Pipeline/Pipeline.php(137): Illuminate/Pipeline/Pipeline->{closure:{closure:Illuminate/Pipeline/Pipeline::carry():194}:195}(Object(Illuminate/Http/Request))
#81 C:/Users/Mugahed/Desktop/MyMetier/vendor/laravel/framework/src/Illuminate/Foundation/Http/Kernel.php(175): Illuminate/Pipeline/Pipeline->then(Object(Closure))
#82 C:/Users/Mugahed/Desktop/MyMetier/vendor/laravel/framework/src/Illuminate/Foundation/Http/Kernel.php(144): Illuminate/Foundation/Http/Kernel->sendRequestThroughRouter(Object(Illuminate/Http/Request))
#83 C:/Users/Mugahed/Desktop/MyMetier/vendor/laravel/framework/src/Illuminate/Foundation/Application.php(1220): Illuminate/Foundation/Http/Kernel->handle(Object(Illuminate/Http/Request))
#84 C:/Users/Mugahed/Desktop/MyMetier/public/index.php(20): Illuminate/Foundation/Application->handleRequest(Object(Illuminate/Http/Request))
#85 C:/Program Files/Herd/resources/app.asar.unpacked/resources/valet/server.php(139): require('C://Users//Mugahe...')
#86 {main}
"} 
[2026-03-28 21:53:02] local.DEBUG: REQUEST TIME {"url":"http://mymetier.test/livewire-f00c2fb8/update","time_ms":3019.59,"memory_mb":20.0} 
[2026-03-28 21:53:02] local.WARNING: SLOW REQUEST ALERT {"url":"http://mymetier.test/livewire-f00c2fb8/update","time_ms":3019.59,"memory_mb":20.0} 
[2026-03-28 21:55:47] local.DEBUG: REQUEST TIME {"url":"http://mymetier.test/upgrade","time_ms":2204.9,"memory_mb":10.0} 
[2026-03-28 21:55:47] local.WARNING: SLOW REQUEST ALERT {"url":"http://mymetier.test/upgrade","time_ms":2204.9,"memory_mb":10.0} 
[2026-03-28 21:56:44] local.DEBUG: REQUEST TIME {"url":"http://mymetier.test/livewire-f00c2fb8/update","time_ms":29.71,"memory_mb":10.0} 
[2026-03-28 22:17:12] local.DEBUG: REQUEST TIME {"url":"http://mymetier.test/upgrade","time_ms":2241.93,"memory_mb":10.0} 
[2026-03-28 22:17:12] local.WARNING: SLOW REQUEST ALERT {"url":"http://mymetier.test/upgrade","time_ms":2241.93,"memory_mb":10.0} 
[2026-03-28 23:51:29] local.DEBUG: REQUEST TIME {"url":"http://mymetier.test/upgrade","time_ms":51.31,"memory_mb":10.0} 
[2026-03-28 23:51:40] local.DEBUG: REQUEST TIME {"url":"http://mymetier.test/livewire-f00c2fb8/update","time_ms":32.88,"memory_mb":10.0} 
[2026-03-28 23:53:28] local.DEBUG: REQUEST TIME {"url":"http://mymetier.test/search","time_ms":2402.61,"memory_mb":10.0} 
[2026-03-28 23:53:28] local.WARNING: SLOW REQUEST ALERT {"url":"http://mymetier.test/search","time_ms":2402.61,"memory_mb":10.0} 
[2026-03-28 23:53:31] local.DEBUG: REQUEST TIME {"url":"http://mymetier.test","time_ms":1075.07,"memory_mb":10.0} 
[2026-03-28 23:53:31] local.WARNING: SLOW REQUEST ALERT {"url":"http://mymetier.test","time_ms":1075.07,"memory_mb":10.0} 
[2026-03-28 23:53:40] local.DEBUG: REQUEST TIME {"url":"http://mymetier.test/livewire-f00c2fb8/update","time_ms":19.92,"memory_mb":10.0} 
[2026-03-28 23:53:54] local.DEBUG: REQUEST TIME {"url":"http://mymetier.test/livewire-f00c2fb8/update","time_ms":30.27,"memory_mb":10.0} 
[2026-03-28 23:54:03] local.DEBUG: REQUEST TIME {"url":"http://mymetier.test/livewire-f00c2fb8/update","time_ms":20.66,"memory_mb":10.0} 
[2026-03-28 23:54:15] local.DEBUG: REQUEST TIME {"url":"http://mymetier.test/livewire-f00c2fb8/update","time_ms":14.17,"memory_mb":8.0} 
[2026-03-28 23:54:15] local.DEBUG: REQUEST TIME {"url":"http://mymetier.test/search","time_ms":29.09,"memory_mb":10.0} 
[2026-03-28 23:54:17] local.DEBUG: REQUEST TIME {"url":"http://mymetier.test/livewire-f00c2fb8/update","time_ms":29.1,"memory_mb":10.0} 
[2026-03-29 00:28:10] local.DEBUG: REQUEST TIME {"url":"http://mymetier.test/upgrade","time_ms":43.28,"memory_mb":10.0} 
[2026-03-29 00:28:12] local.DEBUG: REQUEST TIME {"url":"http://mymetier.test/livewire-f00c2fb8/update","time_ms":14.85,"memory_mb":10.0} 
[2026-03-29 00:29:02] local.DEBUG: REQUEST TIME {"url":"http://mymetier.test/livewire-f00c2fb8/update","time_ms":27.23,"memory_mb":10.0} 
[2026-03-29 00:31:52] local.DEBUG: REQUEST TIME {"url":"http://mymetier.test/livewire-f00c2fb8/update","time_ms":39.24,"memory_mb":10.0} 
[2026-03-29 00:31:53] local.DEBUG: REQUEST TIME {"url":"http://mymetier.test/livewire-f00c2fb8/upload-file","time_ms":20.25,"memory_mb":16.0} 
[2026-03-29 00:31:53] local.DEBUG: REQUEST TIME {"url":"http://mymetier.test/livewire-f00c2fb8/update","time_ms":16.46,"memory_mb":10.0} 
[2026-03-29 00:31:56] local.DEBUG: REQUEST TIME {"url":"http://mymetier.test/livewire-f00c2fb8/update","time_ms":58.19,"memory_mb":18.0} 
[2026-03-29 00:31:58] local.DEBUG: REQUEST TIME {"url":"http://mymetier.test/pro-dashboard","time_ms":1807.56,"memory_mb":10.0} 
[2026-03-29 00:31:58] local.WARNING: SLOW REQUEST ALERT {"url":"http://mymetier.test/pro-dashboard","time_ms":1807.56,"memory_mb":10.0} 
[2026-03-29 00:32:07] local.DEBUG: REQUEST TIME {"url":"http://mymetier.test/livewire-f00c2fb8/update","time_ms":62.19,"memory_mb":10.0} 
[2026-03-29 00:32:41] local.DEBUG: REQUEST TIME {"url":"http://mymetier.test/livewire-f00c2fb8/update","time_ms":15.91,"memory_mb":10.0} 
[2026-03-29 00:32:41] local.DEBUG: REQUEST TIME {"url":"http://mymetier.test/livewire-f00c2fb8/upload-file","time_ms":15.39,"memory_mb":18.0} 
[2026-03-29 00:32:41] local.DEBUG: REQUEST TIME {"url":"http://mymetier.test/livewire-f00c2fb8/update","time_ms":20.81,"memory_mb":10.0} 
[2026-03-29 00:33:22] local.DEBUG: REQUEST TIME {"url":"http://mymetier.test/livewire-f00c2fb8/update","time_ms":63.55,"memory_mb":18.0} 
[2026-03-29 00:33:58] local.DEBUG: REQUEST TIME {"url":"http://mymetier.test/livewire-f00c2fb8/update","time_ms":16.77,"memory_mb":8.0} 
[2026-03-29 00:33:58] local.DEBUG: REQUEST TIME {"url":"http://mymetier.test/livewire-f00c2fb8/upload-file","time_ms":10.57,"memory_mb":16.0} 
[2026-03-29 00:33:59] local.DEBUG: REQUEST TIME {"url":"http://mymetier.test/livewire-f00c2fb8/update","time_ms":15.86,"memory_mb":10.0} 
[2026-03-29 00:34:39] local.DEBUG: REQUEST TIME {"url":"http://mymetier.test/livewire-f00c2fb8/update","time_ms":40.63,"memory_mb":18.0} 
[2026-03-29 00:34:49] local.DEBUG: REQUEST TIME {"url":"http://mymetier.test/professionals/3","time_ms":318.64,"memory_mb":10.0} 
[2026-03-29 00:34:54] local.DEBUG: REQUEST TIME {"url":"http://mymetier.test/professionals/3","time_ms":16.66,"memory_mb":10.0} 
[2026-03-29 00:35:00] local.DEBUG: REQUEST TIME {"url":"http://mymetier.test/pro-dashboard","time_ms":22.85,"memory_mb":10.0} 
[2026-03-29 00:35:03] local.DEBUG: REQUEST TIME {"url":"http://mymetier.test","time_ms":50.08,"memory_mb":10.0} 
[2026-03-29 00:35:07] local.DEBUG: REQUEST TIME {"url":"http://mymetier.test","time_ms":22.16,"memory_mb":8.0} 
[2026-03-29 00:35:11] local.DEBUG: REQUEST TIME {"url":"http://mymetier.test","time_ms":21.92,"memory_mb":10.0} 
[2026-03-29 00:35:14] local.DEBUG: REQUEST TIME {"url":"http://mymetier.test","time_ms":16.57,"memory_mb":10.0} 
[2026-03-29 00:35:16] local.DEBUG: REQUEST TIME {"url":"http://mymetier.test/search","time_ms":32.4,"memory_mb":10.0} 
[2026-03-29 00:35:19] local.DEBUG: REQUEST TIME {"url":"http://mymetier.test/professionals/3","time_ms":17.43,"memory_mb":8.0} 
[2026-03-29 00:35:49] local.DEBUG: REQUEST TIME {"url":"http://mymetier.test/search","time_ms":37.11,"memory_mb":10.0} 
[2026-03-29 00:36:02] local.DEBUG: REQUEST TIME {"url":"http://mymetier.test/professionals/3","time_ms":9.76,"memory_mb":8.0} 
[2026-03-29 00:48:25] local.DEBUG: REQUEST TIME {"url":"http://mymetier.test/search","time_ms":2488.11,"memory_mb":10.0} 
[2026-03-29 00:48:25] local.WARNING: SLOW REQUEST ALERT {"url":"http://mymetier.test/search","time_ms":2488.11,"memory_mb":10.0} 
[2026-03-29 00:48:32] local.DEBUG: REQUEST TIME {"url":"http://mymetier.test/search","time_ms":50.74,"memory_mb":10.0} 
[2026-03-29 00:48:35] local.DEBUG: REQUEST TIME {"url":"http://mymetier.test/search","time_ms":47.65,"memory_mb":10.0} 
[2026-03-29 00:48:44] local.DEBUG: REQUEST TIME {"url":"http://mymetier.test/pro-dashboard","time_ms":1623.99,"memory_mb":10.0} 
[2026-03-29 00:48:44] local.WARNING: SLOW REQUEST ALERT {"url":"http://mymetier.test/pro-dashboard","time_ms":1623.99,"memory_mb":10.0} 
[2026-03-29 00:48:51] local.DEBUG: REQUEST TIME {"url":"http://mymetier.test/livewire-f00c2fb8/update","time_ms":21.14,"memory_mb":10.0} 
[2026-03-29 00:49:09] local.DEBUG: REQUEST TIME {"url":"http://mymetier.test/livewire-f00c2fb8/update","time_ms":12.87,"memory_mb":8.0} 
[2026-03-29 00:49:09] local.DEBUG: REQUEST TIME {"url":"http://mymetier.test/livewire-f00c2fb8/upload-file","time_ms":13.97,"memory_mb":16.0} 
[2026-03-29 00:49:10] local.DEBUG: REQUEST TIME {"url":"http://mymetier.test/livewire-f00c2fb8/update","time_ms":18.05,"memory_mb":10.0} 
[2026-03-29 00:49:39] local.DEBUG: REQUEST TIME {"url":"http://mymetier.test/livewire-f00c2fb8/update","time_ms":48.31,"memory_mb":18.0} 
[2026-03-29 00:49:41] local.DEBUG: REQUEST TIME {"url":"http://mymetier.test/livewire-f00c2fb8/update","time_ms":16.26,"memory_mb":10.0} 
[2026-03-29 00:49:45] local.DEBUG: REQUEST TIME {"url":"http://mymetier.test/livewire-f00c2fb8/update","time_ms":24.85,"memory_mb":10.0} 
[2026-03-29 00:49:54] local.DEBUG: REQUEST TIME {"url":"http://mymetier.test/search","time_ms":40.19,"memory_mb":10.0} 
[2026-03-29 00:49:57] local.DEBUG: REQUEST TIME {"url":"http://mymetier.test/logout","time_ms":186.5,"memory_mb":8.0} 
[2026-03-29 00:49:58] local.DEBUG: REQUEST TIME {"url":"http://mymetier.test","time_ms":974.22,"memory_mb":10.0} 
[2026-03-29 00:49:58] local.WARNING: SLOW REQUEST ALERT {"url":"http://mymetier.test","time_ms":974.22,"memory_mb":10.0} 
[2026-03-29 00:50:01] local.DEBUG: REQUEST TIME {"url":"http://mymetier.test/login","time_ms":23.84,"memory_mb":8.0} 
[2026-03-29 00:50:16] local.DEBUG: REQUEST TIME {"url":"http://mymetier.test/livewire-f00c2fb8/update","time_ms":329.16,"memory_mb":8.0} 
[2026-03-29 00:50:16] local.DEBUG: REQUEST TIME {"url":"http://mymetier.test","time_ms":18.33,"memory_mb":10.0} 
[2026-03-29 00:50:22] local.DEBUG: REQUEST TIME {"url":"http://mymetier.test/professionals/2","time_ms":1048.63,"memory_mb":10.0} 
[2026-03-29 00:50:22] local.WARNING: SLOW REQUEST ALERT {"url":"http://mymetier.test/professionals/2","time_ms":1048.63,"memory_mb":10.0} 
[2026-03-29 00:50:34] local.DEBUG: REQUEST TIME {"url":"http://mymetier.test/logout","time_ms":13.22,"memory_mb":8.0} 
[2026-03-29 00:50:34] local.DEBUG: REQUEST TIME {"url":"http://mymetier.test","time_ms":15.04,"memory_mb":8.0} 
[2026-03-29 00:50:36] local.DEBUG: REQUEST TIME {"url":"http://mymetier.test/login","time_ms":8.32,"memory_mb":8.0} 
[2026-03-29 00:50:39] local.DEBUG: REQUEST TIME {"url":"http://mymetier.test/register","time_ms":173.27,"memory_mb":8.0} 
[2026-03-29 00:51:19] local.DEBUG: REQUEST TIME {"url":"http://mymetier.test/livewire-f00c2fb8/update","time_ms":367.91,"memory_mb":8.0} 
[2026-03-29 00:51:19] local.DEBUG: REQUEST TIME {"url":"http://mymetier.test","time_ms":14.88,"memory_mb":10.0} 
[2026-03-29 00:51:24] local.DEBUG: REQUEST TIME {"url":"http://mymetier.test/search","time_ms":34.36,"memory_mb":10.0} 
[2026-03-29 00:51:29] local.DEBUG: REQUEST TIME {"url":"http://mymetier.test/dashboard","time_ms":1507.09,"memory_mb":10.0} 
[2026-03-29 00:51:29] local.WARNING: SLOW REQUEST ALERT {"url":"http://mymetier.test/dashboard","time_ms":1507.09,"memory_mb":10.0} 
[2026-03-29 00:51:33] local.DEBUG: REQUEST TIME {"url":"http://mymetier.test/upgrade","time_ms":1349.84,"memory_mb":10.0} 
[2026-03-29 00:51:33] local.WARNING: SLOW REQUEST ALERT {"url":"http://mymetier.test/upgrade","time_ms":1349.84,"memory_mb":10.0} 
[2026-03-29 00:53:07] local.DEBUG: REQUEST TIME {"url":"http://mymetier.test/livewire-f00c2fb8/update","time_ms":24.99,"memory_mb":10.0} 
[2026-03-29 00:56:10] local.DEBUG: REQUEST TIME {"url":"http://mymetier.test/livewire-f00c2fb8/update","time_ms":16.45,"memory_mb":10.0} 
[2026-03-29 00:56:11] local.DEBUG: REQUEST TIME {"url":"http://mymetier.test/livewire-f00c2fb8/upload-file","time_ms":12.05,"memory_mb":16.0} 
[2026-03-29 00:56:11] local.DEBUG: REQUEST TIME {"url":"http://mymetier.test/livewire-f00c2fb8/update","time_ms":14.72,"memory_mb":10.0} 
[2026-03-29 00:56:14] local.DEBUG: REQUEST TIME {"url":"http://mymetier.test/livewire-f00c2fb8/update","time_ms":59.06,"memory_mb":18.0} 
[2026-03-29 00:56:14] local.DEBUG: REQUEST TIME {"url":"http://mymetier.test/pro-dashboard","time_ms":19.37,"memory_mb":10.0} 
[2026-03-29 00:56:22] local.DEBUG: REQUEST TIME {"url":"http://mymetier.test/livewire-f00c2fb8/update","time_ms":23.63,"memory_mb":10.0} 
[2026-03-29 00:57:10] local.DEBUG: REQUEST TIME {"url":"http://mymetier.test/livewire-f00c2fb8/update","time_ms":17.69,"memory_mb":8.0} 
[2026-03-29 00:57:10] local.DEBUG: REQUEST TIME {"url":"http://mymetier.test/livewire-f00c2fb8/upload-file","time_ms":8.66,"memory_mb":16.0} 
[2026-03-29 00:57:10] local.DEBUG: REQUEST TIME {"url":"http://mymetier.test/livewire-f00c2fb8/update","time_ms":25.51,"memory_mb":10.0} 
[2026-03-29 00:57:32] local.DEBUG: REQUEST TIME {"url":"http://mymetier.test/livewire-f00c2fb8/update","time_ms":45.86,"memory_mb":18.0} 
[2026-03-29 00:57:41] local.DEBUG: REQUEST TIME {"url":"http://mymetier.test/livewire-f00c2fb8/update","time_ms":17.46,"memory_mb":8.0} 
[2026-03-29 00:57:41] local.DEBUG: REQUEST TIME {"url":"http://mymetier.test/livewire-f00c2fb8/upload-file","time_ms":9.67,"memory_mb":16.0} 
[2026-03-29 00:57:41] local.DEBUG: REQUEST TIME {"url":"http://mymetier.test/livewire-f00c2fb8/update","time_ms":18.42,"memory_mb":10.0} 
[2026-03-29 00:58:13] local.DEBUG: REQUEST TIME {"url":"http://mymetier.test/livewire-f00c2fb8/update","time_ms":64.51,"memory_mb":18.0} 
[2026-03-29 00:58:27] local.DEBUG: REQUEST TIME {"url":"http://mymetier.test/livewire-f00c2fb8/update","time_ms":16.89,"memory_mb":8.0} 
[2026-03-29 00:58:27] local.DEBUG: REQUEST TIME {"url":"http://mymetier.test/livewire-f00c2fb8/upload-file","time_ms":6.82,"memory_mb":18.0} 
[2026-03-29 00:58:28] local.DEBUG: REQUEST TIME {"url":"http://mymetier.test/livewire-f00c2fb8/update","time_ms":20.87,"memory_mb":10.0} 
[2026-03-29 00:58:43] local.DEBUG: REQUEST TIME {"url":"http://mymetier.test/livewire-f00c2fb8/update","time_ms":41.21,"memory_mb":18.0} 
[2026-03-29 00:59:03] local.DEBUG: REQUEST TIME {"url":"http://mymetier.test/livewire-f00c2fb8/update","time_ms":16.41,"memory_mb":8.0} 
[2026-03-29 00:59:03] local.DEBUG: REQUEST TIME {"url":"http://mymetier.test/livewire-f00c2fb8/upload-file","time_ms":6.71,"memory_mb":16.0} 
[2026-03-29 00:59:04] local.DEBUG: REQUEST TIME {"url":"http://mymetier.test/livewire-f00c2fb8/update","time_ms":21.38,"memory_mb":10.0} 
[2026-03-29 00:59:35] local.DEBUG: REQUEST TIME {"url":"http://mymetier.test/livewire-f00c2fb8/update","time_ms":42.43,"memory_mb":18.0} 
[2026-03-29 00:59:54] local.DEBUG: REQUEST TIME {"url":"http://mymetier.test/logout","time_ms":12.96,"memory_mb":8.0} 
[2026-03-29 00:59:54] local.DEBUG: REQUEST TIME {"url":"http://mymetier.test","time_ms":19.12,"memory_mb":8.0} 
[2026-03-29 00:59:56] local.DEBUG: REQUEST TIME {"url":"http://mymetier.test/login","time_ms":10.23,"memory_mb":8.0} 
[2026-03-29 01:00:07] local.DEBUG: REQUEST TIME {"url":"http://mymetier.test/livewire-f00c2fb8/update","time_ms":325.32,"memory_mb":8.0} 
[2026-03-29 01:00:08] local.DEBUG: REQUEST TIME {"url":"http://mymetier.test","time_ms":58.15,"memory_mb":10.0} 
[2026-03-29 01:00:16] local.DEBUG: REQUEST TIME {"url":"http://mymetier.test/dashboard","time_ms":22.64,"memory_mb":10.0} 
[2026-03-29 01:00:50] local.DEBUG: REQUEST TIME {"url":"http://mymetier.test/dashboard","time_ms":16.01,"memory_mb":10.0} 
[2026-03-29 01:01:23] local.DEBUG: REQUEST TIME {"url":"http://mymetier.test/admin/identity-document","time_ms":13.15,"memory_mb":16.0} 
[2026-03-29 01:01:38] local.DEBUG: REQUEST TIME {"url":"http://mymetier.test/livewire-f00c2fb8/update","time_ms":1577.65,"memory_mb":10.0} 
[2026-03-29 01:01:38] local.WARNING: SLOW REQUEST ALERT {"url":"http://mymetier.test/livewire-f00c2fb8/update","time_ms":1577.65,"memory_mb":10.0} 
[2026-03-29 01:01:43] local.DEBUG: REQUEST TIME {"url":"http://mymetier.test/livewire-f00c2fb8/update","time_ms":2438.0,"memory_mb":10.0} 
[2026-03-29 01:01:43] local.WARNING: SLOW REQUEST ALERT {"url":"http://mymetier.test/livewire-f00c2fb8/update","time_ms":2438.0,"memory_mb":10.0} 
[2026-03-29 01:01:46] local.DEBUG: REQUEST TIME {"url":"http://mymetier.test/admin/identity-document","time_ms":5.1,"memory_mb":16.0} 
[2026-03-29 01:01:48] local.DEBUG: REQUEST TIME {"url":"http://mymetier.test/livewire-f00c2fb8/update","time_ms":18.86,"memory_mb":10.0} 
[2026-03-29 01:01:51] local.DEBUG: REQUEST TIME {"url":"http://mymetier.test/livewire-f00c2fb8/update","time_ms":41.92,"memory_mb":10.0} 
[2026-03-29 01:02:43] local.DEBUG: REQUEST TIME {"url":"http://mymetier.test/livewire-f00c2fb8/update","time_ms":56.98,"memory_mb":10.0} 
[2026-03-29 01:02:45] local.DEBUG: REQUEST TIME {"url":"http://mymetier.test/livewire-f00c2fb8/update","time_ms":112.37,"memory_mb":12.0} 
[2026-03-29 01:02:45] local.DEBUG: REQUEST TIME {"url":"http://mymetier.test/livewire-f00c2fb8/update","time_ms":16.56,"memory_mb":12.0} 
[2026-03-29 01:02:52] local.DEBUG: REQUEST TIME {"url":"http://mymetier.test/livewire-f00c2fb8/update","time_ms":14.29,"memory_mb":8.0} 
[2026-03-29 01:03:00] local.DEBUG: REQUEST TIME {"url":"http://mymetier.test/logout","time_ms":14.55,"memory_mb":12.0} 
[2026-03-29 01:03:00] local.DEBUG: REQUEST TIME {"url":"http://mymetier.test","time_ms":15.8,"memory_mb":10.0} 
[2026-03-29 01:03:02] local.DEBUG: REQUEST TIME {"url":"http://mymetier.test/login","time_ms":12.16,"memory_mb":10.0} 
[2026-03-29 01:03:13] local.DEBUG: REQUEST TIME {"url":"http://mymetier.test/livewire-f00c2fb8/update","time_ms":323.4,"memory_mb":10.0} 
[2026-03-29 01:03:13] local.DEBUG: REQUEST TIME {"url":"http://mymetier.test","time_ms":17.47,"memory_mb":10.0} 
[2026-03-29 01:03:17] local.DEBUG: REQUEST TIME {"url":"http://mymetier.test/professionals/2","time_ms":46.66,"memory_mb":10.0} 
[2026-03-29 01:03:29] local.DEBUG: REQUEST TIME {"url":"http://mymetier.test/pro-dashboard","time_ms":29.54,"memory_mb":10.0} 
[2026-03-29 01:03:33] local.DEBUG: REQUEST TIME {"url":"http://mymetier.test/livewire-f00c2fb8/update","time_ms":17.33,"memory_mb":10.0} 
[2026-03-29 01:03:46] local.DEBUG: REQUEST TIME {"url":"http://mymetier.test/livewire-f00c2fb8/update","time_ms":16.25,"memory_mb":8.0} 
[2026-03-29 01:03:47] local.DEBUG: REQUEST TIME {"url":"http://mymetier.test/livewire-f00c2fb8/upload-file","time_ms":14.56,"memory_mb":18.0} 
[2026-03-29 01:03:47] local.DEBUG: REQUEST TIME {"url":"http://mymetier.test/livewire-f00c2fb8/update","time_ms":20.73,"memory_mb":10.0} 
[2026-03-29 01:04:08] local.DEBUG: REQUEST TIME {"url":"http://mymetier.test/livewire-f00c2fb8/update","time_ms":39.79,"memory_mb":18.0} 
[2026-03-29 01:04:20] local.DEBUG: REQUEST TIME {"url":"http://mymetier.test/logout","time_ms":15.28,"memory_mb":8.0} 
[2026-03-29 01:04:20] local.DEBUG: REQUEST TIME {"url":"http://mymetier.test","time_ms":16.41,"memory_mb":8.0} 
[2026-03-29 01:04:25] local.DEBUG: REQUEST TIME {"url":"http://mymetier.test/login","time_ms":12.4,"memory_mb":8.0} 
[2026-03-29 01:04:44] local.DEBUG: REQUEST TIME {"url":"http://mymetier.test/livewire-f00c2fb8/update","time_ms":319.33,"memory_mb":8.0} 
[2026-03-29 01:04:45] local.DEBUG: REQUEST TIME {"url":"http://mymetier.test/pro-dashboard","time_ms":15.73,"memory_mb":10.0} 
[2026-03-29 01:05:15] local.DEBUG: REQUEST TIME {"url":"http://mymetier.test/livewire-f00c2fb8/update","time_ms":27.28,"memory_mb":10.0} 
[2026-03-29 01:05:30] local.DEBUG: REQUEST TIME {"url":"http://mymetier.test/livewire-f00c2fb8/update","time_ms":41.8,"memory_mb":10.0} 
[2026-03-29 01:05:39] local.DEBUG: REQUEST TIME {"url":"http://mymetier.test/request-verification","time_ms":445.61,"memory_mb":10.0} 
[2026-03-29 01:05:59] local.DEBUG: REQUEST TIME {"url":"http://mymetier.test/livewire-f00c2fb8/update","time_ms":18.2,"memory_mb":8.0} 
[2026-03-29 01:05:59] local.DEBUG: REQUEST TIME {"url":"http://mymetier.test/livewire-f00c2fb8/upload-file","time_ms":10.63,"memory_mb":16.0} 
[2026-03-29 01:05:59] local.DEBUG: REQUEST TIME {"url":"http://mymetier.test/livewire-f00c2fb8/update","time_ms":18.16,"memory_mb":10.0} 
[2026-03-29 01:06:02] local.DEBUG: REQUEST TIME {"url":"http://mymetier.test/livewire-f00c2fb8/update","time_ms":68.28,"memory_mb":18.0} 
[2026-03-29 01:06:04] local.DEBUG: REQUEST TIME {"url":"http://mymetier.test/pro-dashboard","time_ms":17.83,"memory_mb":10.0} 
[2026-03-29 01:06:44] local.DEBUG: REQUEST TIME {"url":"http://mymetier.test/livewire-f00c2fb8/update","time_ms":38.56,"memory_mb":10.0} 
[2026-03-29 01:06:46] local.DEBUG: REQUEST TIME {"url":"http://mymetier.test/logout","time_ms":10.28,"memory_mb":8.0} 
[2026-03-29 01:06:46] local.DEBUG: REQUEST TIME {"url":"http://mymetier.test","time_ms":14.29,"memory_mb":8.0} 
[2026-03-29 01:06:49] local.DEBUG: REQUEST TIME {"url":"http://mymetier.test/login","time_ms":11.36,"memory_mb":8.0} 
[2026-03-29 01:07:03] local.DEBUG: REQUEST TIME {"url":"http://mymetier.test/livewire-f00c2fb8/update","time_ms":351.49,"memory_mb":8.0} 
[2026-03-29 01:07:21] local.DEBUG: REQUEST TIME {"url":"http://mymetier.test/livewire-f00c2fb8/update","time_ms":319.79,"memory_mb":8.0} 
[2026-03-29 01:07:21] local.DEBUG: REQUEST TIME {"url":"http://mymetier.test","time_ms":13.71,"memory_mb":10.0} 
[2026-03-29 01:07:49] local.DEBUG: REQUEST TIME {"url":"http://mymetier.test/dashboard","time_ms":17.28,"memory_mb":10.0} 
[2026-03-29 01:08:05] local.DEBUG: REQUEST TIME {"url":"http://mymetier.test/admin/verification-document","time_ms":6.72,"memory_mb":16.0} 
[2026-03-29 01:08:08] local.DEBUG: REQUEST TIME {"url":"http://mymetier.test/livewire-f00c2fb8/update","time_ms":32.63,"memory_mb":10.0} 
[2026-03-29 01:08:10] local.DEBUG: REQUEST TIME {"url":"http://mymetier.test/livewire-f00c2fb8/update","time_ms":37.42,"memory_mb":10.0} 
[2026-03-29 01:08:17] local.DEBUG: REQUEST TIME {"url":"http://mymetier.test/livewire-f00c2fb8/update","time_ms":14.6,"memory_mb":8.0} 
[2026-03-29 01:08:32] local.DEBUG: REQUEST TIME {"url":"http://mymetier.test/dashboard","time_ms":16.07,"memory_mb":10.0} 
[2026-03-29 01:08:37] local.DEBUG: REQUEST TIME {"url":"http://mymetier.test/logout","time_ms":14.68,"memory_mb":10.0} 
[2026-03-29 01:08:37] local.DEBUG: REQUEST TIME {"url":"http://mymetier.test","time_ms":11.93,"memory_mb":10.0} 
[2026-03-29 01:08:39] local.DEBUG: REQUEST TIME {"url":"http://mymetier.test/login","time_ms":14.42,"memory_mb":10.0} 
[2026-03-29 01:08:56] local.DEBUG: REQUEST TIME {"url":"http://mymetier.test/livewire-f00c2fb8/update","time_ms":333.87,"memory_mb":10.0} 
[2026-03-29 01:08:56] local.DEBUG: REQUEST TIME {"url":"http://mymetier.test","time_ms":17.18,"memory_mb":10.0} 
[2026-03-29 01:09:01] local.DEBUG: REQUEST TIME {"url":"http://mymetier.test/pro-dashboard","time_ms":21.82,"memory_mb":10.0} 
[2026-03-29 01:09:04] local.DEBUG: REQUEST TIME {"url":"http://mymetier.test/search","time_ms":40.57,"memory_mb":10.0} 
[2026-03-29 01:09:17] local.DEBUG: REQUEST TIME {"url":"http://mymetier.test/professionals/2","time_ms":49.24,"memory_mb":10.0} 
[2026-03-29 01:09:31] local.DEBUG: REQUEST TIME {"url":"http://mymetier.test/search","time_ms":38.08,"memory_mb":10.0} 
[2026-03-29 01:09:34] local.DEBUG: REQUEST TIME {"url":"http://mymetier.test/professionals/2","time_ms":47.97,"memory_mb":10.0} 
[2026-03-29 01:09:49] local.DEBUG: REQUEST TIME {"url":"http://mymetier.test/logout","time_ms":12.72,"memory_mb":8.0} 
[2026-03-29 01:09:49] local.DEBUG: REQUEST TIME {"url":"http://mymetier.test","time_ms":13.41,"memory_mb":8.0} 
[2026-03-29 01:52:15] local.DEBUG: REQUEST TIME {"url":"http://mymetier.test/livewire-f00c2fb8/update","time_ms":11.19,"memory_mb":8.0} 
[2026-03-29 01:52:16] local.DEBUG: REQUEST TIME {"url":"http://mymetier.test/search","time_ms":77.07,"memory_mb":10.0} 
[2026-03-29 02:17:31] local.DEBUG: REQUEST TIME {"url":"http://mymetier.test/login","time_ms":14.84,"memory_mb":8.0} 
[2026-03-29 02:17:48] local.DEBUG: REQUEST TIME {"url":"http://mymetier.test/livewire-f00c2fb8/update","time_ms":323.94,"memory_mb":8.0} 
[2026-03-29 02:17:49] local.DEBUG: REQUEST TIME {"url":"http://mymetier.test","time_ms":55.82,"memory_mb":10.0} 
[2026-03-29 02:17:52] local.DEBUG: REQUEST TIME {"url":"http://mymetier.test/search","time_ms":43.98,"memory_mb":10.0} 
[2026-03-29 02:17:57] local.DEBUG: REQUEST TIME {"url":"http://mymetier.test/requests","time_ms":509.46,"memory_mb":10.0} 
[2026-03-29 02:17:57] local.WARNING: SLOW REQUEST ALERT {"url":"http://mymetier.test/requests","time_ms":509.46,"memory_mb":10.0} 
[2026-03-29 02:18:03] local.DEBUG: REQUEST TIME {"url":"http://mymetier.test/search","time_ms":40.66,"memory_mb":10.0} 
[2026-03-29 02:18:16] local.DEBUG: REQUEST TIME {"url":"http://mymetier.test","time_ms":22.21,"memory_mb":10.0} 
[2026-03-29 02:18:26] local.DEBUG: REQUEST TIME {"url":"http://mymetier.test/pro-dashboard","time_ms":40.45,"memory_mb":10.0} 
[2026-03-29 02:18:33] local.DEBUG: REQUEST TIME {"url":"http://mymetier.test/professionals/2","time_ms":44.67,"memory_mb":10.0} 
[2026-03-29 02:18:43] local.DEBUG: REQUEST TIME {"url":"http://mymetier.test/requests","time_ms":20.16,"memory_mb":10.0} 
[2026-03-29 02:18:49] local.DEBUG: REQUEST TIME {"url":"http://mymetier.test/livewire-f00c2fb8/update","time_ms":12.7,"memory_mb":10.0} 
[2026-03-29 02:18:53] local.DEBUG: REQUEST TIME {"url":"http://mymetier.test/livewire-f00c2fb8/update","time_ms":13.61,"memory_mb":10.0} 
[2026-03-29 02:18:56] local.DEBUG: REQUEST TIME {"url":"http://mymetier.test/search","time_ms":37.46,"memory_mb":10.0} 
[2026-03-29 02:19:17] local.DEBUG: REQUEST TIME {"url":"http://mymetier.test","time_ms":22.64,"memory_mb":10.0} 
[2026-03-29 02:19:28] local.DEBUG: REQUEST TIME {"url":"http://mymetier.test/livewire-f00c2fb8/update","time_ms":29.1,"memory_mb":10.0} 
[2026-03-29 02:19:33] local.DEBUG: REQUEST TIME {"url":"http://mymetier.test/livewire-f00c2fb8/update","time_ms":8.21,"memory_mb":8.0} 
[2026-03-29 02:19:33] local.DEBUG: REQUEST TIME {"url":"http://mymetier.test/search","time_ms":33.79,"memory_mb":10.0} 
[2026-04-01 00:09:43] local.WARNING: SLOW QUERY {"sql":"select exists (select 1 from \"main\".sqlite_master where name = 'migrations' and type = 'table') as \"exists\"","time":126.38} 
[2026-04-01 01:29:32] local.WARNING: SLOW QUERY {"sql":"select exists (select 1 from \"main\".sqlite_master where name = 'migrations' and type = 'table') as \"exists\"","time":131.12} 
[2026-04-01 03:49:52] local.DEBUG: REQUEST TIME {"url":"http://mymetier.test","time_ms":5239.99,"memory_mb":18.0} 
[2026-04-01 03:49:52] local.WARNING: SLOW REQUEST ALERT {"url":"http://mymetier.test","time_ms":5239.99,"memory_mb":18.0} 
[2026-04-01 04:01:07] local.DEBUG: REQUEST TIME {"url":"http://mymetier.test","time_ms":1909.17,"memory_mb":10.0} 
[2026-04-01 04:01:07] local.WARNING: SLOW REQUEST ALERT {"url":"http://mymetier.test","time_ms":1909.17,"memory_mb":10.0} 
[2026-04-01 04:01:27] local.DEBUG: REQUEST TIME {"url":"http://mymetier.test/search","time_ms":699.95,"memory_mb":10.0} 
[2026-04-01 04:01:27] local.DEBUG: REQUEST TIME {"url":"http://mymetier.test/search","time_ms":2719.61,"memory_mb":10.0} 
[2026-04-01 04:01:27] local.WARNING: SLOW REQUEST ALERT {"url":"http://mymetier.test/search","time_ms":699.95,"memory_mb":10.0} 
[2026-04-01 04:01:27] local.WARNING: SLOW REQUEST ALERT {"url":"http://mymetier.test/search","time_ms":2719.61,"memory_mb":10.0} 
[2026-04-01 04:01:33] local.DEBUG: REQUEST TIME {"url":"http://mymetier.test/professionals/2","time_ms":1343.87,"memory_mb":10.0} 
[2026-04-01 04:01:33] local.WARNING: SLOW REQUEST ALERT {"url":"http://mymetier.test/professionals/2","time_ms":1343.87,"memory_mb":10.0} 
[2026-04-01 04:01:51] local.DEBUG: REQUEST TIME {"url":"http://mymetier.test/login","time_ms":187.76,"memory_mb":8.0} 
[2026-04-01 04:02:06] local.DEBUG: REQUEST TIME {"url":"http://mymetier.test/livewire-f00c2fb8/update","time_ms":1471.61,"memory_mb":10.0} 
[2026-04-01 04:02:06] local.WARNING: SLOW REQUEST ALERT {"url":"http://mymetier.test/livewire-f00c2fb8/update","time_ms":1471.61,"memory_mb":10.0} 
[2026-04-01 04:02:06] local.DEBUG: REQUEST TIME {"url":"http://mymetier.test","time_ms":139.37,"memory_mb":10.0} 
[2026-04-01 04:02:11] local.DEBUG: REQUEST TIME {"url":"http://mymetier.test/livewire-f00c2fb8/update","time_ms":11.29,"memory_mb":8.0} 
[2026-04-01 04:02:11] local.DEBUG: REQUEST TIME {"url":"http://mymetier.test/search","time_ms":38.22,"memory_mb":10.0} 
[2026-04-01 04:02:14] local.DEBUG: REQUEST TIME {"url":"http://mymetier.test/professionals/1","time_ms":42.75,"memory_mb":10.0} 
[2026-04-01 04:02:20] local.DEBUG: REQUEST TIME {"url":"http://mymetier.test/search","time_ms":68.51,"memory_mb":10.0} 
[2026-04-01 04:02:24] local.DEBUG: REQUEST TIME {"url":"http://mymetier.test/professionals/4","time_ms":91.58,"memory_mb":10.0} 
[2026-04-01 04:02:52] local.DEBUG: REQUEST TIME {"url":"http://mymetier.test/search","time_ms":43.08,"memory_mb":10.0} 
[2026-04-01 04:02:56] local.DEBUG: REQUEST TIME {"url":"http://mymetier.test/professionals/2","time_ms":49.93,"memory_mb":10.0} 
[2026-04-01 04:03:06] local.DEBUG: REQUEST TIME {"url":"http://mymetier.test/search","time_ms":39.18,"memory_mb":10.0} 
[2026-04-01 04:03:14] local.DEBUG: REQUEST TIME {"url":"http://mymetier.test/logout","time_ms":182.93,"memory_mb":8.0} 
[2026-04-01 04:03:14] local.DEBUG: REQUEST TIME {"url":"http://mymetier.test","time_ms":15.35,"memory_mb":10.0} 
[2026-04-01 04:03:16] local.DEBUG: REQUEST TIME {"url":"http://mymetier.test/login","time_ms":7.55,"memory_mb":8.0} 
[2026-04-01 04:03:19] local.DEBUG: REQUEST TIME {"url":"http://mymetier.test/register","time_ms":181.59,"memory_mb":8.0} 
[2026-04-01 04:03:57] local.DEBUG: REQUEST TIME {"url":"http://mymetier.test/livewire-f00c2fb8/update","time_ms":606.08,"memory_mb":10.0} 
[2026-04-01 04:03:57] local.WARNING: SLOW REQUEST ALERT {"url":"http://mymetier.test/livewire-f00c2fb8/update","time_ms":606.08,"memory_mb":10.0} 
[2026-04-01 04:03:57] local.DEBUG: REQUEST TIME {"url":"http://mymetier.test","time_ms":16.32,"memory_mb":10.0} 
[2026-04-01 04:04:06] local.DEBUG: REQUEST TIME {"url":"http://mymetier.test/livewire-f00c2fb8/update","time_ms":14.89,"memory_mb":8.0} 
[2026-04-01 04:04:07] local.DEBUG: REQUEST TIME {"url":"http://mymetier.test/search","time_ms":49.02,"memory_mb":10.0} 
[2026-04-01 04:04:17] local.DEBUG: REQUEST TIME {"url":"http://mymetier.test/livewire-f00c2fb8/update","time_ms":113.91,"memory_mb":10.0} 
[2026-04-01 04:04:23] local.DEBUG: REQUEST TIME {"url":"http://mymetier.test/livewire-f00c2fb8/update","time_ms":67.56,"memory_mb":10.0} 
[2026-04-01 04:04:30] local.DEBUG: REQUEST TIME {"url":"http://mymetier.test/livewire-f00c2fb8/update","time_ms":72.56,"memory_mb":10.0} 
[2026-04-01 04:04:43] local.DEBUG: REQUEST TIME {"url":"http://mymetier.test/livewire-f00c2fb8/update","time_ms":61.64,"memory_mb":10.0} 
[2026-04-01 04:05:21] local.DEBUG: REQUEST TIME {"url":"http://mymetier.test/livewire-f00c2fb8/update","time_ms":45.86,"memory_mb":10.0} 
[2026-04-01 04:05:26] local.DEBUG: REQUEST TIME {"url":"http://mymetier.test/requests","time_ms":470.34,"memory_mb":10.0} 
[2026-04-01 04:05:33] local.DEBUG: REQUEST TIME {"url":"http://mymetier.test/dashboard","time_ms":1262.35,"memory_mb":10.0} 
[2026-04-01 04:05:33] local.WARNING: SLOW REQUEST ALERT {"url":"http://mymetier.test/dashboard","time_ms":1262.35,"memory_mb":10.0} 
[2026-04-01 04:05:45] local.DEBUG: REQUEST TIME {"url":"http://mymetier.test/search","time_ms":41.31,"memory_mb":10.0} 
[2026-04-01 04:05:47] local.DEBUG: REQUEST TIME {"url":"http://mymetier.test/professionals/2","time_ms":47.86,"memory_mb":10.0} 
[2026-04-01 04:05:50] local.DEBUG: REQUEST TIME {"url":"http://mymetier.test/livewire-f00c2fb8/update","time_ms":79.98,"memory_mb":10.0} 
[2026-04-01 04:05:53] local.DEBUG: REQUEST TIME {"url":"http://mymetier.test/dashboard","time_ms":24.26,"memory_mb":10.0} 
[2026-04-01 04:05:59] local.DEBUG: REQUEST TIME {"url":"http://mymetier.test/upgrade","time_ms":1457.31,"memory_mb":10.0} 
[2026-04-01 04:05:59] local.WARNING: SLOW REQUEST ALERT {"url":"http://mymetier.test/upgrade","time_ms":1457.31,"memory_mb":10.0} 
[2026-04-01 04:06:26] local.DEBUG: REQUEST TIME {"url":"http://mymetier.test/livewire-f00c2fb8/update","time_ms":19.5,"memory_mb":10.0} 
[2026-04-01 04:06:29] local.DEBUG: REQUEST TIME {"url":"http://mymetier.test/livewire-f00c2fb8/update","time_ms":22.15,"memory_mb":10.0} 
[2026-04-01 04:07:06] local.DEBUG: REQUEST TIME {"url":"http://mymetier.test/livewire-f00c2fb8/update","time_ms":160.96,"memory_mb":8.0} 
[2026-04-01 04:07:08] local.DEBUG: REQUEST TIME {"url":"http://mymetier.test/livewire-f00c2fb8/upload-file","time_ms":1403.0,"memory_mb":20.0} 
[2026-04-01 04:07:08] local.WARNING: SLOW REQUEST ALERT {"url":"http://mymetier.test/livewire-f00c2fb8/upload-file","time_ms":1403.0,"memory_mb":20.0} 
[2026-04-01 04:07:08] local.DEBUG: REQUEST TIME {"url":"http://mymetier.test/livewire-f00c2fb8/update","time_ms":160.25,"memory_mb":10.0} 
[2026-04-01 04:07:43] local.DEBUG: REQUEST TIME {"url":"http://mymetier.test/livewire-f00c2fb8/update","time_ms":235.21,"memory_mb":18.0} 
[2026-04-01 04:08:02] local.DEBUG: REQUEST TIME {"url":"http://mymetier.test/livewire-f00c2fb8/update","time_ms":48.82,"memory_mb":18.0} 
[2026-04-01 04:08:05] local.DEBUG: REQUEST TIME {"url":"http://mymetier.test/pro-dashboard","time_ms":2686.99,"memory_mb":10.0} 
[2026-04-01 04:08:05] local.WARNING: SLOW REQUEST ALERT {"url":"http://mymetier.test/pro-dashboard","time_ms":2686.99,"memory_mb":10.0} 
[2026-04-01 04:09:22] local.DEBUG: REQUEST TIME {"url":"http://mymetier.test/livewire-f00c2fb8/update","time_ms":30.92,"memory_mb":10.0} 
[2026-04-01 04:09:29] local.DEBUG: REQUEST TIME {"url":"http://mymetier.test/livewire-f00c2fb8/update","time_ms":24.46,"memory_mb":10.0} 
[2026-04-01 04:10:04] local.DEBUG: REQUEST TIME {"url":"http://mymetier.test","time_ms":31.77,"memory_mb":10.0} 
[2026-04-01 04:12:57] local.DEBUG: REQUEST TIME {"url":"http://mymetier.test/logout","time_ms":24.18,"memory_mb":8.0} 
[2026-04-01 04:12:57] local.DEBUG: REQUEST TIME {"url":"http://mymetier.test","time_ms":61.12,"memory_mb":10.0} 
[2026-04-01 04:13:14] local.DEBUG: REQUEST TIME {"url":"http://mymetier.test/login","time_ms":11.7,"memory_mb":8.0} 
[2026-04-01 04:13:43] local.DEBUG: REQUEST TIME {"url":"http://mymetier.test/livewire-f00c2fb8/update","time_ms":378.46,"memory_mb":8.0} 
[2026-04-01 04:13:59] local.DEBUG: REQUEST TIME {"url":"http://mymetier.test/livewire-f00c2fb8/update","time_ms":377.23,"memory_mb":8.0} 
[2026-04-01 04:14:10] local.DEBUG: REQUEST TIME {"url":"http://mymetier.test/livewire-f00c2fb8/update","time_ms":353.12,"memory_mb":8.0} 
[2026-04-01 04:14:10] local.DEBUG: REQUEST TIME {"url":"http://mymetier.test","time_ms":16.08,"memory_mb":10.0} 
[2026-04-01 04:14:44] local.DEBUG: REQUEST TIME {"url":"http://mymetier.test/search","time_ms":43.23,"memory_mb":10.0} 
[2026-04-01 04:14:48] local.DEBUG: REQUEST TIME {"url":"http://mymetier.test","time_ms":17.57,"memory_mb":10.0} 
[2026-04-01 04:14:55] local.DEBUG: REQUEST TIME {"url":"http://mymetier.test/livewire-f00c2fb8/update","time_ms":9.87,"memory_mb":8.0} 
[2026-04-01 04:14:55] local.DEBUG: REQUEST TIME {"url":"http://mymetier.test/search","time_ms":35.08,"memory_mb":10.0} 
[2026-04-01 04:15:00] local.DEBUG: REQUEST TIME {"url":"http://mymetier.test/requests","time_ms":19.65,"memory_mb":10.0} 
[2026-04-01 04:15:08] local.DEBUG: REQUEST TIME {"url":"http://mymetier.test/search","time_ms":44.16,"memory_mb":10.0} 
[2026-04-01 04:15:18] local.DEBUG: REQUEST TIME {"url":"http://mymetier.test/requests","time_ms":22.62,"memory_mb":10.0} 
[2026-04-01 04:15:27] local.DEBUG: REQUEST TIME {"url":"http://mymetier.test/dashboard","time_ms":28.38,"memory_mb":10.0} 
[2026-04-01 04:47:15] local.ERROR: rename(C:\Users\Mugahed\Desktop\MyMetier\storage\framework\views\e6b6467.tmp,C:\Users\Mugahed\Desktop\MyMetier\storage\framework\views/e6bbf84c1a66f7eb7db561a909ad557b.php): Access is denied (code: 5) (View: C:\Users\Mugahed\Desktop\MyMetier\vendor\filament\support\resources\views\components\input\index.blade.php) (View: C:\Users\Mugahed\Desktop\MyMetier\vendor\filament\support\resources\views\components\input\index.blade.php) (View: C:\Users\Mugahed\Desktop\MyMetier\vendor\filament\support\resources\views\components\input\index.blade.php) {"user_id":1,"url":"http://mymetier.test/admin/upgrade-requests","userId":1,"exception":"[object] (Illuminate\\View\\ViewException(code: 0): rename(C:\\Users\\Mugahed\\Desktop\\MyMetier\\storage\\framework\\views\\e6b6467.tmp,C:\\Users\\Mugahed\\Desktop\\MyMetier\\storage\\framework\\views/e6bbf84c1a66f7eb7db561a909ad557b.php): Access is denied (code: 5) (View: C:\\Users\\Mugahed\\Desktop\\MyMetier\\vendor\\filament\\support\\resources\\views\\components\\input\\index.blade.php) (View: C:\\Users\\Mugahed\\Desktop\\MyMetier\\vendor\\filament\\support\\resources\\views\\components\\input\\index.blade.php) (View: C:\\Users\\Mugahed\\Desktop\\MyMetier\\vendor\\filament\\support\\resources\\views\\components\\input\\index.blade.php) at C:/Users/Mugahed/Desktop/MyMetier/vendor/laravel/framework/src/Illuminate/Filesystem/Filesystem.php:233)
[stacktrace]
#0 C:/Users/Mugahed/Desktop/MyMetier/vendor/livewire/livewire/src/Mechanisms/ExtendBlade/ExtendedCompilerEngine.php(58): Illuminate/View/Engines/CompilerEngine->handleViewException(Object(Illuminate/View/ViewException), 1)
#1 C:/Users/Mugahed/Desktop/MyMetier/vendor/livewire/livewire/src/Mechanisms/ExtendBlade/ExtendedCompilerEngine.php(40): Livewire/Mechanisms/ExtendBlade/ExtendedCompilerEngine->handleViewException(Object(Illuminate/View/ViewException), 1)
#2 C:/Users/Mugahed/Desktop/MyMetier/vendor/laravel/framework/src/Illuminate/View/Engines/CompilerEngine.php(76): Livewire/Mechanisms/ExtendBlade/ExtendedCompilerEngine->evaluatePath('C://Users//Mugahe...', Array)
#3 C:/Users/Mugahed/Desktop/MyMetier/vendor/livewire/livewire/src/Mechanisms/ExtendBlade/ExtendedCompilerEngine.php(16): Illuminate/View/Engines/CompilerEngine->get('C://Users//Mugahe...', Array)
#4 C:/Users/Mugahed/Desktop/MyMetier/vendor/laravel/framework/src/Illuminate/View/View.php(208): Livewire/Mechanisms/ExtendBlade/ExtendedCompilerEngine->get('C://Users//Mugahe...', Array)
#5 C:/Users/Mugahed/Desktop/MyMetier/vendor/laravel/framework/src/Illuminate/View/View.php(191): Illuminate/View/View->getContents()
#6 C:/Users/Mugahed/Desktop/MyMetier/vendor/laravel/framework/src/Illuminate/View/View.php(160): Illuminate/View/View->renderContents()
#7 C:/Users/Mugahed/Desktop/MyMetier/vendor/livewire/livewire/src/Mechanisms/HandleComponents/HandleComponents.php(409): Illuminate/View/View->render(Object(Closure))
#8 C:/Users/Mugahed/Desktop/MyMetier/vendor/livewire/livewire/src/Mechanisms/HandleComponents/HandleComponents.php(460): Livewire/Mechanisms/HandleComponents/HandleComponents->{closure:Livewire/Mechanisms/HandleComponents/HandleComponents::render():401}()
#9 C:/Users/Mugahed/Desktop/MyMetier/vendor/livewire/livewire/src/Mechanisms/HandleComponents/HandleComponents.php(401): Livewire/Mechanisms/HandleComponents/HandleComponents->trackInRenderStack(Object(App/Filament/Resources/UpgradeRequestResource/Pages/ListUpgradeRequests), Object(Closure))
#10 C:/Users/Mugahed/Desktop/MyMetier/vendor/livewire/livewire/src/Mechanisms/HandleComponents/HandleComponents.php(80): Livewire/Mechanisms/HandleComponents/HandleComponents->render(Object(App/Filament/Resources/UpgradeRequestResource/Pages/ListUpgradeRequests), '<div></div>')
#11 C:/Users/Mugahed/Desktop/MyMetier/vendor/livewire/livewire/src/LivewireManager.php(102): Livewire/Mechanisms/HandleComponents/HandleComponents->mount('App//Filament//Re...', Array, NULL, Array)
#12 C:/Users/Mugahed/Desktop/MyMetier/vendor/livewire/livewire/src/Features/SupportPageComponents/HandlesPageComponents.php(19): Livewire/LivewireManager->mount('App//Filament//Re...', Array)
#13 C:/Users/Mugahed/Desktop/MyMetier/vendor/livewire/livewire/src/Features/SupportPageComponents/SupportPageComponents.php(118): Livewire/Component->{closure:Livewire/Features/SupportPageComponents/HandlesPageComponents::__invoke():14}()
#14 C:/Users/Mugahed/Desktop/MyMetier/vendor/livewire/livewire/src/Features/SupportPageComponents/HandlesPageComponents.php(14): Livewire/Features/SupportPageComponents/SupportPageComponents::interceptTheRenderOfTheComponentAndRetreiveTheLayoutConfiguration(Object(Closure))
#15 C:/Users/Mugahed/Desktop/MyMetier/vendor/laravel/framework/src/Illuminate/Routing/ControllerDispatcher.php(46): Livewire/Component->__invoke()
#16 C:/Users/Mugahed/Desktop/MyMetier/vendor/laravel/framework/src/Illuminate/Routing/Route.php(269): Illuminate/Routing/ControllerDispatcher->dispatch(Object(Illuminate/Routing/Route), Object(App/Filament/Resources/UpgradeRequestResource/Pages/ListUpgradeRequests), '__invoke')
#17 C:/Users/Mugahed/Desktop/MyMetier/vendor/laravel/framework/src/Illuminate/Routing/Route.php(215): Illuminate/Routing/Route->runController()
#18 C:/Users/Mugahed/Desktop/MyMetier/vendor/laravel/framework/src/Illuminate/Routing/Router.php(822): Illuminate/Routing/Route->run()
#19 C:/Users/Mugahed/Desktop/MyMetier/vendor/laravel/framework/src/Illuminate/Pipeline/Pipeline.php(180): Illuminate/Routing/Router->{closure:Illuminate/Routing/Router::runRouteWithinStack():821}(Object(Illuminate/Http/Request))
#20 C:/Users/Mugahed/Desktop/MyMetier/vendor/filament/filament/src/Http/Middleware/DispatchServingFilamentEvent.php(15): Illuminate/Pipeline/Pipeline->{closure:Illuminate/Pipeline/Pipeline::prepareDestination():178}(Object(Illuminate/Http/Request))
#21 C:/Users/Mugahed/Desktop/MyMetier/vendor/laravel/framework/src/Illuminate/Pipeline/Pipeline.php(219): Filament/Http/Middleware/DispatchServingFilamentEvent->handle(Object(Illuminate/Http/Request), Object(Closure))
#22 C:/Users/Mugahed/Desktop/MyMetier/vendor/filament/filament/src/Http/Middleware/DisableBladeIconComponents.php(14): Illuminate/Pipeline/Pipeline->{closure:{closure:Illuminate/Pipeline/Pipeline::carry():194}:195}(Object(Illuminate/Http/Request))
#23 C:/Users/Mugahed/Desktop/MyMetier/vendor/laravel/framework/src/Illuminate/Pipeline/Pipeline.php(219): Filament/Http/Middleware/DisableBladeIconComponents->handle(Object(Illuminate/Http/Request), Object(Closure))
#24 C:/Users/Mugahed/Desktop/MyMetier/vendor/laravel/framework/src/Illuminate/Routing/Middleware/SubstituteBindings.php(52): Illuminate/Pipeline/Pipeline->{closure:{closure:Illuminate/Pipeline/Pipeline::carry():194}:195}(Object(Illuminate/Http/Request))
#25 C:/Users/Mugahed/Desktop/MyMetier/vendor/laravel/framework/src/Illuminate/Pipeline/Pipeline.php(219): Illuminate/Routing/Middleware/SubstituteBindings->handle(Object(Illuminate/Http/Request), Object(Closure))
#26 C:/Users/Mugahed/Desktop/MyMetier/vendor/laravel/framework/src/Illuminate/Foundation/Http/Middleware/PreventRequestForgery.php(104): Illuminate/Pipeline/Pipeline->{closure:{closure:Illuminate/Pipeline/Pipeline::carry():194}:195}(Object(Illuminate/Http/Request))
#27 C:/Users/Mugahed/Desktop/MyMetier/vendor/laravel/framework/src/Illuminate/Pipeline/Pipeline.php(219): Illuminate/Foundation/Http/Middleware/PreventRequestForgery->handle(Object(Illuminate/Http/Request), Object(Closure))
#28 C:/Users/Mugahed/Desktop/MyMetier/vendor/laravel/framework/src/Illuminate/Session/Middleware/AuthenticateSession.php(70): Illuminate/Pipeline/Pipeline->{closure:{closure:Illuminate/Pipeline/Pipeline::carry():194}:195}(Object(Illuminate/Http/Request))
#29 C:/Users/Mugahed/Desktop/MyMetier/vendor/laravel/framework/src/Illuminate/Pipeline/Pipeline.php(219): Illuminate/Session/Middleware/AuthenticateSession->handle(Object(Illuminate/Http/Request), Object(Closure))
#30 C:/Users/Mugahed/Desktop/MyMetier/vendor/laravel/framework/src/Illuminate/Auth/Middleware/Authenticate.php(63): Illuminate/Pipeline/Pipeline->{closure:{closure:Illuminate/Pipeline/Pipeline::carry():194}:195}(Object(Illuminate/Http/Request))
#31 C:/Users/Mugahed/Desktop/MyMetier/vendor/laravel/framework/src/Illuminate/Pipeline/Pipeline.php(219): Illuminate/Auth/Middleware/Authenticate->handle(Object(Illuminate/Http/Request), Object(Closure))
#32 C:/Users/Mugahed/Desktop/MyMetier/vendor/laravel/framework/src/Illuminate/View/Middleware/ShareErrorsFromSession.php(48): Illuminate/Pipeline/Pipeline->{closure:{closure:Illuminate/Pipeline/Pipeline::carry():194}:195}(Object(Illuminate/Http/Request))
#33 C:/Users/Mugahed/Desktop/MyMetier/vendor/laravel/framework/src/Illuminate/Pipeline/Pipeline.php(219): Illuminate/View/Middleware/ShareErrorsFromSession->handle(Object(Illuminate/Http/Request), Object(Closure))
#34 C:/Users/Mugahed/Desktop/MyMetier/vendor/laravel/framework/src/Illuminate/Session/Middleware/StartSession.php(120): Illuminate/Pipeline/Pipeline->{closure:{closure:Illuminate/Pipeline/Pipeline::carry():194}:195}(Object(Illuminate/Http/Request))
#35 C:/Users/Mugahed/Desktop/MyMetier/vendor/laravel/framework/src/Illuminate/Session/Middleware/StartSession.php(63): Illuminate/Session/Middleware/StartSession->handleStatefulRequest(Object(Illuminate/Http/Request), Object(Illuminate/Session/Store), Object(Closure))
#36 C:/Users/Mugahed/Desktop/MyMetier/vendor/laravel/framework/src/Illuminate/Pipeline/Pipeline.php(219): Illuminate/Session/Middleware/StartSession->handle(Object(Illuminate/Http/Request), Object(Closure))
#37 C:/Users/Mugahed/Desktop/MyMetier/vendor/laravel/framework/src/Illuminate/Cookie/Middleware/AddQueuedCookiesToResponse.php(36): Illuminate/Pipeline/Pipeline->{closure:{closure:Illuminate/Pipeline/Pipeline::carry():194}:195}(Object(Illuminate/Http/Request))
#38 C:/Users/Mugahed/Desktop/MyMetier/vendor/laravel/framework/src/Illuminate/Pipeline/Pipeline.php(219): Illuminate/Cookie/Middleware/AddQueuedCookiesToResponse->handle(Object(Illuminate/Http/Request), Object(Closure))
#39 C:/Users/Mugahed/Desktop/MyMetier/vendor/laravel/framework/src/Illuminate/Cookie/Middleware/EncryptCookies.php(74): Illuminate/Pipeline/Pipeline->{closure:{closure:Illuminate/Pipeline/Pipeline::carry():194}:195}(Object(Illuminate/Http/Request))
#40 C:/Users/Mugahed/Desktop/MyMetier/vendor/laravel/framework/src/Illuminate/Pipeline/Pipeline.php(219): Illuminate/Cookie/Middleware/EncryptCookies->handle(Object(Illuminate/Http/Request), Object(Closure))
#41 C:/Users/Mugahed/Desktop/MyMetier/vendor/filament/filament/src/Http/Middleware/SetUpPanel.php(19): Illuminate/Pipeline/Pipeline->{closure:{closure:Illuminate/Pipeline/Pipeline::carry():194}:195}(Object(Illuminate/Http/Request))
#42 C:/Users/Mugahed/Desktop/MyMetier/vendor/laravel/framework/src/Illuminate/Pipeline/Pipeline.php(219): Filament/Http/Middleware/SetUpPanel->handle(Object(Illuminate/Http/Request), Object(Closure), Object(Filament/Panel))
#43 C:/Users/Mugahed/Desktop/MyMetier/vendor/laravel/framework/src/Illuminate/Pipeline/Pipeline.php(137): Illuminate/Pipeline/Pipeline->{closure:{closure:Illuminate/Pipeline/Pipeline::carry():194}:195}(Object(Illuminate/Http/Request))
#44 C:/Users/Mugahed/Desktop/MyMetier/vendor/laravel/framework/src/Illuminate/Routing/Router.php(821): Illuminate/Pipeline/Pipeline->then(Object(Closure))
#45 C:/Users/Mugahed/Desktop/MyMetier/vendor/laravel/framework/src/Illuminate/Routing/Router.php(800): Illuminate/Routing/Router->runRouteWithinStack(Object(Illuminate/Routing/Route), Object(Illuminate/Http/Request))
#46 C:/Users/Mugahed/Desktop/MyMetier/vendor/laravel/framework/src/Illuminate/Routing/Router.php(764): Illuminate/Routing/Router->runRoute(Object(Illuminate/Http/Request), Object(Illuminate/Routing/Route))
#47 C:/Users/Mugahed/Desktop/MyMetier/vendor/laravel/framework/src/Illuminate/Routing/Router.php(753): Illuminate/Routing/Router->dispatchToRoute(Object(Illuminate/Http/Request))
#48 C:/Users/Mugahed/Desktop/MyMetier/vendor/laravel/framework/src/Illuminate/Foundation/Http/Kernel.php(200): Illuminate/Routing/Router->dispatch(Object(Illuminate/Http/Request))
#49 C:/Users/Mugahed/Desktop/MyMetier/vendor/laravel/framework/src/Illuminate/Pipeline/Pipeline.php(180): Illuminate/Foundation/Http/Kernel->{closure:Illuminate/Foundation/Http/Kernel::dispatchToRouter():197}(Object(Illuminate/Http/Request))
#50 C:/Users/Mugahed/Desktop/MyMetier/vendor/livewire/livewire/src/Features/SupportDisablingBackButtonCache/DisableBackButtonCacheMiddleware.php(19): Illuminate/Pipeline/Pipeline->{closure:Illuminate/Pipeline/Pipeline::prepareDestination():178}(Object(Illuminate/Http/Request))
#51 C:/Users/Mugahed/Desktop/MyMetier/vendor/laravel/framework/src/Illuminate/Pipeline/Pipeline.php(219): Livewire/Features/SupportDisablingBackButtonCache/DisableBackButtonCacheMiddleware->handle(Object(Illuminate/Http/Request), Object(Closure))
#52 C:/Users/Mugahed/Desktop/MyMetier/vendor/laravel/framework/src/Illuminate/Foundation/Http/Middleware/TransformsRequest.php(21): Illuminate/Pipeline/Pipeline->{closure:{closure:Illuminate/Pipeline/Pipeline::carry():194}:195}(Object(Illuminate/Http/Request))
#53 C:/Users/Mugahed/Desktop/MyMetier/vendor/laravel/framework/src/Illuminate/Foundation/Http/Middleware/ConvertEmptyStringsToNull.php(31): Illuminate/Foundation/Http/Middleware/TransformsRequest->handle(Object(Illuminate/Http/Request), Object(Closure))
#54 C:/Users/Mugahed/Desktop/MyMetier/vendor/laravel/framework/src/Illuminate/Pipeline/Pipeline.php(219): Illuminate/Foundation/Http/Middleware/ConvertEmptyStringsToNull->handle(Object(Illuminate/Http/Request), Object(Closure))
#55 C:/Users/Mugahed/Desktop/MyMetier/vendor/laravel/framework/src/Illuminate/Foundation/Http/Middleware/TransformsRequest.php(21): Illuminate/Pipeline/Pipeline->{closure:{closure:Illuminate/Pipeline/Pipeline::carry():194}:195}(Object(Illuminate/Http/Request))
#56 C:/Users/Mugahed/Desktop/MyMetier/vendor/laravel/framework/src/Illuminate/Foundation/Http/Middleware/TrimStrings.php(51): Illuminate/Foundation/Http/Middleware/TransformsRequest->handle(Object(Illuminate/Http/Request), Object(Closure))
#57 C:/Users/Mugahed/Desktop/MyMetier/vendor/laravel/framework/src/Illuminate/Pipeline/Pipeline.php(219): Illuminate/Foundation/Http/Middleware/TrimStrings->handle(Object(Illuminate/Http/Request), Object(Closure))
#58 C:/Users/Mugahed/Desktop/MyMetier/vendor/laravel/framework/src/Illuminate/Http/Middleware/ValidatePostSize.php(27): Illuminate/Pipeline/Pipeline->{closure:{closure:Illuminate/Pipeline/Pipeline::carry():194}:195}(Object(Illuminate/Http/Request))
#59 C:/Users/Mugahed/Desktop/MyMetier/vendor/laravel/framework/src/Illuminate/Pipeline/Pipeline.php(219): Illuminate/Http/Middleware/ValidatePostSize->handle(Object(Illuminate/Http/Request), Object(Closure))
#60 C:/Users/Mugahed/Desktop/MyMetier/vendor/laravel/framework/src/Illuminate/Foundation/Http/Middleware/PreventRequestsDuringMaintenance.php(109): Illuminate/Pipeline/Pipeline->{closure:{closure:Illuminate/Pipeline/Pipeline::carry():194}:195}(Object(Illuminate/Http/Request))
#61 C:/Users/Mugahed/Desktop/MyMetier/vendor/laravel/framework/src/Illuminate/Pipeline/Pipeline.php(219): Illuminate/Foundation/Http/Middleware/PreventRequestsDuringMaintenance->handle(Object(Illuminate/Http/Request), Object(Closure))
#62 C:/Users/Mugahed/Desktop/MyMetier/vendor/laravel/framework/src/Illuminate/Http/Middleware/HandleCors.php(61): Illuminate/Pipeline/Pipeline->{closure:{closure:Illuminate/Pipeline/Pipeline::carry():194}:195}(Object(Illuminate/Http/Request))
#63 C:/Users/Mugahed/Desktop/MyMetier/vendor/laravel/framework/src/Illuminate/Pipeline/Pipeline.php(219): Illuminate/Http/Middleware/HandleCors->handle(Object(Illuminate/Http/Request), Object(Closure))
#64 C:/Users/Mugahed/Desktop/MyMetier/vendor/laravel/framework/src/Illuminate/Http/Middleware/TrustProxies.php(58): Illuminate/Pipeline/Pipeline->{closure:{closure:Illuminate/Pipeline/Pipeline::carry():194}:195}(Object(Illuminate/Http/Request))
#65 C:/Users/Mugahed/Desktop/MyMetier/vendor/laravel/framework/src/Illuminate/Pipeline/Pipeline.php(219): Illuminate/Http/Middleware/TrustProxies->handle(Object(Illuminate/Http/Request), Object(Closure))
#66 C:/Users/Mugahed/Desktop/MyMetier/vendor/laravel/framework/src/Illuminate/Foundation/Http/Middleware/InvokeDeferredCallbacks.php(22): Illuminate/Pipeline/Pipeline->{closure:{closure:Illuminate/Pipeline/Pipeline::carry():194}:195}(Object(Illuminate/Http/Request))
#67 C:/Users/Mugahed/Desktop/MyMetier/vendor/laravel/framework/src/Illuminate/Pipeline/Pipeline.php(219): Illuminate/Foundation/Http/Middleware/InvokeDeferredCallbacks->handle(Object(Illuminate/Http/Request), Object(Closure))
#68 C:/Users/Mugahed/Desktop/MyMetier/vendor/laravel/framework/src/Illuminate/Http/Middleware/ValidatePathEncoding.php(28): Illuminate/Pipeline/Pipeline->{closure:{closure:Illuminate/Pipeline/Pipeline::carry():194}:195}(Object(Illuminate/Http/Request))
#69 C:/Users/Mugahed/Desktop/MyMetier/vendor/laravel/framework/src/Illuminate/Pipeline/Pipeline.php(219): Illuminate/Http/Middleware/ValidatePathEncoding->handle(Object(Illuminate/Http/Request), Object(Closure))
#70 C:/Users/Mugahed/Desktop/MyMetier/vendor/laravel/framework/src/Illuminate/Pipeline/Pipeline.php(137): Illuminate/Pipeline/Pipeline->{closure:{closure:Illuminate/Pipeline/Pipeline::carry():194}:195}(Object(Illuminate/Http/Request))
#71 C:/Users/Mugahed/Desktop/MyMetier/vendor/laravel/framework/src/Illuminate/Foundation/Http/Kernel.php(175): Illuminate/Pipeline/Pipeline->then(Object(Closure))
#72 C:/Users/Mugahed/Desktop/MyMetier/vendor/laravel/framework/src/Illuminate/Foundation/Http/Kernel.php(144): Illuminate/Foundation/Http/Kernel->sendRequestThroughRouter(Object(Illuminate/Http/Request))
#73 C:/Users/Mugahed/Desktop/MyMetier/vendor/laravel/framework/src/Illuminate/Foundation/Application.php(1220): Illuminate/Foundation/Http/Kernel->handle(Object(Illuminate/Http/Request))
#74 C:/Users/Mugahed/Desktop/MyMetier/public/index.php(20): Illuminate/Foundation/Application->handleRequest(Object(Illuminate/Http/Request))
#75 C:/Program Files/Herd/resources/app.asar.unpacked/resources/valet/server.php(139): require('C://Users//Mugahe...')
#76 {main}

[previous exception] [object] (Illuminate\\View\\ViewException(code: 0): rename(C:\\Users\\Mugahed\\Desktop\\MyMetier\\storage\\framework\\views\\e6b6467.tmp,C:\\Users\\Mugahed\\Desktop\\MyMetier\\storage\\framework\\views/e6bbf84c1a66f7eb7db561a909ad557b.php): Access is denied (code: 5) (View: C:\\Users\\Mugahed\\Desktop\\MyMetier\\vendor\\filament\\support\\resources\\views\\components\\input\\index.blade.php) (View: C:\\Users\\Mugahed\\Desktop\\MyMetier\\vendor\\filament\\support\\resources\\views\\components\\input\\index.blade.php) at C:/Users/Mugahed/Desktop/MyMetier/vendor/laravel/framework/src/Illuminate/Filesystem/Filesystem.php:233)
[stacktrace]
#0 C:/Users/Mugahed/Desktop/MyMetier/vendor/livewire/livewire/src/Mechanisms/ExtendBlade/ExtendedCompilerEngine.php(58): Illuminate/View/Engines/CompilerEngine->handleViewException(Object(Illuminate/View/ViewException), 5)
#1 C:/Users/Mugahed/Desktop/MyMetier/vendor/livewire/livewire/src/Mechanisms/ExtendBlade/ExtendedCompilerEngine.php(40): Livewire/Mechanisms/ExtendBlade/ExtendedCompilerEngine->handleViewException(Object(Illuminate/View/ViewException), 5)
#2 C:/Users/Mugahed/Desktop/MyMetier/vendor/laravel/framework/src/Illuminate/View/Engines/CompilerEngine.php(76): Livewire/Mechanisms/ExtendBlade/ExtendedCompilerEngine->evaluatePath('C://Users//Mugahe...', Array)
#3 C:/Users/Mugahed/Desktop/MyMetier/vendor/livewire/livewire/src/Mechanisms/ExtendBlade/ExtendedCompilerEngine.php(16): Illuminate/View/Engines/CompilerEngine->get('C://Users//Mugahe...', Array)
#4 C:/Users/Mugahed/Desktop/MyMetier/vendor/laravel/framework/src/Illuminate/View/View.php(208): Livewire/Mechanisms/ExtendBlade/ExtendedCompilerEngine->get('C://Users//Mugahe...', Array)
#5 C:/Users/Mugahed/Desktop/MyMetier/vendor/laravel/framework/src/Illuminate/View/View.php(191): Illuminate/View/View->getContents()
#6 C:/Users/Mugahed/Desktop/MyMetier/vendor/laravel/framework/src/Illuminate/View/View.php(160): Illuminate/View/View->renderContents()
#7 C:/Users/Mugahed/Desktop/MyMetier/vendor/filament/support/src/Components/ViewComponent.php(125): Illuminate/View/View->render()
#8 C:/Users/Mugahed/Desktop/MyMetier/vendor/filament/schemas/src/Components/Component.php(219): Filament/Support/Components/ViewComponent->toHtml()
#9 C:/Users/Mugahed/Desktop/MyMetier/vendor/filament/schemas/src/Schema.php(205): Filament/Schemas/Components/Component->toSchemaHtml(true)
#10 C:/Users/Mugahed/Desktop/MyMetier/vendor/filament/support/src/Components/ViewComponent.php(122): Filament/Schemas/Schema->toEmbeddedHtml()
#11 C:/Users/Mugahed/Desktop/MyMetier/vendor/laravel/framework/src/Illuminate/Support/helpers.php(131): Filament/Support/Components/ViewComponent->toHtml()
#12 C:/Users/Mugahed/Desktop/MyMetier/storage/framework/views/b30fc42f55b3966a4634d799d18b4b9a.php(13): e(Object(Filament/Schemas/Schema))
#13 C:/Users/Mugahed/Desktop/MyMetier/vendor/livewire/livewire/src/Mechanisms/ExtendBlade/ExtendedCompilerEngine.php(37): include('C://Users//Mugahe...')
#14 C:/Users/Mugahed/Desktop/MyMetier/vendor/livewire/livewire/src/Mechanisms/ExtendBlade/ExtendedCompilerEngine.php(38): App/Filament/Resources/UpgradeRequestResource/Pages/ListUpgradeRequests->{closure:Livewire/Mechanisms/ExtendBlade/ExtendedCompilerEngine::evaluatePath():35}()
#15 C:/Users/Mugahed/Desktop/MyMetier/vendor/laravel/framework/src/Illuminate/View/Engines/CompilerEngine.php(76): Livewire/Mechanisms/ExtendBlade/ExtendedCompilerEngine->evaluatePath('C://Users//Mugahe...', Array)
#16 C:/Users/Mugahed/Desktop/MyMetier/vendor/livewire/livewire/src/Mechanisms/ExtendBlade/ExtendedCompilerEngine.php(16): Illuminate/View/Engines/CompilerEngine->get('C://Users//Mugahe...', Array)
#17 C:/Users/Mugahed/Desktop/MyMetier/vendor/laravel/framework/src/Illuminate/View/View.php(208): Livewire/Mechanisms/ExtendBlade/ExtendedCompilerEngine->get('C://Users//Mugahe...', Array)
#18 C:/Users/Mugahed/Desktop/MyMetier/vendor/laravel/framework/src/Illuminate/View/View.php(191): Illuminate/View/View->getContents()
#19 C:/Users/Mugahed/Desktop/MyMetier/vendor/laravel/framework/src/Illuminate/View/View.php(160): Illuminate/View/View->renderContents()
#20 C:/Users/Mugahed/Desktop/MyMetier/vendor/livewire/livewire/src/Mechanisms/HandleComponents/HandleComponents.php(409): Illuminate/View/View->render(Object(Closure))
#21 C:/Users/Mugahed/Desktop/MyMetier/vendor/livewire/livewire/src/Mechanisms/HandleComponents/HandleComponents.php(460): Livewire/Mechanisms/HandleComponents/HandleComponents->{closure:Livewire/Mechanisms/HandleComponents/HandleComponents::render():401}()
#22 C:/Users/Mugahed/Desktop/MyMetier/vendor/livewire/livewire/src/Mechanisms/HandleComponents/HandleComponents.php(401): Livewire/Mechanisms/HandleComponents/HandleComponents->trackInRenderStack(Object(App/Filament/Resources/UpgradeRequestResource/Pages/ListUpgradeRequests), Object(Closure))
#23 C:/Users/Mugahed/Desktop/MyMetier/vendor/livewire/livewire/src/Mechanisms/HandleComponents/HandleComponents.php(80): Livewire/Mechanisms/HandleComponents/HandleComponents->render(Object(App/Filament/Resources/UpgradeRequestResource/Pages/ListUpgradeRequests), '<div></div>')
#24 C:/Users/Mugahed/Desktop/MyMetier/vendor/livewire/livewire/src/LivewireManager.php(102): Livewire/Mechanisms/HandleComponents/HandleComponents->mount('App//Filament//Re...', Array, NULL, Array)
#25 C:/Users/Mugahed/Desktop/MyMetier/vendor/livewire/livewire/src/Features/SupportPageComponents/HandlesPageComponents.php(19): Livewire/LivewireManager->mount('App//Filament//Re...', Array)
#26 C:/Users/Mugahed/Desktop/MyMetier/vendor/livewire/livewire/src/Features/SupportPageComponents/SupportPageComponents.php(118): Livewire/Component->{closure:Livewire/Features/SupportPageComponents/HandlesPageComponents::__invoke():14}()
#27 C:/Users/Mugahed/Desktop/MyMetier/vendor/livewire/livewire/src/Features/SupportPageComponents/HandlesPageComponents.php(14): Livewire/Features/SupportPageComponents/SupportPageComponents::interceptTheRenderOfTheComponentAndRetreiveTheLayoutConfiguration(Object(Closure))
#28 C:/Users/Mugahed/Desktop/MyMetier/vendor/laravel/framework/src/Illuminate/Routing/ControllerDispatcher.php(46): Livewire/Component->__invoke()
#29 C:/Users/Mugahed/Desktop/MyMetier/vendor/laravel/framework/src/Illuminate/Routing/Route.php(269): Illuminate/Routing/ControllerDispatcher->dispatch(Object(Illuminate/Routing/Route), Object(App/Filament/Resources/UpgradeRequestResource/Pages/ListUpgradeRequests), '__invoke')
#30 C:/Users/Mugahed/Desktop/MyMetier/vendor/laravel/framework/src/Illuminate/Routing/Route.php(215): Illuminate/Routing/Route->runController()
#31 C:/Users/Mugahed/Desktop/MyMetier/vendor/laravel/framework/src/Illuminate/Routing/Router.php(822): Illuminate/Routing/Route->run()
#32 C:/Users/Mugahed/Desktop/MyMetier/vendor/laravel/framework/src/Illuminate/Pipeline/Pipeline.php(180): Illuminate/Routing/Router->{closure:Illuminate/Routing/Router::runRouteWithinStack():821}(Object(Illuminate/Http/Request))
#33 C:/Users/Mugahed/Desktop/MyMetier/vendor/filament/filament/src/Http/Middleware/DispatchServingFilamentEvent.php(15): Illuminate/Pipeline/Pipeline->{closure:Illuminate/Pipeline/Pipeline::prepareDestination():178}(Object(Illuminate/Http/Request))
#34 C:/Users/Mugahed/Desktop/MyMetier/vendor/laravel/framework/src/Illuminate/Pipeline/Pipeline.php(219): Filament/Http/Middleware/DispatchServingFilamentEvent->handle(Object(Illuminate/Http/Request), Object(Closure))
#35 C:/Users/Mugahed/Desktop/MyMetier/vendor/filament/filament/src/Http/Middleware/DisableBladeIconComponents.php(14): Illuminate/Pipeline/Pipeline->{closure:{closure:Illuminate/Pipeline/Pipeline::carry():194}:195}(Object(Illuminate/Http/Request))
#36 C:/Users/Mugahed/Desktop/MyMetier/vendor/laravel/framework/src/Illuminate/Pipeline/Pipeline.php(219): Filament/Http/Middleware/DisableBladeIconComponents->handle(Object(Illuminate/Http/Request), Object(Closure))
#37 C:/Users/Mugahed/Desktop/MyMetier/vendor/laravel/framework/src/Illuminate/Routing/Middleware/SubstituteBindings.php(52): Illuminate/Pipeline/Pipeline->{closure:{closure:Illuminate/Pipeline/Pipeline::carry():194}:195}(Object(Illuminate/Http/Request))
#38 C:/Users/Mugahed/Desktop/MyMetier/vendor/laravel/framework/src/Illuminate/Pipeline/Pipeline.php(219): Illuminate/Routing/Middleware/SubstituteBindings->handle(Object(Illuminate/Http/Request), Object(Closure))
#39 C:/Users/Mugahed/Desktop/MyMetier/vendor/laravel/framework/src/Illuminate/Foundation/Http/Middleware/PreventRequestForgery.php(104): Illuminate/Pipeline/Pipeline->{closure:{closure:Illuminate/Pipeline/Pipeline::carry():194}:195}(Object(Illuminate/Http/Request))
#40 C:/Users/Mugahed/Desktop/MyMetier/vendor/laravel/framework/src/Illuminate/Pipeline/Pipeline.php(219): Illuminate/Foundation/Http/Middleware/PreventRequestForgery->handle(Object(Illuminate/Http/Request), Object(Closure))
#41 C:/Users/Mugahed/Desktop/MyMetier/vendor/laravel/framework/src/Illuminate/Session/Middleware/AuthenticateSession.php(70): Illuminate/Pipeline/Pipeline->{closure:{closure:Illuminate/Pipeline/Pipeline::carry():194}:195}(Object(Illuminate/Http/Request))
#42 C:/Users/Mugahed/Desktop/MyMetier/vendor/laravel/framework/src/Illuminate/Pipeline/Pipeline.php(219): Illuminate/Session/Middleware/AuthenticateSession->handle(Object(Illuminate/Http/Request), Object(Closure))
#43 C:/Users/Mugahed/Desktop/MyMetier/vendor/laravel/framework/src/Illuminate/Auth/Middleware/Authenticate.php(63): Illuminate/Pipeline/Pipeline->{closure:{closure:Illuminate/Pipeline/Pipeline::carry():194}:195}(Object(Illuminate/Http/Request))
#44 C:/Users/Mugahed/Desktop/MyMetier/vendor/laravel/framework/src/Illuminate/Pipeline/Pipeline.php(219): Illuminate/Auth/Middleware/Authenticate->handle(Object(Illuminate/Http/Request), Object(Closure))
#45 C:/Users/Mugahed/Desktop/MyMetier/vendor/laravel/framework/src/Illuminate/View/Middleware/ShareErrorsFromSession.php(48): Illuminate/Pipeline/Pipeline->{closure:{closure:Illuminate/Pipeline/Pipeline::carry():194}:195}(Object(Illuminate/Http/Request))
#46 C:/Users/Mugahed/Desktop/MyMetier/vendor/laravel/framework/src/Illuminate/Pipeline/Pipeline.php(219): Illuminate/View/Middleware/ShareErrorsFromSession->handle(Object(Illuminate/Http/Request), Object(Closure))
#47 C:/Users/Mugahed/Desktop/MyMetier/vendor/laravel/framework/src/Illuminate/Session/Middleware/StartSession.php(120): Illuminate/Pipeline/Pipeline->{closure:{closure:Illuminate/Pipeline/Pipeline::carry():194}:195}(Object(Illuminate/Http/Request))
#48 C:/Users/Mugahed/Desktop/MyMetier/vendor/laravel/framework/src/Illuminate/Session/Middleware/StartSession.php(63): Illuminate/Session/Middleware/StartSession->handleStatefulRequest(Object(Illuminate/Http/Request), Object(Illuminate/Session/Store), Object(Closure))
#49 C:/Users/Mugahed/Desktop/MyMetier/vendor/laravel/framework/src/Illuminate/Pipeline/Pipeline.php(219): Illuminate/Session/Middleware/StartSession->handle(Object(Illuminate/Http/Request), Object(Closure))
#50 C:/Users/Mugahed/Desktop/MyMetier/vendor/laravel/framework/src/Illuminate/Cookie/Middleware/AddQueuedCookiesToResponse.php(36): Illuminate/Pipeline/Pipeline->{closure:{closure:Illuminate/Pipeline/Pipeline::carry():194}:195}(Object(Illuminate/Http/Request))
#51 C:/Users/Mugahed/Desktop/MyMetier/vendor/laravel/framework/src/Illuminate/Pipeline/Pipeline.php(219): Illuminate/Cookie/Middleware/AddQueuedCookiesToResponse->handle(Object(Illuminate/Http/Request), Object(Closure))
#52 C:/Users/Mugahed/Desktop/MyMetier/vendor/laravel/framework/src/Illuminate/Cookie/Middleware/EncryptCookies.php(74): Illuminate/Pipeline/Pipeline->{closure:{closure:Illuminate/Pipeline/Pipeline::carry():194}:195}(Object(Illuminate/Http/Request))
#53 C:/Users/Mugahed/Desktop/MyMetier/vendor/laravel/framework/src/Illuminate/Pipeline/Pipeline.php(219): Illuminate/Cookie/Middleware/EncryptCookies->handle(Object(Illuminate/Http/Request), Object(Closure))
#54 C:/Users/Mugahed/Desktop/MyMetier/vendor/filament/filament/src/Http/Middleware/SetUpPanel.php(19): Illuminate/Pipeline/Pipeline->{closure:{closure:Illuminate/Pipeline/Pipeline::carry():194}:195}(Object(Illuminate/Http/Request))
#55 C:/Users/Mugahed/Desktop/MyMetier/vendor/laravel/framework/src/Illuminate/Pipeline/Pipeline.php(219): Filament/Http/Middleware/SetUpPanel->handle(Object(Illuminate/Http/Request), Object(Closure), Object(Filament/Panel))
#56 C:/Users/Mugahed/Desktop/MyMetier/vendor/laravel/framework/src/Illuminate/Pipeline/Pipeline.php(137): Illuminate/Pipeline/Pipeline->{closure:{closure:Illuminate/Pipeline/Pipeline::carry():194}:195}(Object(Illuminate/Http/Request))
#57 C:/Users/Mugahed/Desktop/MyMetier/vendor/laravel/framework/src/Illuminate/Routing/Router.php(821): Illuminate/Pipeline/Pipeline->then(Object(Closure))
#58 C:/Users/Mugahed/Desktop/MyMetier/vendor/laravel/framework/src/Illuminate/Routing/Router.php(800): Illuminate/Routing/Router->runRouteWithinStack(Object(Illuminate/Routing/Route), Object(Illuminate/Http/Request))
#59 C:/Users/Mugahed/Desktop/MyMetier/vendor/laravel/framework/src/Illuminate/Routing/Router.php(764): Illuminate/Routing/Router->runRoute(Object(Illuminate/Http/Request), Object(Illuminate/Routing/Route))
#60 C:/Users/Mugahed/Desktop/MyMetier/vendor/laravel/framework/src/Illuminate/Routing/Router.php(753): Illuminate/Routing/Router->dispatchToRoute(Object(Illuminate/Http/Request))
#61 C:/Users/Mugahed/Desktop/MyMetier/vendor/laravel/framework/src/Illuminate/Foundation/Http/Kernel.php(200): Illuminate/Routing/Router->dispatch(Object(Illuminate/Http/Request))
#62 C:/Users/Mugahed/Desktop/MyMetier/vendor/laravel/framework/src/Illuminate/Pipeline/Pipeline.php(180): Illuminate/Foundation/Http/Kernel->{closure:Illuminate/Foundation/Http/Kernel::dispatchToRouter():197}(Object(Illuminate/Http/Request))
#63 C:/Users/Mugahed/Desktop/MyMetier/vendor/livewire/livewire/src/Features/SupportDisablingBackButtonCache/DisableBackButtonCacheMiddleware.php(19): Illuminate/Pipeline/Pipeline->{closure:Illuminate/Pipeline/Pipeline::prepareDestination():178}(Object(Illuminate/Http/Request))
#64 C:/Users/Mugahed/Desktop/MyMetier/vendor/laravel/framework/src/Illuminate/Pipeline/Pipeline.php(219): Livewire/Features/SupportDisablingBackButtonCache/DisableBackButtonCacheMiddleware->handle(Object(Illuminate/Http/Request), Object(Closure))
#65 C:/Users/Mugahed/Desktop/MyMetier/vendor/laravel/framework/src/Illuminate/Foundation/Http/Middleware/TransformsRequest.php(21): Illuminate/Pipeline/Pipeline->{closure:{closure:Illuminate/Pipeline/Pipeline::carry():194}:195}(Object(Illuminate/Http/Request))
#66 C:/Users/Mugahed/Desktop/MyMetier/vendor/laravel/framework/src/Illuminate/Foundation/Http/Middleware/ConvertEmptyStringsToNull.php(31): Illuminate/Foundation/Http/Middleware/TransformsRequest->handle(Object(Illuminate/Http/Request), Object(Closure))
#67 C:/Users/Mugahed/Desktop/MyMetier/vendor/laravel/framework/src/Illuminate/Pipeline/Pipeline.php(219): Illuminate/Foundation/Http/Middleware/ConvertEmptyStringsToNull->handle(Object(Illuminate/Http/Request), Object(Closure))
#68 C:/Users/Mugahed/Desktop/MyMetier/vendor/laravel/framework/src/Illuminate/Foundation/Http/Middleware/TransformsRequest.php(21): Illuminate/Pipeline/Pipeline->{closure:{closure:Illuminate/Pipeline/Pipeline::carry():194}:195}(Object(Illuminate/Http/Request))
#69 C:/Users/Mugahed/Desktop/MyMetier/vendor/laravel/framework/src/Illuminate/Foundation/Http/Middleware/TrimStrings.php(51): Illuminate/Foundation/Http/Middleware/TransformsRequest->handle(Object(Illuminate/Http/Request), Object(Closure))
#70 C:/Users/Mugahed/Desktop/MyMetier/vendor/laravel/framework/src/Illuminate/Pipeline/Pipeline.php(219): Illuminate/Foundation/Http/Middleware/TrimStrings->handle(Object(Illuminate/Http/Request), Object(Closure))
#71 C:/Users/Mugahed/Desktop/MyMetier/vendor/laravel/framework/src/Illuminate/Http/Middleware/ValidatePostSize.php(27): Illuminate/Pipeline/Pipeline->{closure:{closure:Illuminate/Pipeline/Pipeline::carry():194}:195}(Object(Illuminate/Http/Request))
#72 C:/Users/Mugahed/Desktop/MyMetier/vendor/laravel/framework/src/Illuminate/Pipeline/Pipeline.php(219): Illuminate/Http/Middleware/ValidatePostSize->handle(Object(Illuminate/Http/Request), Object(Closure))
#73 C:/Users/Mugahed/Desktop/MyMetier/vendor/laravel/framework/src/Illuminate/Foundation/Http/Middleware/PreventRequestsDuringMaintenance.php(109): Illuminate/Pipeline/Pipeline->{closure:{closure:Illuminate/Pipeline/Pipeline::carry():194}:195}(Object(Illuminate/Http/Request))
#74 C:/Users/Mugahed/Desktop/MyMetier/vendor/laravel/framework/src/Illuminate/Pipeline/Pipeline.php(219): Illuminate/Foundation/Http/Middleware/PreventRequestsDuringMaintenance->handle(Object(Illuminate/Http/Request), Object(Closure))
#75 C:/Users/Mugahed/Desktop/MyMetier/vendor/laravel/framework/src/Illuminate/Http/Middleware/HandleCors.php(61): Illuminate/Pipeline/Pipeline->{closure:{closure:Illuminate/Pipeline/Pipeline::carry():194}:195}(Object(Illuminate/Http/Request))
#76 C:/Users/Mugahed/Desktop/MyMetier/vendor/laravel/framework/src/Illuminate/Pipeline/Pipeline.php(219): Illuminate/Http/Middleware/HandleCors->handle(Object(Illuminate/Http/Request), Object(Closure))
#77 C:/Users/Mugahed/Desktop/MyMetier/vendor/laravel/framework/src/Illuminate/Http/Middleware/TrustProxies.php(58): Illuminate/Pipeline/Pipeline->{closure:{closure:Illuminate/Pipeline/Pipeline::carry():194}:195}(Object(Illuminate/Http/Request))
#78 C:/Users/Mugahed/Desktop/MyMetier/vendor/laravel/framework/src/Illuminate/Pipeline/Pipeline.php(219): Illuminate/Http/Middleware/TrustProxies->handle(Object(Illuminate/Http/Request), Object(Closure))
#79 C:/Users/Mugahed/Desktop/MyMetier/vendor/laravel/framework/src/Illuminate/Foundation/Http/Middleware/InvokeDeferredCallbacks.php(22): Illuminate/Pipeline/Pipeline->{closure:{closure:Illuminate/Pipeline/Pipeline::carry():194}:195}(Object(Illuminate/Http/Request))
#80 C:/Users/Mugahed/Desktop/MyMetier/vendor/laravel/framework/src/Illuminate/Pipeline/Pipeline.php(219): Illuminate/Foundation/Http/Middleware/InvokeDeferredCallbacks->handle(Object(Illuminate/Http/Request), Object(Closure))
#81 C:/Users/Mugahed/Desktop/MyMetier/vendor/laravel/framework/src/Illuminate/Http/Middleware/ValidatePathEncoding.php(28): Illuminate/Pipeline/Pipeline->{closure:{closure:Illuminate/Pipeline/Pipeline::carry():194}:195}(Object(Illuminate/Http/Request))
#82 C:/Users/Mugahed/Desktop/MyMetier/vendor/laravel/framework/src/Illuminate/Pipeline/Pipeline.php(219): Illuminate/Http/Middleware/ValidatePathEncoding->handle(Object(Illuminate/Http/Request), Object(Closure))
#83 C:/Users/Mugahed/Desktop/MyMetier/vendor/laravel/framework/src/Illuminate/Pipeline/Pipeline.php(137): Illuminate/Pipeline/Pipeline->{closure:{closure:Illuminate/Pipeline/Pipeline::carry():194}:195}(Object(Illuminate/Http/Request))
#84 C:/Users/Mugahed/Desktop/MyMetier/vendor/laravel/framework/src/Illuminate/Foundation/Http/Kernel.php(175): Illuminate/Pipeline/Pipeline->then(Object(Closure))
#85 C:/Users/Mugahed/Desktop/MyMetier/vendor/laravel/framework/src/Illuminate/Foundation/Http/Kernel.php(144): Illuminate/Foundation/Http/Kernel->sendRequestThroughRouter(Object(Illuminate/Http/Request))
#86 C:/Users/Mugahed/Desktop/MyMetier/vendor/laravel/framework/src/Illuminate/Foundation/Application.php(1220): Illuminate/Foundation/Http/Kernel->handle(Object(Illuminate/Http/Request))
#87 C:/Users/Mugahed/Desktop/MyMetier/public/index.php(20): Illuminate/Foundation/Application->handleRequest(Object(Illuminate/Http/Request))
#88 C:/Program Files/Herd/resources/app.asar.unpacked/resources/valet/server.php(139): require('C://Users//Mugahe...')
#89 {main}

[previous exception] [object] (Illuminate\\View\\ViewException(code: 0): rename(C:\\Users\\Mugahed\\Desktop\\MyMetier\\storage\\framework\\views\\e6b6467.tmp,C:\\Users\\Mugahed\\Desktop\\MyMetier\\storage\\framework\\views/e6bbf84c1a66f7eb7db561a909ad557b.php): Access is denied (code: 5) (View: C:\\Users\\Mugahed\\Desktop\\MyMetier\\vendor\\filament\\support\\resources\\views\\components\\input\\index.blade.php) at C:/Users/Mugahed/Desktop/MyMetier/vendor/laravel/framework/src/Illuminate/Filesystem/Filesystem.php:233)
[stacktrace]
#0 C:/Users/Mugahed/Desktop/MyMetier/vendor/livewire/livewire/src/Mechanisms/ExtendBlade/ExtendedCompilerEngine.php(58): Illuminate/View/Engines/CompilerEngine->handleViewException(Object(ErrorException), 6)
#1 C:/Users/Mugahed/Desktop/MyMetier/vendor/livewire/livewire/src/Mechanisms/ExtendBlade/ExtendedCompilerEngine.php(40): Livewire/Mechanisms/ExtendBlade/ExtendedCompilerEngine->handleViewException(Object(ErrorException), 6)
#2 C:/Users/Mugahed/Desktop/MyMetier/vendor/laravel/framework/src/Illuminate/View/Engines/CompilerEngine.php(76): Livewire/Mechanisms/ExtendBlade/ExtendedCompilerEngine->evaluatePath('C://Users//Mugahe...', Array)
#3 C:/Users/Mugahed/Desktop/MyMetier/vendor/livewire/livewire/src/Mechanisms/ExtendBlade/ExtendedCompilerEngine.php(16): Illuminate/View/Engines/CompilerEngine->get('C://Users//Mugahe...', Array)
#4 C:/Users/Mugahed/Desktop/MyMetier/vendor/laravel/framework/src/Illuminate/View/View.php(208): Livewire/Mechanisms/ExtendBlade/ExtendedCompilerEngine->get('C://Users//Mugahe...', Array)
#5 C:/Users/Mugahed/Desktop/MyMetier/vendor/laravel/framework/src/Illuminate/View/View.php(191): Illuminate/View/View->getContents()
#6 C:/Users/Mugahed/Desktop/MyMetier/vendor/laravel/framework/src/Illuminate/View/View.php(160): Illuminate/View/View->renderContents()
#7 C:/Users/Mugahed/Desktop/MyMetier/vendor/laravel/framework/src/Illuminate/View/Concerns/ManagesComponents.php(103): Illuminate/View/View->render()
#8 C:/Users/Mugahed/Desktop/MyMetier/storage/framework/views/78ed2e5f924c1c055e9eb840a313a364.php(718): Illuminate/View/Factory->renderComponent()
#9 C:/Users/Mugahed/Desktop/MyMetier/vendor/livewire/livewire/src/Mechanisms/ExtendBlade/ExtendedCompilerEngine.php(37): include('C://Users//Mugahe...')
#10 C:/Users/Mugahed/Desktop/MyMetier/vendor/livewire/livewire/src/Mechanisms/ExtendBlade/ExtendedCompilerEngine.php(38): App/Filament/Resources/UpgradeRequestResource/Pages/ListUpgradeRequests->{closure:Livewire/Mechanisms/ExtendBlade/ExtendedCompilerEngine::evaluatePath():35}()
#11 C:/Users/Mugahed/Desktop/MyMetier/vendor/laravel/framework/src/Illuminate/View/Engines/CompilerEngine.php(76): Livewire/Mechanisms/ExtendBlade/ExtendedCompilerEngine->evaluatePath('C://Users//Mugahe...', Array)
#12 C:/Users/Mugahed/Desktop/MyMetier/vendor/livewire/livewire/src/Mechanisms/ExtendBlade/ExtendedCompilerEngine.php(16): Illuminate/View/Engines/CompilerEngine->get('C://Users//Mugahe...', Array)
#13 C:/Users/Mugahed/Desktop/MyMetier/vendor/laravel/framework/src/Illuminate/View/View.php(208): Livewire/Mechanisms/ExtendBlade/ExtendedCompilerEngine->get('C://Users//Mugahe...', Array)
#14 C:/Users/Mugahed/Desktop/MyMetier/vendor/laravel/framework/src/Illuminate/View/View.php(191): Illuminate/View/View->getContents()
#15 C:/Users/Mugahed/Desktop/MyMetier/vendor/laravel/framework/src/Illuminate/View/View.php(160): Illuminate/View/View->renderContents()
#16 C:/Users/Mugahed/Desktop/MyMetier/vendor/filament/support/src/Components/ViewComponent.php(125): Illuminate/View/View->render()
#17 C:/Users/Mugahed/Desktop/MyMetier/vendor/filament/schemas/src/Components/Component.php(219): Filament/Support/Components/ViewComponent->toHtml()
#18 C:/Users/Mugahed/Desktop/MyMetier/vendor/filament/schemas/src/Schema.php(205): Filament/Schemas/Components/Component->toSchemaHtml(true)
#19 C:/Users/Mugahed/Desktop/MyMetier/vendor/filament/support/src/Components/ViewComponent.php(122): Filament/Schemas/Schema->toEmbeddedHtml()
#20 C:/Users/Mugahed/Desktop/MyMetier/vendor/laravel/framework/src/Illuminate/Support/helpers.php(131): Filament/Support/Components/ViewComponent->toHtml()
#21 C:/Users/Mugahed/Desktop/MyMetier/storage/framework/views/b30fc42f55b3966a4634d799d18b4b9a.php(13): e(Object(Filament/Schemas/Schema))
#22 C:/Users/Mugahed/Desktop/MyMetier/vendor/livewire/livewire/src/Mechanisms/ExtendBlade/ExtendedCompilerEngine.php(37): include('C://Users//Mugahe...')
#23 C:/Users/Mugahed/Desktop/MyMetier/vendor/livewire/livewire/src/Mechanisms/ExtendBlade/ExtendedCompilerEngine.php(38): App/Filament/Resources/UpgradeRequestResource/Pages/ListUpgradeRequests->{closure:Livewire/Mechanisms/ExtendBlade/ExtendedCompilerEngine::evaluatePath():35}()
#24 C:/Users/Mugahed/Desktop/MyMetier/vendor/laravel/framework/src/Illuminate/View/Engines/CompilerEngine.php(76): Livewire/Mechanisms/ExtendBlade/ExtendedCompilerEngine->evaluatePath('C://Users//Mugahe...', Array)
#25 C:/Users/Mugahed/Desktop/MyMetier/vendor/livewire/livewire/src/Mechanisms/ExtendBlade/ExtendedCompilerEngine.php(16): Illuminate/View/Engines/CompilerEngine->get('C://Users//Mugahe...', Array)
#26 C:/Users/Mugahed/Desktop/MyMetier/vendor/laravel/framework/src/Illuminate/View/View.php(208): Livewire/Mechanisms/ExtendBlade/ExtendedCompilerEngine->get('C://Users//Mugahe...', Array)
#27 C:/Users/Mugahed/Desktop/MyMetier/vendor/laravel/framework/src/Illuminate/View/View.php(191): Illuminate/View/View->getContents()
#28 C:/Users/Mugahed/Desktop/MyMetier/vendor/laravel/framework/src/Illuminate/View/View.php(160): Illuminate/View/View->renderContents()
#29 C:/Users/Mugahed/Desktop/MyMetier/vendor/livewire/livewire/src/Mechanisms/HandleComponents/HandleComponents.php(409): Illuminate/View/View->render(Object(Closure))
#30 C:/Users/Mugahed/Desktop/MyMetier/vendor/livewire/livewire/src/Mechanisms/HandleComponents/HandleComponents.php(460): Livewire/Mechanisms/HandleComponents/HandleComponents->{closure:Livewire/Mechanisms/HandleComponents/HandleComponents::render():401}()
#31 C:/Users/Mugahed/Desktop/MyMetier/vendor/livewire/livewire/src/Mechanisms/HandleComponents/HandleComponents.php(401): Livewire/Mechanisms/HandleComponents/HandleComponents->trackInRenderStack(Object(App/Filament/Resources/UpgradeRequestResource/Pages/ListUpgradeRequests), Object(Closure))
#32 C:/Users/Mugahed/Desktop/MyMetier/vendor/livewire/livewire/src/Mechanisms/HandleComponents/HandleComponents.php(80): Livewire/Mechanisms/HandleComponents/HandleComponents->render(Object(App/Filament/Resources/UpgradeRequestResource/Pages/ListUpgradeRequests), '<div></div>')
#33 C:/Users/Mugahed/Desktop/MyMetier/vendor/livewire/livewire/src/LivewireManager.php(102): Livewire/Mechanisms/HandleComponents/HandleComponents->mount('App//Filament//Re...', Array, NULL, Array)
#34 C:/Users/Mugahed/Desktop/MyMetier/vendor/livewire/livewire/src/Features/SupportPageComponents/HandlesPageComponents.php(19): Livewire/LivewireManager->mount('App//Filament//Re...', Array)
#35 C:/Users/Mugahed/Desktop/MyMetier/vendor/livewire/livewire/src/Features/SupportPageComponents/SupportPageComponents.php(118): Livewire/Component->{closure:Livewire/Features/SupportPageComponents/HandlesPageComponents::__invoke():14}()
#36 C:/Users/Mugahed/Desktop/MyMetier/vendor/livewire/livewire/src/Features/SupportPageComponents/HandlesPageComponents.php(14): Livewire/Features/SupportPageComponents/SupportPageComponents::interceptTheRenderOfTheComponentAndRetreiveTheLayoutConfiguration(Object(Closure))
#37 C:/Users/Mugahed/Desktop/MyMetier/vendor/laravel/framework/src/Illuminate/Routing/ControllerDispatcher.php(46): Livewire/Component->__invoke()
#38 C:/Users/Mugahed/Desktop/MyMetier/vendor/laravel/framework/src/Illuminate/Routing/Route.php(269): Illuminate/Routing/ControllerDispatcher->dispatch(Object(Illuminate/Routing/Route), Object(App/Filament/Resources/UpgradeRequestResource/Pages/ListUpgradeRequests), '__invoke')
#39 C:/Users/Mugahed/Desktop/MyMetier/vendor/laravel/framework/src/Illuminate/Routing/Route.php(215): Illuminate/Routing/Route->runController()
#40 C:/Users/Mugahed/Desktop/MyMetier/vendor/laravel/framework/src/Illuminate/Routing/Router.php(822): Illuminate/Routing/Route->run()
#41 C:/Users/Mugahed/Desktop/MyMetier/vendor/laravel/framework/src/Illuminate/Pipeline/Pipeline.php(180): Illuminate/Routing/Router->{closure:Illuminate/Routing/Router::runRouteWithinStack():821}(Object(Illuminate/Http/Request))
#42 C:/Users/Mugahed/Desktop/MyMetier/vendor/filament/filament/src/Http/Middleware/DispatchServingFilamentEvent.php(15): Illuminate/Pipeline/Pipeline->{closure:Illuminate/Pipeline/Pipeline::prepareDestination():178}(Object(Illuminate/Http/Request))
#43 C:/Users/Mugahed/Desktop/MyMetier/vendor/laravel/framework/src/Illuminate/Pipeline/Pipeline.php(219): Filament/Http/Middleware/DispatchServingFilamentEvent->handle(Object(Illuminate/Http/Request), Object(Closure))
#44 C:/Users/Mugahed/Desktop/MyMetier/vendor/filament/filament/src/Http/Middleware/DisableBladeIconComponents.php(14): Illuminate/Pipeline/Pipeline->{closure:{closure:Illuminate/Pipeline/Pipeline::carry():194}:195}(Object(Illuminate/Http/Request))
#45 C:/Users/Mugahed/Desktop/MyMetier/vendor/laravel/framework/src/Illuminate/Pipeline/Pipeline.php(219): Filament/Http/Middleware/DisableBladeIconComponents->handle(Object(Illuminate/Http/Request), Object(Closure))
#46 C:/Users/Mugahed/Desktop/MyMetier/vendor/laravel/framework/src/Illuminate/Routing/Middleware/SubstituteBindings.php(52): Illuminate/Pipeline/Pipeline->{closure:{closure:Illuminate/Pipeline/Pipeline::carry():194}:195}(Object(Illuminate/Http/Request))
#47 C:/Users/Mugahed/Desktop/MyMetier/vendor/laravel/framework/src/Illuminate/Pipeline/Pipeline.php(219): Illuminate/Routing/Middleware/SubstituteBindings->handle(Object(Illuminate/Http/Request), Object(Closure))
#48 C:/Users/Mugahed/Desktop/MyMetier/vendor/laravel/framework/src/Illuminate/Foundation/Http/Middleware/PreventRequestForgery.php(104): Illuminate/Pipeline/Pipeline->{closure:{closure:Illuminate/Pipeline/Pipeline::carry():194}:195}(Object(Illuminate/Http/Request))
#49 C:/Users/Mugahed/Desktop/MyMetier/vendor/laravel/framework/src/Illuminate/Pipeline/Pipeline.php(219): Illuminate/Foundation/Http/Middleware/PreventRequestForgery->handle(Object(Illuminate/Http/Request), Object(Closure))
#50 C:/Users/Mugahed/Desktop/MyMetier/vendor/laravel/framework/src/Illuminate/Session/Middleware/AuthenticateSession.php(70): Illuminate/Pipeline/Pipeline->{closure:{closure:Illuminate/Pipeline/Pipeline::carry():194}:195}(Object(Illuminate/Http/Request))
#51 C:/Users/Mugahed/Desktop/MyMetier/vendor/laravel/framework/src/Illuminate/Pipeline/Pipeline.php(219): Illuminate/Session/Middleware/AuthenticateSession->handle(Object(Illuminate/Http/Request), Object(Closure))
#52 C:/Users/Mugahed/Desktop/MyMetier/vendor/laravel/framework/src/Illuminate/Auth/Middleware/Authenticate.php(63): Illuminate/Pipeline/Pipeline->{closure:{closure:Illuminate/Pipeline/Pipeline::carry():194}:195}(Object(Illuminate/Http/Request))
#53 C:/Users/Mugahed/Desktop/MyMetier/vendor/laravel/framework/src/Illuminate/Pipeline/Pipeline.php(219): Illuminate/Auth/Middleware/Authenticate->handle(Object(Illuminate/Http/Request), Object(Closure))
#54 C:/Users/Mugahed/Desktop/MyMetier/vendor/laravel/framework/src/Illuminate/View/Middleware/ShareErrorsFromSession.php(48): Illuminate/Pipeline/Pipeline->{closure:{closure:Illuminate/Pipeline/Pipeline::carry():194}:195}(Object(Illuminate/Http/Request))
#55 C:/Users/Mugahed/Desktop/MyMetier/vendor/laravel/framework/src/Illuminate/Pipeline/Pipeline.php(219): Illuminate/View/Middleware/ShareErrorsFromSession->handle(Object(Illuminate/Http/Request), Object(Closure))
#56 C:/Users/Mugahed/Desktop/MyMetier/vendor/laravel/framework/src/Illuminate/Session/Middleware/StartSession.php(120): Illuminate/Pipeline/Pipeline->{closure:{closure:Illuminate/Pipeline/Pipeline::carry():194}:195}(Object(Illuminate/Http/Request))
#57 C:/Users/Mugahed/Desktop/MyMetier/vendor/laravel/framework/src/Illuminate/Session/Middleware/StartSession.php(63): Illuminate/Session/Middleware/StartSession->handleStatefulRequest(Object(Illuminate/Http/Request), Object(Illuminate/Session/Store), Object(Closure))
#58 C:/Users/Mugahed/Desktop/MyMetier/vendor/laravel/framework/src/Illuminate/Pipeline/Pipeline.php(219): Illuminate/Session/Middleware/StartSession->handle(Object(Illuminate/Http/Request), Object(Closure))
#59 C:/Users/Mugahed/Desktop/MyMetier/vendor/laravel/framework/src/Illuminate/Cookie/Middleware/AddQueuedCookiesToResponse.php(36): Illuminate/Pipeline/Pipeline->{closure:{closure:Illuminate/Pipeline/Pipeline::carry():194}:195}(Object(Illuminate/Http/Request))
#60 C:/Users/Mugahed/Desktop/MyMetier/vendor/laravel/framework/src/Illuminate/Pipeline/Pipeline.php(219): Illuminate/Cookie/Middleware/AddQueuedCookiesToResponse->handle(Object(Illuminate/Http/Request), Object(Closure))
#61 C:/Users/Mugahed/Desktop/MyMetier/vendor/laravel/framework/src/Illuminate/Cookie/Middleware/EncryptCookies.php(74): Illuminate/Pipeline/Pipeline->{closure:{closure:Illuminate/Pipeline/Pipeline::carry():194}:195}(Object(Illuminate/Http/Request))
#62 C:/Users/Mugahed/Desktop/MyMetier/vendor/laravel/framework/src/Illuminate/Pipeline/Pipeline.php(219): Illuminate/Cookie/Middleware/EncryptCookies->handle(Object(Illuminate/Http/Request), Object(Closure))
#63 C:/Users/Mugahed/Desktop/MyMetier/vendor/filament/filament/src/Http/Middleware/SetUpPanel.php(19): Illuminate/Pipeline/Pipeline->{closure:{closure:Illuminate/Pipeline/Pipeline::carry():194}:195}(Object(Illuminate/Http/Request))
#64 C:/Users/Mugahed/Desktop/MyMetier/vendor/laravel/framework/src/Illuminate/Pipeline/Pipeline.php(219): Filament/Http/Middleware/SetUpPanel->handle(Object(Illuminate/Http/Request), Object(Closure), Object(Filament/Panel))
#65 C:/Users/Mugahed/Desktop/MyMetier/vendor/laravel/framework/src/Illuminate/Pipeline/Pipeline.php(137): Illuminate/Pipeline/Pipeline->{closure:{closure:Illuminate/Pipeline/Pipeline::carry():194}:195}(Object(Illuminate/Http/Request))
#66 C:/Users/Mugahed/Desktop/MyMetier/vendor/laravel/framework/src/Illuminate/Routing/Router.php(821): Illuminate/Pipeline/Pipeline->then(Object(Closure))
#67 C:/Users/Mugahed/Desktop/MyMetier/vendor/laravel/framework/src/Illuminate/Routing/Router.php(800): Illuminate/Routing/Router->runRouteWithinStack(Object(Illuminate/Routing/Route), Object(Illuminate/Http/Request))
#68 C:/Users/Mugahed/Desktop/MyMetier/vendor/laravel/framework/src/Illuminate/Routing/Router.php(764): Illuminate/Routing/Router->runRoute(Object(Illuminate/Http/Request), Object(Illuminate/Routing/Route))
#69 C:/Users/Mugahed/Desktop/MyMetier/vendor/laravel/framework/src/Illuminate/Routing/Router.php(753): Illuminate/Routing/Router->dispatchToRoute(Object(Illuminate/Http/Request))
#70 C:/Users/Mugahed/Desktop/MyMetier/vendor/laravel/framework/src/Illuminate/Foundation/Http/Kernel.php(200): Illuminate/Routing/Router->dispatch(Object(Illuminate/Http/Request))
#71 C:/Users/Mugahed/Desktop/MyMetier/vendor/laravel/framework/src/Illuminate/Pipeline/Pipeline.php(180): Illuminate/Foundation/Http/Kernel->{closure:Illuminate/Foundation/Http/Kernel::dispatchToRouter():197}(Object(Illuminate/Http/Request))
#72 C:/Users/Mugahed/Desktop/MyMetier/vendor/livewire/livewire/src/Features/SupportDisablingBackButtonCache/DisableBackButtonCacheMiddleware.php(19): Illuminate/Pipeline/Pipeline->{closure:Illuminate/Pipeline/Pipeline::prepareDestination():178}(Object(Illuminate/Http/Request))
#73 C:/Users/Mugahed/Desktop/MyMetier/vendor/laravel/framework/src/Illuminate/Pipeline/Pipeline.php(219): Livewire/Features/SupportDisablingBackButtonCache/DisableBackButtonCacheMiddleware->handle(Object(Illuminate/Http/Request), Object(Closure))
#74 C:/Users/Mugahed/Desktop/MyMetier/vendor/laravel/framework/src/Illuminate/Foundation/Http/Middleware/TransformsRequest.php(21): Illuminate/Pipeline/Pipeline->{closure:{closure:Illuminate/Pipeline/Pipeline::carry():194}:195}(Object(Illuminate/Http/Request))
#75 C:/Users/Mugahed/Desktop/MyMetier/vendor/laravel/framework/src/Illuminate/Foundation/Http/Middleware/ConvertEmptyStringsToNull.php(31): Illuminate/Foundation/Http/Middleware/TransformsRequest->handle(Object(Illuminate/Http/Request), Object(Closure))
#76 C:/Users/Mugahed/Desktop/MyMetier/vendor/laravel/framework/src/Illuminate/Pipeline/Pipeline.php(219): Illuminate/Foundation/Http/Middleware/ConvertEmptyStringsToNull->handle(Object(Illuminate/Http/Request), Object(Closure))
#77 C:/Users/Mugahed/Desktop/MyMetier/vendor/laravel/framework/src/Illuminate/Foundation/Http/Middleware/TransformsRequest.php(21): Illuminate/Pipeline/Pipeline->{closure:{closure:Illuminate/Pipeline/Pipeline::carry():194}:195}(Object(Illuminate/Http/Request))
#78 C:/Users/Mugahed/Desktop/MyMetier/vendor/laravel/framework/src/Illuminate/Foundation/Http/Middleware/TrimStrings.php(51): Illuminate/Foundation/Http/Middleware/TransformsRequest->handle(Object(Illuminate/Http/Request), Object(Closure))
#79 C:/Users/Mugahed/Desktop/MyMetier/vendor/laravel/framework/src/Illuminate/Pipeline/Pipeline.php(219): Illuminate/Foundation/Http/Middleware/TrimStrings->handle(Object(Illuminate/Http/Request), Object(Closure))
#80 C:/Users/Mugahed/Desktop/MyMetier/vendor/laravel/framework/src/Illuminate/Http/Middleware/ValidatePostSize.php(27): Illuminate/Pipeline/Pipeline->{closure:{closure:Illuminate/Pipeline/Pipeline::carry():194}:195}(Object(Illuminate/Http/Request))
#81 C:/Users/Mugahed/Desktop/MyMetier/vendor/laravel/framework/src/Illuminate/Pipeline/Pipeline.php(219): Illuminate/Http/Middleware/ValidatePostSize->handle(Object(Illuminate/Http/Request), Object(Closure))
#82 C:/Users/Mugahed/Desktop/MyMetier/vendor/laravel/framework/src/Illuminate/Foundation/Http/Middleware/PreventRequestsDuringMaintenance.php(109): Illuminate/Pipeline/Pipeline->{closure:{closure:Illuminate/Pipeline/Pipeline::carry():194}:195}(Object(Illuminate/Http/Request))
#83 C:/Users/Mugahed/Desktop/MyMetier/vendor/laravel/framework/src/Illuminate/Pipeline/Pipeline.php(219): Illuminate/Foundation/Http/Middleware/PreventRequestsDuringMaintenance->handle(Object(Illuminate/Http/Request), Object(Closure))
#84 C:/Users/Mugahed/Desktop/MyMetier/vendor/laravel/framework/src/Illuminate/Http/Middleware/HandleCors.php(61): Illuminate/Pipeline/Pipeline->{closure:{closure:Illuminate/Pipeline/Pipeline::carry():194}:195}(Object(Illuminate/Http/Request))
#85 C:/Users/Mugahed/Desktop/MyMetier/vendor/laravel/framework/src/Illuminate/Pipeline/Pipeline.php(219): Illuminate/Http/Middleware/HandleCors->handle(Object(Illuminate/Http/Request), Object(Closure))
#86 C:/Users/Mugahed/Desktop/MyMetier/vendor/laravel/framework/src/Illuminate/Http/Middleware/TrustProxies.php(58): Illuminate/Pipeline/Pipeline->{closure:{closure:Illuminate/Pipeline/Pipeline::carry():194}:195}(Object(Illuminate/Http/Request))
#87 C:/Users/Mugahed/Desktop/MyMetier/vendor/laravel/framework/src/Illuminate/Pipeline/Pipeline.php(219): Illuminate/Http/Middleware/TrustProxies->handle(Object(Illuminate/Http/Request), Object(Closure))
#88 C:/Users/Mugahed/Desktop/MyMetier/vendor/laravel/framework/src/Illuminate/Foundation/Http/Middleware/InvokeDeferredCallbacks.php(22): Illuminate/Pipeline/Pipeline->{closure:{closure:Illuminate/Pipeline/Pipeline::carry():194}:195}(Object(Illuminate/Http/Request))
#89 C:/Users/Mugahed/Desktop/MyMetier/vendor/laravel/framework/src/Illuminate/Pipeline/Pipeline.php(219): Illuminate/Foundation/Http/Middleware/InvokeDeferredCallbacks->handle(Object(Illuminate/Http/Request), Object(Closure))
#90 C:/Users/Mugahed/Desktop/MyMetier/vendor/laravel/framework/src/Illuminate/Http/Middleware/ValidatePathEncoding.php(28): Illuminate/Pipeline/Pipeline->{closure:{closure:Illuminate/Pipeline/Pipeline::carry():194}:195}(Object(Illuminate/Http/Request))
#91 C:/Users/Mugahed/Desktop/MyMetier/vendor/laravel/framework/src/Illuminate/Pipeline/Pipeline.php(219): Illuminate/Http/Middleware/ValidatePathEncoding->handle(Object(Illuminate/Http/Request), Object(Closure))
#92 C:/Users/Mugahed/Desktop/MyMetier/vendor/laravel/framework/src/Illuminate/Pipeline/Pipeline.php(137): Illuminate/Pipeline/Pipeline->{closure:{closure:Illuminate/Pipeline/Pipeline::carry():194}:195}(Object(Illuminate/Http/Request))
#93 C:/Users/Mugahed/Desktop/MyMetier/vendor/laravel/framework/src/Illuminate/Foundation/Http/Kernel.php(175): Illuminate/Pipeline/Pipeline->then(Object(Closure))
#94 C:/Users/Mugahed/Desktop/MyMetier/vendor/laravel/framework/src/Illuminate/Foundation/Http/Kernel.php(144): Illuminate/Foundation/Http/Kernel->sendRequestThroughRouter(Object(Illuminate/Http/Request))
#95 C:/Users/Mugahed/Desktop/MyMetier/vendor/laravel/framework/src/Illuminate/Foundation/Application.php(1220): Illuminate/Foundation/Http/Kernel->handle(Object(Illuminate/Http/Request))
#96 C:/Users/Mugahed/Desktop/MyMetier/public/index.php(20): Illuminate/Foundation/Application->handleRequest(Object(Illuminate/Http/Request))
#97 C:/Program Files/Herd/resources/app.asar.unpacked/resources/valet/server.php(139): require('C://Users//Mugahe...')
#98 {main}

[previous exception] [object] (ErrorException(code: 0): rename(C:\\Users\\Mugahed\\Desktop\\MyMetier\\storage\\framework\\views\\e6b6467.tmp,C:\\Users\\Mugahed\\Desktop\\MyMetier\\storage\\framework\\views/e6bbf84c1a66f7eb7db561a909ad557b.php): Access is denied (code: 5) at C:/Users/Mugahed/Desktop/MyMetier/vendor/laravel/framework/src/Illuminate/Filesystem/Filesystem.php:233)
[stacktrace]
#0 C:/Users/Mugahed/Desktop/MyMetier/vendor/laravel/framework/src/Illuminate/Foundation/Bootstrap/HandleExceptions.php(258): Illuminate/Foundation/Bootstrap/HandleExceptions->handleError(2, 'rename(C://Users...', 'C://Users//Mugahe...', 233)
#1 [internal function]: Illuminate/Foundation/Bootstrap/HandleExceptions->{closure:Illuminate/Foundation/Bootstrap/HandleExceptions::forwardsTo():257}(2, 'rename(C://Users...', 'C://Users//Mugahe...', 233)
#2 C:/Users/Mugahed/Desktop/MyMetier/vendor/laravel/framework/src/Illuminate/Filesystem/Filesystem.php(233): rename('C://Users//Mugahe...', 'C://Users//Mugahe...')
#3 C:/Users/Mugahed/Desktop/MyMetier/vendor/laravel/framework/src/Illuminate/View/Compilers/BladeCompiler.php(199): Illuminate/Filesystem/Filesystem->replace('C://Users//Mugahe...', '<?php $attribut...')
#4 C:/Users/Mugahed/Desktop/MyMetier/vendor/laravel/framework/src/Illuminate/View/Engines/CompilerEngine.php(68): Illuminate/View/Compilers/BladeCompiler->compile('C://Users//Mugahe...')
#5 C:/Users/Mugahed/Desktop/MyMetier/vendor/livewire/livewire/src/Mechanisms/ExtendBlade/ExtendedCompilerEngine.php(16): Illuminate/View/Engines/CompilerEngine->get('C://Users//Mugahe...', Array)
#6 C:/Users/Mugahed/Desktop/MyMetier/vendor/laravel/framework/src/Illuminate/View/View.php(208): Livewire/Mechanisms/ExtendBlade/ExtendedCompilerEngine->get('C://Users//Mugahe...', Array)
#7 C:/Users/Mugahed/Desktop/MyMetier/vendor/laravel/framework/src/Illuminate/View/View.php(191): Illuminate/View/View->getContents()
#8 C:/Users/Mugahed/Desktop/MyMetier/vendor/laravel/framework/src/Illuminate/View/View.php(160): Illuminate/View/View->renderContents()
#9 C:/Users/Mugahed/Desktop/MyMetier/vendor/laravel/framework/src/Illuminate/View/Concerns/ManagesComponents.php(103): Illuminate/View/View->render()
#10 C:/Users/Mugahed/Desktop/MyMetier/storage/framework/views/2b64b44ee506fd0bfdfe2e643dc5603b.php(107): Illuminate/View/Factory->renderComponent()
#11 C:/Users/Mugahed/Desktop/MyMetier/vendor/livewire/livewire/src/Mechanisms/ExtendBlade/ExtendedCompilerEngine.php(37): include('C://Users//Mugahe...')
#12 C:/Users/Mugahed/Desktop/MyMetier/vendor/livewire/livewire/src/Mechanisms/ExtendBlade/ExtendedCompilerEngine.php(38): App/Filament/Resources/UpgradeRequestResource/Pages/ListUpgradeRequests->{closure:Livewire/Mechanisms/ExtendBlade/ExtendedCompilerEngine::evaluatePath():35}()
#13 C:/Users/Mugahed/Desktop/MyMetier/vendor/laravel/framework/src/Illuminate/View/Engines/CompilerEngine.php(76): Livewire/Mechanisms/ExtendBlade/ExtendedCompilerEngine->evaluatePath('C://Users//Mugahe...', Array)
#14 C:/Users/Mugahed/Desktop/MyMetier/vendor/livewire/livewire/src/Mechanisms/ExtendBlade/ExtendedCompilerEngine.php(16): Illuminate/View/Engines/CompilerEngine->get('C://Users//Mugahe...', Array)
#15 C:/Users/Mugahed/Desktop/MyMetier/vendor/laravel/framework/src/Illuminate/View/View.php(208): Livewire/Mechanisms/ExtendBlade/ExtendedCompilerEngine->get('C://Users//Mugahe...', Array)
#16 C:/Users/Mugahed/Desktop/MyMetier/vendor/laravel/framework/src/Illuminate/View/View.php(191): Illuminate/View/View->getContents()
#17 C:/Users/Mugahed/Desktop/MyMetier/vendor/laravel/framework/src/Illuminate/View/View.php(160): Illuminate/View/View->renderContents()
#18 C:/Users/Mugahed/Desktop/MyMetier/vendor/laravel/framework/src/Illuminate/View/Concerns/ManagesComponents.php(103): Illuminate/View/View->render()
#19 C:/Users/Mugahed/Desktop/MyMetier/storage/framework/views/78ed2e5f924c1c055e9eb840a313a364.php(718): Illuminate/View/Factory->renderComponent()
#20 C:/Users/Mugahed/Desktop/MyMetier/vendor/livewire/livewire/src/Mechanisms/ExtendBlade/ExtendedCompilerEngine.php(37): include('C://Users//Mugahe...')
#21 C:/Users/Mugahed/Desktop/MyMetier/vendor/livewire/livewire/src/Mechanisms/ExtendBlade/ExtendedCompilerEngine.php(38): App/Filament/Resources/UpgradeRequestResource/Pages/ListUpgradeRequests->{closure:Livewire/Mechanisms/ExtendBlade/ExtendedCompilerEngine::evaluatePath():35}()
#22 C:/Users/Mugahed/Desktop/MyMetier/vendor/laravel/framework/src/Illuminate/View/Engines/CompilerEngine.php(76): Livewire/Mechanisms/ExtendBlade/ExtendedCompilerEngine->evaluatePath('C://Users//Mugahe...', Array)
#23 C:/Users/Mugahed/Desktop/MyMetier/vendor/livewire/livewire/src/Mechanisms/ExtendBlade/ExtendedCompilerEngine.php(16): Illuminate/View/Engines/CompilerEngine->get('C://Users//Mugahe...', Array)
#24 C:/Users/Mugahed/Desktop/MyMetier/vendor/laravel/framework/src/Illuminate/View/View.php(208): Livewire/Mechanisms/ExtendBlade/ExtendedCompilerEngine->get('C://Users//Mugahe...', Array)
#25 C:/Users/Mugahed/Desktop/MyMetier/vendor/laravel/framework/src/Illuminate/View/View.php(191): Illuminate/View/View->getContents()
#26 C:/Users/Mugahed/Desktop/MyMetier/vendor/laravel/framework/src/Illuminate/View/View.php(160): Illuminate/View/View->renderContents()
#27 C:/Users/Mugahed/Desktop/MyMetier/vendor/filament/support/src/Components/ViewComponent.php(125): Illuminate/View/View->render()
#28 C:/Users/Mugahed/Desktop/MyMetier/vendor/filament/schemas/src/Components/Component.php(219): Filament/Support/Components/ViewComponent->toHtml()
#29 C:/Users/Mugahed/Desktop/MyMetier/vendor/filament/schemas/src/Schema.php(205): Filament/Schemas/Components/Component->toSchemaHtml(true)
#30 C:/Users/Mugahed/Desktop/MyMetier/vendor/filament/support/src/Components/ViewComponent.php(122): Filament/Schemas/Schema->toEmbeddedHtml()
#31 C:/Users/Mugahed/Desktop/MyMetier/vendor/laravel/framework/src/Illuminate/Support/helpers.php(131): Filament/Support/Components/ViewComponent->toHtml()
#32 C:/Users/Mugahed/Desktop/MyMetier/storage/framework/views/b30fc42f55b3966a4634d799d18b4b9a.php(13): e(Object(Filament/Schemas/Schema))
#33 C:/Users/Mugahed/Desktop/MyMetier/vendor/livewire/livewire/src/Mechanisms/ExtendBlade/ExtendedCompilerEngine.php(37): include('C://Users//Mugahe...')
#34 C:/Users/Mugahed/Desktop/MyMetier/vendor/livewire/livewire/src/Mechanisms/ExtendBlade/ExtendedCompilerEngine.php(38): App/Filament/Resources/UpgradeRequestResource/Pages/ListUpgradeRequests->{closure:Livewire/Mechanisms/ExtendBlade/ExtendedCompilerEngine::evaluatePath():35}()
#35 C:/Users/Mugahed/Desktop/MyMetier/vendor/laravel/framework/src/Illuminate/View/Engines/CompilerEngine.php(76): Livewire/Mechanisms/ExtendBlade/ExtendedCompilerEngine->evaluatePath('C://Users//Mugahe...', Array)
#36 C:/Users/Mugahed/Desktop/MyMetier/vendor/livewire/livewire/src/Mechanisms/ExtendBlade/ExtendedCompilerEngine.php(16): Illuminate/View/Engines/CompilerEngine->get('C://Users//Mugahe...', Array)
#37 C:/Users/Mugahed/Desktop/MyMetier/vendor/laravel/framework/src/Illuminate/View/View.php(208): Livewire/Mechanisms/ExtendBlade/ExtendedCompilerEngine->get('C://Users//Mugahe...', Array)
#38 C:/Users/Mugahed/Desktop/MyMetier/vendor/laravel/framework/src/Illuminate/View/View.php(191): Illuminate/View/View->getContents()
#39 C:/Users/Mugahed/Desktop/MyMetier/vendor/laravel/framework/src/Illuminate/View/View.php(160): Illuminate/View/View->renderContents()
#40 C:/Users/Mugahed/Desktop/MyMetier/vendor/livewire/livewire/src/Mechanisms/HandleComponents/HandleComponents.php(409): Illuminate/View/View->render(Object(Closure))
#41 C:/Users/Mugahed/Desktop/MyMetier/vendor/livewire/livewire/src/Mechanisms/HandleComponents/HandleComponents.php(460): Livewire/Mechanisms/HandleComponents/HandleComponents->{closure:Livewire/Mechanisms/HandleComponents/HandleComponents::render():401}()
#42 C:/Users/Mugahed/Desktop/MyMetier/vendor/livewire/livewire/src/Mechanisms/HandleComponents/HandleComponents.php(401): Livewire/Mechanisms/HandleComponents/HandleComponents->trackInRenderStack(Object(App/Filament/Resources/UpgradeRequestResource/Pages/ListUpgradeRequests), Object(Closure))
#43 C:/Users/Mugahed/Desktop/MyMetier/vendor/livewire/livewire/src/Mechanisms/HandleComponents/HandleComponents.php(80): Livewire/Mechanisms/HandleComponents/HandleComponents->render(Object(App/Filament/Resources/UpgradeRequestResource/Pages/ListUpgradeRequests), '<div></div>')
#44 C:/Users/Mugahed/Desktop/MyMetier/vendor/livewire/livewire/src/LivewireManager.php(102): Livewire/Mechanisms/HandleComponents/HandleComponents->mount('App//Filament//Re...', Array, NULL, Array)
#45 C:/Users/Mugahed/Desktop/MyMetier/vendor/livewire/livewire/src/Features/SupportPageComponents/HandlesPageComponents.php(19): Livewire/LivewireManager->mount('App//Filament//Re...', Array)
#46 C:/Users/Mugahed/Desktop/MyMetier/vendor/livewire/livewire/src/Features/SupportPageComponents/SupportPageComponents.php(118): Livewire/Component->{closure:Livewire/Features/SupportPageComponents/HandlesPageComponents::__invoke():14}()
#47 C:/Users/Mugahed/Desktop/MyMetier/vendor/livewire/livewire/src/Features/SupportPageComponents/HandlesPageComponents.php(14): Livewire/Features/SupportPageComponents/SupportPageComponents::interceptTheRenderOfTheComponentAndRetreiveTheLayoutConfiguration(Object(Closure))
#48 C:/Users/Mugahed/Desktop/MyMetier/vendor/laravel/framework/src/Illuminate/Routing/ControllerDispatcher.php(46): Livewire/Component->__invoke()
#49 C:/Users/Mugahed/Desktop/MyMetier/vendor/laravel/framework/src/Illuminate/Routing/Route.php(269): Illuminate/Routing/ControllerDispatcher->dispatch(Object(Illuminate/Routing/Route), Object(App/Filament/Resources/UpgradeRequestResource/Pages/ListUpgradeRequests), '__invoke')
#50 C:/Users/Mugahed/Desktop/MyMetier/vendor/laravel/framework/src/Illuminate/Routing/Route.php(215): Illuminate/Routing/Route->runController()
#51 C:/Users/Mugahed/Desktop/MyMetier/vendor/laravel/framework/src/Illuminate/Routing/Router.php(822): Illuminate/Routing/Route->run()
#52 C:/Users/Mugahed/Desktop/MyMetier/vendor/laravel/framework/src/Illuminate/Pipeline/Pipeline.php(180): Illuminate/Routing/Router->{closure:Illuminate/Routing/Router::runRouteWithinStack():821}(Object(Illuminate/Http/Request))
#53 C:/Users/Mugahed/Desktop/MyMetier/vendor/filament/filament/src/Http/Middleware/DispatchServingFilamentEvent.php(15): Illuminate/Pipeline/Pipeline->{closure:Illuminate/Pipeline/Pipeline::prepareDestination():178}(Object(Illuminate/Http/Request))
#54 C:/Users/Mugahed/Desktop/MyMetier/vendor/laravel/framework/src/Illuminate/Pipeline/Pipeline.php(219): Filament/Http/Middleware/DispatchServingFilamentEvent->handle(Object(Illuminate/Http/Request), Object(Closure))
#55 C:/Users/Mugahed/Desktop/MyMetier/vendor/filament/filament/src/Http/Middleware/DisableBladeIconComponents.php(14): Illuminate/Pipeline/Pipeline->{closure:{closure:Illuminate/Pipeline/Pipeline::carry():194}:195}(Object(Illuminate/Http/Request))
#56 C:/Users/Mugahed/Desktop/MyMetier/vendor/laravel/framework/src/Illuminate/Pipeline/Pipeline.php(219): Filament/Http/Middleware/DisableBladeIconComponents->handle(Object(Illuminate/Http/Request), Object(Closure))
#57 C:/Users/Mugahed/Desktop/MyMetier/vendor/laravel/framework/src/Illuminate/Routing/Middleware/SubstituteBindings.php(52): Illuminate/Pipeline/Pipeline->{closure:{closure:Illuminate/Pipeline/Pipeline::carry():194}:195}(Object(Illuminate/Http/Request))
#58 C:/Users/Mugahed/Desktop/MyMetier/vendor/laravel/framework/src/Illuminate/Pipeline/Pipeline.php(219): Illuminate/Routing/Middleware/SubstituteBindings->handle(Object(Illuminate/Http/Request), Object(Closure))
#59 C:/Users/Mugahed/Desktop/MyMetier/vendor/laravel/framework/src/Illuminate/Foundation/Http/Middleware/PreventRequestForgery.php(104): Illuminate/Pipeline/Pipeline->{closure:{closure:Illuminate/Pipeline/Pipeline::carry():194}:195}(Object(Illuminate/Http/Request))
#60 C:/Users/Mugahed/Desktop/MyMetier/vendor/laravel/framework/src/Illuminate/Pipeline/Pipeline.php(219): Illuminate/Foundation/Http/Middleware/PreventRequestForgery->handle(Object(Illuminate/Http/Request), Object(Closure))
#61 C:/Users/Mugahed/Desktop/MyMetier/vendor/laravel/framework/src/Illuminate/Session/Middleware/AuthenticateSession.php(70): Illuminate/Pipeline/Pipeline->{closure:{closure:Illuminate/Pipeline/Pipeline::carry():194}:195}(Object(Illuminate/Http/Request))
#62 C:/Users/Mugahed/Desktop/MyMetier/vendor/laravel/framework/src/Illuminate/Pipeline/Pipeline.php(219): Illuminate/Session/Middleware/AuthenticateSession->handle(Object(Illuminate/Http/Request), Object(Closure))
#63 C:/Users/Mugahed/Desktop/MyMetier/vendor/laravel/framework/src/Illuminate/Auth/Middleware/Authenticate.php(63): Illuminate/Pipeline/Pipeline->{closure:{closure:Illuminate/Pipeline/Pipeline::carry():194}:195}(Object(Illuminate/Http/Request))
#64 C:/Users/Mugahed/Desktop/MyMetier/vendor/laravel/framework/src/Illuminate/Pipeline/Pipeline.php(219): Illuminate/Auth/Middleware/Authenticate->handle(Object(Illuminate/Http/Request), Object(Closure))
#65 C:/Users/Mugahed/Desktop/MyMetier/vendor/laravel/framework/src/Illuminate/View/Middleware/ShareErrorsFromSession.php(48): Illuminate/Pipeline/Pipeline->{closure:{closure:Illuminate/Pipeline/Pipeline::carry():194}:195}(Object(Illuminate/Http/Request))
#66 C:/Users/Mugahed/Desktop/MyMetier/vendor/laravel/framework/src/Illuminate/Pipeline/Pipeline.php(219): Illuminate/View/Middleware/ShareErrorsFromSession->handle(Object(Illuminate/Http/Request), Object(Closure))
#67 C:/Users/Mugahed/Desktop/MyMetier/vendor/laravel/framework/src/Illuminate/Session/Middleware/StartSession.php(120): Illuminate/Pipeline/Pipeline->{closure:{closure:Illuminate/Pipeline/Pipeline::carry():194}:195}(Object(Illuminate/Http/Request))
#68 C:/Users/Mugahed/Desktop/MyMetier/vendor/laravel/framework/src/Illuminate/Session/Middleware/StartSession.php(63): Illuminate/Session/Middleware/StartSession->handleStatefulRequest(Object(Illuminate/Http/Request), Object(Illuminate/Session/Store), Object(Closure))
#69 C:/Users/Mugahed/Desktop/MyMetier/vendor/laravel/framework/src/Illuminate/Pipeline/Pipeline.php(219): Illuminate/Session/Middleware/StartSession->handle(Object(Illuminate/Http/Request), Object(Closure))
#70 C:/Users/Mugahed/Desktop/MyMetier/vendor/laravel/framework/src/Illuminate/Cookie/Middleware/AddQueuedCookiesToResponse.php(36): Illuminate/Pipeline/Pipeline->{closure:{closure:Illuminate/Pipeline/Pipeline::carry():194}:195}(Object(Illuminate/Http/Request))
#71 C:/Users/Mugahed/Desktop/MyMetier/vendor/laravel/framework/src/Illuminate/Pipeline/Pipeline.php(219): Illuminate/Cookie/Middleware/AddQueuedCookiesToResponse->handle(Object(Illuminate/Http/Request), Object(Closure))
#72 C:/Users/Mugahed/Desktop/MyMetier/vendor/laravel/framework/src/Illuminate/Cookie/Middleware/EncryptCookies.php(74): Illuminate/Pipeline/Pipeline->{closure:{closure:Illuminate/Pipeline/Pipeline::carry():194}:195}(Object(Illuminate/Http/Request))
#73 C:/Users/Mugahed/Desktop/MyMetier/vendor/laravel/framework/src/Illuminate/Pipeline/Pipeline.php(219): Illuminate/Cookie/Middleware/EncryptCookies->handle(Object(Illuminate/Http/Request), Object(Closure))
#74 C:/Users/Mugahed/Desktop/MyMetier/vendor/filament/filament/src/Http/Middleware/SetUpPanel.php(19): Illuminate/Pipeline/Pipeline->{closure:{closure:Illuminate/Pipeline/Pipeline::carry():194}:195}(Object(Illuminate/Http/Request))
#75 C:/Users/Mugahed/Desktop/MyMetier/vendor/laravel/framework/src/Illuminate/Pipeline/Pipeline.php(219): Filament/Http/Middleware/SetUpPanel->handle(Object(Illuminate/Http/Request), Object(Closure), Object(Filament/Panel))
#76 C:/Users/Mugahed/Desktop/MyMetier/vendor/laravel/framework/src/Illuminate/Pipeline/Pipeline.php(137): Illuminate/Pipeline/Pipeline->{closure:{closure:Illuminate/Pipeline/Pipeline::carry():194}:195}(Object(Illuminate/Http/Request))
#77 C:/Users/Mugahed/Desktop/MyMetier/vendor/laravel/framework/src/Illuminate/Routing/Router.php(821): Illuminate/Pipeline/Pipeline->then(Object(Closure))
#78 C:/Users/Mugahed/Desktop/MyMetier/vendor/laravel/framework/src/Illuminate/Routing/Router.php(800): Illuminate/Routing/Router->runRouteWithinStack(Object(Illuminate/Routing/Route), Object(Illuminate/Http/Request))
#79 C:/Users/Mugahed/Desktop/MyMetier/vendor/laravel/framework/src/Illuminate/Routing/Router.php(764): Illuminate/Routing/Router->runRoute(Object(Illuminate/Http/Request), Object(Illuminate/Routing/Route))
#80 C:/Users/Mugahed/Desktop/MyMetier/vendor/laravel/framework/src/Illuminate/Routing/Router.php(753): Illuminate/Routing/Router->dispatchToRoute(Object(Illuminate/Http/Request))
#81 C:/Users/Mugahed/Desktop/MyMetier/vendor/laravel/framework/src/Illuminate/Foundation/Http/Kernel.php(200): Illuminate/Routing/Router->dispatch(Object(Illuminate/Http/Request))
#82 C:/Users/Mugahed/Desktop/MyMetier/vendor/laravel/framework/src/Illuminate/Pipeline/Pipeline.php(180): Illuminate/Foundation/Http/Kernel->{closure:Illuminate/Foundation/Http/Kernel::dispatchToRouter():197}(Object(Illuminate/Http/Request))
#83 C:/Users/Mugahed/Desktop/MyMetier/vendor/livewire/livewire/src/Features/SupportDisablingBackButtonCache/DisableBackButtonCacheMiddleware.php(19): Illuminate/Pipeline/Pipeline->{closure:Illuminate/Pipeline/Pipeline::prepareDestination():178}(Object(Illuminate/Http/Request))
#84 C:/Users/Mugahed/Desktop/MyMetier/vendor/laravel/framework/src/Illuminate/Pipeline/Pipeline.php(219): Livewire/Features/SupportDisablingBackButtonCache/DisableBackButtonCacheMiddleware->handle(Object(Illuminate/Http/Request), Object(Closure))
#85 C:/Users/Mugahed/Desktop/MyMetier/vendor/laravel/framework/src/Illuminate/Foundation/Http/Middleware/TransformsRequest.php(21): Illuminate/Pipeline/Pipeline->{closure:{closure:Illuminate/Pipeline/Pipeline::carry():194}:195}(Object(Illuminate/Http/Request))
#86 C:/Users/Mugahed/Desktop/MyMetier/vendor/laravel/framework/src/Illuminate/Foundation/Http/Middleware/ConvertEmptyStringsToNull.php(31): Illuminate/Foundation/Http/Middleware/TransformsRequest->handle(Object(Illuminate/Http/Request), Object(Closure))
#87 C:/Users/Mugahed/Desktop/MyMetier/vendor/laravel/framework/src/Illuminate/Pipeline/Pipeline.php(219): Illuminate/Foundation/Http/Middleware/ConvertEmptyStringsToNull->handle(Object(Illuminate/Http/Request), Object(Closure))
#88 C:/Users/Mugahed/Desktop/MyMetier/vendor/laravel/framework/src/Illuminate/Foundation/Http/Middleware/TransformsRequest.php(21): Illuminate/Pipeline/Pipeline->{closure:{closure:Illuminate/Pipeline/Pipeline::carry():194}:195}(Object(Illuminate/Http/Request))
#89 C:/Users/Mugahed/Desktop/MyMetier/vendor/laravel/framework/src/Illuminate/Foundation/Http/Middleware/TrimStrings.php(51): Illuminate/Foundation/Http/Middleware/TransformsRequest->handle(Object(Illuminate/Http/Request), Object(Closure))
#90 C:/Users/Mugahed/Desktop/MyMetier/vendor/laravel/framework/src/Illuminate/Pipeline/Pipeline.php(219): Illuminate/Foundation/Http/Middleware/TrimStrings->handle(Object(Illuminate/Http/Request), Object(Closure))
#91 C:/Users/Mugahed/Desktop/MyMetier/vendor/laravel/framework/src/Illuminate/Http/Middleware/ValidatePostSize.php(27): Illuminate/Pipeline/Pipeline->{closure:{closure:Illuminate/Pipeline/Pipeline::carry():194}:195}(Object(Illuminate/Http/Request))
#92 C:/Users/Mugahed/Desktop/MyMetier/vendor/laravel/framework/src/Illuminate/Pipeline/Pipeline.php(219): Illuminate/Http/Middleware/ValidatePostSize->handle(Object(Illuminate/Http/Request), Object(Closure))
#93 C:/Users/Mugahed/Desktop/MyMetier/vendor/laravel/framework/src/Illuminate/Foundation/Http/Middleware/PreventRequestsDuringMaintenance.php(109): Illuminate/Pipeline/Pipeline->{closure:{closure:Illuminate/Pipeline/Pipeline::carry():194}:195}(Object(Illuminate/Http/Request))
#94 C:/Users/Mugahed/Desktop/MyMetier/vendor/laravel/framework/src/Illuminate/Pipeline/Pipeline.php(219): Illuminate/Foundation/Http/Middleware/PreventRequestsDuringMaintenance->handle(Object(Illuminate/Http/Request), Object(Closure))
#95 C:/Users/Mugahed/Desktop/MyMetier/vendor/laravel/framework/src/Illuminate/Http/Middleware/HandleCors.php(61): Illuminate/Pipeline/Pipeline->{closure:{closure:Illuminate/Pipeline/Pipeline::carry():194}:195}(Object(Illuminate/Http/Request))
#96 C:/Users/Mugahed/Desktop/MyMetier/vendor/laravel/framework/src/Illuminate/Pipeline/Pipeline.php(219): Illuminate/Http/Middleware/HandleCors->handle(Object(Illuminate/Http/Request), Object(Closure))
#97 C:/Users/Mugahed/Desktop/MyMetier/vendor/laravel/framework/src/Illuminate/Http/Middleware/TrustProxies.php(58): Illuminate/Pipeline/Pipeline->{closure:{closure:Illuminate/Pipeline/Pipeline::carry():194}:195}(Object(Illuminate/Http/Request))
#98 C:/Users/Mugahed/Desktop/MyMetier/vendor/laravel/framework/src/Illuminate/Pipeline/Pipeline.php(219): Illuminate/Http/Middleware/TrustProxies->handle(Object(Illuminate/Http/Request), Object(Closure))
#99 C:/Users/Mugahed/Desktop/MyMetier/vendor/laravel/framework/src/Illuminate/Foundation/Http/Middleware/InvokeDeferredCallbacks.php(22): Illuminate/Pipeline/Pipeline->{closure:{closure:Illuminate/Pipeline/Pipeline::carry():194}:195}(Object(Illuminate/Http/Request))
#100 C:/Users/Mugahed/Desktop/MyMetier/vendor/laravel/framework/src/Illuminate/Pipeline/Pipeline.php(219): Illuminate/Foundation/Http/Middleware/InvokeDeferredCallbacks->handle(Object(Illuminate/Http/Request), Object(Closure))
#101 C:/Users/Mugahed/Desktop/MyMetier/vendor/laravel/framework/src/Illuminate/Http/Middleware/ValidatePathEncoding.php(28): Illuminate/Pipeline/Pipeline->{closure:{closure:Illuminate/Pipeline/Pipeline::carry():194}:195}(Object(Illuminate/Http/Request))
#102 C:/Users/Mugahed/Desktop/MyMetier/vendor/laravel/framework/src/Illuminate/Pipeline/Pipeline.php(219): Illuminate/Http/Middleware/ValidatePathEncoding->handle(Object(Illuminate/Http/Request), Object(Closure))
#103 C:/Users/Mugahed/Desktop/MyMetier/vendor/laravel/framework/src/Illuminate/Pipeline/Pipeline.php(137): Illuminate/Pipeline/Pipeline->{closure:{closure:Illuminate/Pipeline/Pipeline::carry():194}:195}(Object(Illuminate/Http/Request))
#104 C:/Users/Mugahed/Desktop/MyMetier/vendor/laravel/framework/src/Illuminate/Foundation/Http/Kernel.php(175): Illuminate/Pipeline/Pipeline->then(Object(Closure))
#105 C:/Users/Mugahed/Desktop/MyMetier/vendor/laravel/framework/src/Illuminate/Foundation/Http/Kernel.php(144): Illuminate/Foundation/Http/Kernel->sendRequestThroughRouter(Object(Illuminate/Http/Request))
#106 C:/Users/Mugahed/Desktop/MyMetier/vendor/laravel/framework/src/Illuminate/Foundation/Application.php(1220): Illuminate/Foundation/Http/Kernel->handle(Object(Illuminate/Http/Request))
#107 C:/Users/Mugahed/Desktop/MyMetier/public/index.php(20): Illuminate/Foundation/Application->handleRequest(Object(Illuminate/Http/Request))
#108 C:/Program Files/Herd/resources/app.asar.unpacked/resources/valet/server.php(139): require('C://Users//Mugahe...')
#109 {main}
"} 
[2026-04-01 04:47:15] local.ERROR: rename(C:\Users\Mugahed\Desktop\MyMetier\storage\framework\views\e6b6468.tmp,C:\Users\Mugahed\Desktop\MyMetier\storage\framework\views/e6bbf84c1a66f7eb7db561a909ad557b.php): Access is denied (code: 5) (View: C:\Users\Mugahed\Desktop\MyMetier\vendor\filament\support\resources\views\components\input\index.blade.php) (View: C:\Users\Mugahed\Desktop\MyMetier\vendor\filament\support\resources\views\components\input\index.blade.php) (View: C:\Users\Mugahed\Desktop\MyMetier\vendor\filament\support\resources\views\components\input\index.blade.php) {"user_id":1,"url":"http://mymetier.test/admin/upgrade-requests","userId":1,"exception":"[object] (Illuminate\\View\\ViewException(code: 0): rename(C:\\Users\\Mugahed\\Desktop\\MyMetier\\storage\\framework\\views\\e6b6468.tmp,C:\\Users\\Mugahed\\Desktop\\MyMetier\\storage\\framework\\views/e6bbf84c1a66f7eb7db561a909ad557b.php): Access is denied (code: 5) (View: C:\\Users\\Mugahed\\Desktop\\MyMetier\\vendor\\filament\\support\\resources\\views\\components\\input\\index.blade.php) (View: C:\\Users\\Mugahed\\Desktop\\MyMetier\\vendor\\filament\\support\\resources\\views\\components\\input\\index.blade.php) (View: C:\\Users\\Mugahed\\Desktop\\MyMetier\\vendor\\filament\\support\\resources\\views\\components\\input\\index.blade.php) at C:/Users/Mugahed/Desktop/MyMetier/vendor/laravel/framework/src/Illuminate/Filesystem/Filesystem.php:233)
[stacktrace]
#0 C:/Users/Mugahed/Desktop/MyMetier/vendor/livewire/livewire/src/Mechanisms/ExtendBlade/ExtendedCompilerEngine.php(58): Illuminate/View/Engines/CompilerEngine->handleViewException(Object(Illuminate/View/ViewException), 1)
#1 C:/Users/Mugahed/Desktop/MyMetier/vendor/livewire/livewire/src/Mechanisms/ExtendBlade/ExtendedCompilerEngine.php(40): Livewire/Mechanisms/ExtendBlade/ExtendedCompilerEngine->handleViewException(Object(Illuminate/View/ViewException), 1)
#2 C:/Users/Mugahed/Desktop/MyMetier/vendor/laravel/framework/src/Illuminate/View/Engines/CompilerEngine.php(76): Livewire/Mechanisms/ExtendBlade/ExtendedCompilerEngine->evaluatePath('C://Users//Mugahe...', Array)
#3 C:/Users/Mugahed/Desktop/MyMetier/vendor/livewire/livewire/src/Mechanisms/ExtendBlade/ExtendedCompilerEngine.php(16): Illuminate/View/Engines/CompilerEngine->get('C://Users//Mugahe...', Array)
#4 C:/Users/Mugahed/Desktop/MyMetier/vendor/laravel/framework/src/Illuminate/View/View.php(208): Livewire/Mechanisms/ExtendBlade/ExtendedCompilerEngine->get('C://Users//Mugahe...', Array)
#5 C:/Users/Mugahed/Desktop/MyMetier/vendor/laravel/framework/src/Illuminate/View/View.php(191): Illuminate/View/View->getContents()
#6 C:/Users/Mugahed/Desktop/MyMetier/vendor/laravel/framework/src/Illuminate/View/View.php(160): Illuminate/View/View->renderContents()
#7 C:/Users/Mugahed/Desktop/MyMetier/vendor/livewire/livewire/src/Mechanisms/HandleComponents/HandleComponents.php(409): Illuminate/View/View->render(Object(Closure))
#8 C:/Users/Mugahed/Desktop/MyMetier/vendor/livewire/livewire/src/Mechanisms/HandleComponents/HandleComponents.php(460): Livewire/Mechanisms/HandleComponents/HandleComponents->{closure:Livewire/Mechanisms/HandleComponents/HandleComponents::render():401}()
#9 C:/Users/Mugahed/Desktop/MyMetier/vendor/livewire/livewire/src/Mechanisms/HandleComponents/HandleComponents.php(401): Livewire/Mechanisms/HandleComponents/HandleComponents->trackInRenderStack(Object(App/Filament/Resources/UpgradeRequestResource/Pages/ListUpgradeRequests), Object(Closure))
#10 C:/Users/Mugahed/Desktop/MyMetier/vendor/livewire/livewire/src/Mechanisms/HandleComponents/HandleComponents.php(80): Livewire/Mechanisms/HandleComponents/HandleComponents->render(Object(App/Filament/Resources/UpgradeRequestResource/Pages/ListUpgradeRequests), '<div></div>')
#11 C:/Users/Mugahed/Desktop/MyMetier/vendor/livewire/livewire/src/LivewireManager.php(102): Livewire/Mechanisms/HandleComponents/HandleComponents->mount('App//Filament//Re...', Array, NULL, Array)
#12 C:/Users/Mugahed/Desktop/MyMetier/vendor/livewire/livewire/src/Features/SupportPageComponents/HandlesPageComponents.php(19): Livewire/LivewireManager->mount('App//Filament//Re...', Array)
#13 C:/Users/Mugahed/Desktop/MyMetier/vendor/livewire/livewire/src/Features/SupportPageComponents/SupportPageComponents.php(118): Livewire/Component->{closure:Livewire/Features/SupportPageComponents/HandlesPageComponents::__invoke():14}()
#14 C:/Users/Mugahed/Desktop/MyMetier/vendor/livewire/livewire/src/Features/SupportPageComponents/HandlesPageComponents.php(14): Livewire/Features/SupportPageComponents/SupportPageComponents::interceptTheRenderOfTheComponentAndRetreiveTheLayoutConfiguration(Object(Closure))
#15 C:/Users/Mugahed/Desktop/MyMetier/vendor/laravel/framework/src/Illuminate/Routing/ControllerDispatcher.php(46): Livewire/Component->__invoke()
#16 C:/Users/Mugahed/Desktop/MyMetier/vendor/laravel/framework/src/Illuminate/Routing/Route.php(269): Illuminate/Routing/ControllerDispatcher->dispatch(Object(Illuminate/Routing/Route), Object(App/Filament/Resources/UpgradeRequestResource/Pages/ListUpgradeRequests), '__invoke')
#17 C:/Users/Mugahed/Desktop/MyMetier/vendor/laravel/framework/src/Illuminate/Routing/Route.php(215): Illuminate/Routing/Route->runController()
#18 C:/Users/Mugahed/Desktop/MyMetier/vendor/laravel/framework/src/Illuminate/Routing/Router.php(822): Illuminate/Routing/Route->run()
#19 C:/Users/Mugahed/Desktop/MyMetier/vendor/laravel/framework/src/Illuminate/Pipeline/Pipeline.php(180): Illuminate/Routing/Router->{closure:Illuminate/Routing/Router::runRouteWithinStack():821}(Object(Illuminate/Http/Request))
#20 C:/Users/Mugahed/Desktop/MyMetier/vendor/filament/filament/src/Http/Middleware/DispatchServingFilamentEvent.php(15): Illuminate/Pipeline/Pipeline->{closure:Illuminate/Pipeline/Pipeline::prepareDestination():178}(Object(Illuminate/Http/Request))
#21 C:/Users/Mugahed/Desktop/MyMetier/vendor/laravel/framework/src/Illuminate/Pipeline/Pipeline.php(219): Filament/Http/Middleware/DispatchServingFilamentEvent->handle(Object(Illuminate/Http/Request), Object(Closure))
#22 C:/Users/Mugahed/Desktop/MyMetier/vendor/filament/filament/src/Http/Middleware/DisableBladeIconComponents.php(14): Illuminate/Pipeline/Pipeline->{closure:{closure:Illuminate/Pipeline/Pipeline::carry():194}:195}(Object(Illuminate/Http/Request))
#23 C:/Users/Mugahed/Desktop/MyMetier/vendor/laravel/framework/src/Illuminate/Pipeline/Pipeline.php(219): Filament/Http/Middleware/DisableBladeIconComponents->handle(Object(Illuminate/Http/Request), Object(Closure))
#24 C:/Users/Mugahed/Desktop/MyMetier/vendor/laravel/framework/src/Illuminate/Routing/Middleware/SubstituteBindings.php(52): Illuminate/Pipeline/Pipeline->{closure:{closure:Illuminate/Pipeline/Pipeline::carry():194}:195}(Object(Illuminate/Http/Request))
#25 C:/Users/Mugahed/Desktop/MyMetier/vendor/laravel/framework/src/Illuminate/Pipeline/Pipeline.php(219): Illuminate/Routing/Middleware/SubstituteBindings->handle(Object(Illuminate/Http/Request), Object(Closure))
#26 C:/Users/Mugahed/Desktop/MyMetier/vendor/laravel/framework/src/Illuminate/Foundation/Http/Middleware/PreventRequestForgery.php(104): Illuminate/Pipeline/Pipeline->{closure:{closure:Illuminate/Pipeline/Pipeline::carry():194}:195}(Object(Illuminate/Http/Request))
#27 C:/Users/Mugahed/Desktop/MyMetier/vendor/laravel/framework/src/Illuminate/Pipeline/Pipeline.php(219): Illuminate/Foundation/Http/Middleware/PreventRequestForgery->handle(Object(Illuminate/Http/Request), Object(Closure))
#28 C:/Users/Mugahed/Desktop/MyMetier/vendor/laravel/framework/src/Illuminate/Session/Middleware/AuthenticateSession.php(70): Illuminate/Pipeline/Pipeline->{closure:{closure:Illuminate/Pipeline/Pipeline::carry():194}:195}(Object(Illuminate/Http/Request))
#29 C:/Users/Mugahed/Desktop/MyMetier/vendor/laravel/framework/src/Illuminate/Pipeline/Pipeline.php(219): Illuminate/Session/Middleware/AuthenticateSession->handle(Object(Illuminate/Http/Request), Object(Closure))
#30 C:/Users/Mugahed/Desktop/MyMetier/vendor/laravel/framework/src/Illuminate/Auth/Middleware/Authenticate.php(63): Illuminate/Pipeline/Pipeline->{closure:{closure:Illuminate/Pipeline/Pipeline::carry():194}:195}(Object(Illuminate/Http/Request))
#31 C:/Users/Mugahed/Desktop/MyMetier/vendor/laravel/framework/src/Illuminate/Pipeline/Pipeline.php(219): Illuminate/Auth/Middleware/Authenticate->handle(Object(Illuminate/Http/Request), Object(Closure))
#32 C:/Users/Mugahed/Desktop/MyMetier/vendor/laravel/framework/src/Illuminate/View/Middleware/ShareErrorsFromSession.php(48): Illuminate/Pipeline/Pipeline->{closure:{closure:Illuminate/Pipeline/Pipeline::carry():194}:195}(Object(Illuminate/Http/Request))
#33 C:/Users/Mugahed/Desktop/MyMetier/vendor/laravel/framework/src/Illuminate/Pipeline/Pipeline.php(219): Illuminate/View/Middleware/ShareErrorsFromSession->handle(Object(Illuminate/Http/Request), Object(Closure))
#34 C:/Users/Mugahed/Desktop/MyMetier/vendor/laravel/framework/src/Illuminate/Session/Middleware/StartSession.php(120): Illuminate/Pipeline/Pipeline->{closure:{closure:Illuminate/Pipeline/Pipeline::carry():194}:195}(Object(Illuminate/Http/Request))
#35 C:/Users/Mugahed/Desktop/MyMetier/vendor/laravel/framework/src/Illuminate/Session/Middleware/StartSession.php(63): Illuminate/Session/Middleware/StartSession->handleStatefulRequest(Object(Illuminate/Http/Request), Object(Illuminate/Session/Store), Object(Closure))
#36 C:/Users/Mugahed/Desktop/MyMetier/vendor/laravel/framework/src/Illuminate/Pipeline/Pipeline.php(219): Illuminate/Session/Middleware/StartSession->handle(Object(Illuminate/Http/Request), Object(Closure))
#37 C:/Users/Mugahed/Desktop/MyMetier/vendor/laravel/framework/src/Illuminate/Cookie/Middleware/AddQueuedCookiesToResponse.php(36): Illuminate/Pipeline/Pipeline->{closure:{closure:Illuminate/Pipeline/Pipeline::carry():194}:195}(Object(Illuminate/Http/Request))
#38 C:/Users/Mugahed/Desktop/MyMetier/vendor/laravel/framework/src/Illuminate/Pipeline/Pipeline.php(219): Illuminate/Cookie/Middleware/AddQueuedCookiesToResponse->handle(Object(Illuminate/Http/Request), Object(Closure))
#39 C:/Users/Mugahed/Desktop/MyMetier/vendor/laravel/framework/src/Illuminate/Cookie/Middleware/EncryptCookies.php(74): Illuminate/Pipeline/Pipeline->{closure:{closure:Illuminate/Pipeline/Pipeline::carry():194}:195}(Object(Illuminate/Http/Request))
#40 C:/Users/Mugahed/Desktop/MyMetier/vendor/laravel/framework/src/Illuminate/Pipeline/Pipeline.php(219): Illuminate/Cookie/Middleware/EncryptCookies->handle(Object(Illuminate/Http/Request), Object(Closure))
#41 C:/Users/Mugahed/Desktop/MyMetier/vendor/filament/filament/src/Http/Middleware/SetUpPanel.php(19): Illuminate/Pipeline/Pipeline->{closure:{closure:Illuminate/Pipeline/Pipeline::carry():194}:195}(Object(Illuminate/Http/Request))
#42 C:/Users/Mugahed/Desktop/MyMetier/vendor/laravel/framework/src/Illuminate/Pipeline/Pipeline.php(219): Filament/Http/Middleware/SetUpPanel->handle(Object(Illuminate/Http/Request), Object(Closure), Object(Filament/Panel))
#43 C:/Users/Mugahed/Desktop/MyMetier/vendor/laravel/framework/src/Illuminate/Pipeline/Pipeline.php(137): Illuminate/Pipeline/Pipeline->{closure:{closure:Illuminate/Pipeline/Pipeline::carry():194}:195}(Object(Illuminate/Http/Request))
#44 C:/Users/Mugahed/Desktop/MyMetier/vendor/laravel/framework/src/Illuminate/Routing/Router.php(821): Illuminate/Pipeline/Pipeline->then(Object(Closure))
#45 C:/Users/Mugahed/Desktop/MyMetier/vendor/laravel/framework/src/Illuminate/Routing/Router.php(800): Illuminate/Routing/Router->runRouteWithinStack(Object(Illuminate/Routing/Route), Object(Illuminate/Http/Request))
#46 C:/Users/Mugahed/Desktop/MyMetier/vendor/laravel/framework/src/Illuminate/Routing/Router.php(764): Illuminate/Routing/Router->runRoute(Object(Illuminate/Http/Request), Object(Illuminate/Routing/Route))
#47 C:/Users/Mugahed/Desktop/MyMetier/vendor/laravel/framework/src/Illuminate/Routing/Router.php(753): Illuminate/Routing/Router->dispatchToRoute(Object(Illuminate/Http/Request))
#48 C:/Users/Mugahed/Desktop/MyMetier/vendor/laravel/framework/src/Illuminate/Foundation/Http/Kernel.php(200): Illuminate/Routing/Router->dispatch(Object(Illuminate/Http/Request))
#49 C:/Users/Mugahed/Desktop/MyMetier/vendor/laravel/framework/src/Illuminate/Pipeline/Pipeline.php(180): Illuminate/Foundation/Http/Kernel->{closure:Illuminate/Foundation/Http/Kernel::dispatchToRouter():197}(Object(Illuminate/Http/Request))
#50 C:/Users/Mugahed/Desktop/MyMetier/vendor/livewire/livewire/src/Features/SupportDisablingBackButtonCache/DisableBackButtonCacheMiddleware.php(19): Illuminate/Pipeline/Pipeline->{closure:Illuminate/Pipeline/Pipeline::prepareDestination():178}(Object(Illuminate/Http/Request))
#51 C:/Users/Mugahed/Desktop/MyMetier/vendor/laravel/framework/src/Illuminate/Pipeline/Pipeline.php(219): Livewire/Features/SupportDisablingBackButtonCache/DisableBackButtonCacheMiddleware->handle(Object(Illuminate/Http/Request), Object(Closure))
#52 C:/Users/Mugahed/Desktop/MyMetier/vendor/laravel/framework/src/Illuminate/Foundation/Http/Middleware/TransformsRequest.php(21): Illuminate/Pipeline/Pipeline->{closure:{closure:Illuminate/Pipeline/Pipeline::carry():194}:195}(Object(Illuminate/Http/Request))
#53 C:/Users/Mugahed/Desktop/MyMetier/vendor/laravel/framework/src/Illuminate/Foundation/Http/Middleware/ConvertEmptyStringsToNull.php(31): Illuminate/Foundation/Http/Middleware/TransformsRequest->handle(Object(Illuminate/Http/Request), Object(Closure))
#54 C:/Users/Mugahed/Desktop/MyMetier/vendor/laravel/framework/src/Illuminate/Pipeline/Pipeline.php(219): Illuminate/Foundation/Http/Middleware/ConvertEmptyStringsToNull->handle(Object(Illuminate/Http/Request), Object(Closure))
#55 C:/Users/Mugahed/Desktop/MyMetier/vendor/laravel/framework/src/Illuminate/Foundation/Http/Middleware/TransformsRequest.php(21): Illuminate/Pipeline/Pipeline->{closure:{closure:Illuminate/Pipeline/Pipeline::carry():194}:195}(Object(Illuminate/Http/Request))
#56 C:/Users/Mugahed/Desktop/MyMetier/vendor/laravel/framework/src/Illuminate/Foundation/Http/Middleware/TrimStrings.php(51): Illuminate/Foundation/Http/Middleware/TransformsRequest->handle(Object(Illuminate/Http/Request), Object(Closure))
#57 C:/Users/Mugahed/Desktop/MyMetier/vendor/laravel/framework/src/Illuminate/Pipeline/Pipeline.php(219): Illuminate/Foundation/Http/Middleware/TrimStrings->handle(Object(Illuminate/Http/Request), Object(Closure))
#58 C:/Users/Mugahed/Desktop/MyMetier/vendor/laravel/framework/src/Illuminate/Http/Middleware/ValidatePostSize.php(27): Illuminate/Pipeline/Pipeline->{closure:{closure:Illuminate/Pipeline/Pipeline::carry():194}:195}(Object(Illuminate/Http/Request))
#59 C:/Users/Mugahed/Desktop/MyMetier/vendor/laravel/framework/src/Illuminate/Pipeline/Pipeline.php(219): Illuminate/Http/Middleware/ValidatePostSize->handle(Object(Illuminate/Http/Request), Object(Closure))
#60 C:/Users/Mugahed/Desktop/MyMetier/vendor/laravel/framework/src/Illuminate/Foundation/Http/Middleware/PreventRequestsDuringMaintenance.php(109): Illuminate/Pipeline/Pipeline->{closure:{closure:Illuminate/Pipeline/Pipeline::carry():194}:195}(Object(Illuminate/Http/Request))
#61 C:/Users/Mugahed/Desktop/MyMetier/vendor/laravel/framework/src/Illuminate/Pipeline/Pipeline.php(219): Illuminate/Foundation/Http/Middleware/PreventRequestsDuringMaintenance->handle(Object(Illuminate/Http/Request), Object(Closure))
#62 C:/Users/Mugahed/Desktop/MyMetier/vendor/laravel/framework/src/Illuminate/Http/Middleware/HandleCors.php(61): Illuminate/Pipeline/Pipeline->{closure:{closure:Illuminate/Pipeline/Pipeline::carry():194}:195}(Object(Illuminate/Http/Request))
#63 C:/Users/Mugahed/Desktop/MyMetier/vendor/laravel/framework/src/Illuminate/Pipeline/Pipeline.php(219): Illuminate/Http/Middleware/HandleCors->handle(Object(Illuminate/Http/Request), Object(Closure))
#64 C:/Users/Mugahed/Desktop/MyMetier/vendor/laravel/framework/src/Illuminate/Http/Middleware/TrustProxies.php(58): Illuminate/Pipeline/Pipeline->{closure:{closure:Illuminate/Pipeline/Pipeline::carry():194}:195}(Object(Illuminate/Http/Request))
#65 C:/Users/Mugahed/Desktop/MyMetier/vendor/laravel/framework/src/Illuminate/Pipeline/Pipeline.php(219): Illuminate/Http/Middleware/TrustProxies->handle(Object(Illuminate/Http/Request), Object(Closure))
#66 C:/Users/Mugahed/Desktop/MyMetier/vendor/laravel/framework/src/Illuminate/Foundation/Http/Middleware/InvokeDeferredCallbacks.php(22): Illuminate/Pipeline/Pipeline->{closure:{closure:Illuminate/Pipeline/Pipeline::carry():194}:195}(Object(Illuminate/Http/Request))
#67 C:/Users/Mugahed/Desktop/MyMetier/vendor/laravel/framework/src/Illuminate/Pipeline/Pipeline.php(219): Illuminate/Foundation/Http/Middleware/InvokeDeferredCallbacks->handle(Object(Illuminate/Http/Request), Object(Closure))
#68 C:/Users/Mugahed/Desktop/MyMetier/vendor/laravel/framework/src/Illuminate/Http/Middleware/ValidatePathEncoding.php(28): Illuminate/Pipeline/Pipeline->{closure:{closure:Illuminate/Pipeline/Pipeline::carry():194}:195}(Object(Illuminate/Http/Request))
#69 C:/Users/Mugahed/Desktop/MyMetier/vendor/laravel/framework/src/Illuminate/Pipeline/Pipeline.php(219): Illuminate/Http/Middleware/ValidatePathEncoding->handle(Object(Illuminate/Http/Request), Object(Closure))
#70 C:/Users/Mugahed/Desktop/MyMetier/vendor/laravel/framework/src/Illuminate/Pipeline/Pipeline.php(137): Illuminate/Pipeline/Pipeline->{closure:{closure:Illuminate/Pipeline/Pipeline::carry():194}:195}(Object(Illuminate/Http/Request))
#71 C:/Users/Mugahed/Desktop/MyMetier/vendor/laravel/framework/src/Illuminate/Foundation/Http/Kernel.php(175): Illuminate/Pipeline/Pipeline->then(Object(Closure))
#72 C:/Users/Mugahed/Desktop/MyMetier/vendor/laravel/framework/src/Illuminate/Foundation/Http/Kernel.php(144): Illuminate/Foundation/Http/Kernel->sendRequestThroughRouter(Object(Illuminate/Http/Request))
#73 C:/Users/Mugahed/Desktop/MyMetier/vendor/laravel/framework/src/Illuminate/Foundation/Application.php(1220): Illuminate/Foundation/Http/Kernel->handle(Object(Illuminate/Http/Request))
#74 C:/Users/Mugahed/Desktop/MyMetier/public/index.php(20): Illuminate/Foundation/Application->handleRequest(Object(Illuminate/Http/Request))
#75 C:/Program Files/Herd/resources/app.asar.unpacked/resources/valet/server.php(139): require('C://Users//Mugahe...')
#76 {main}

[previous exception] [object] (Illuminate\\View\\ViewException(code: 0): rename(C:\\Users\\Mugahed\\Desktop\\MyMetier\\storage\\framework\\views\\e6b6468.tmp,C:\\Users\\Mugahed\\Desktop\\MyMetier\\storage\\framework\\views/e6bbf84c1a66f7eb7db561a909ad557b.php): Access is denied (code: 5) (View: C:\\Users\\Mugahed\\Desktop\\MyMetier\\vendor\\filament\\support\\resources\\views\\components\\input\\index.blade.php) (View: C:\\Users\\Mugahed\\Desktop\\MyMetier\\vendor\\filament\\support\\resources\\views\\components\\input\\index.blade.php) at C:/Users/Mugahed/Desktop/MyMetier/vendor/laravel/framework/src/Illuminate/Filesystem/Filesystem.php:233)
[stacktrace]
#0 C:/Users/Mugahed/Desktop/MyMetier/vendor/livewire/livewire/src/Mechanisms/ExtendBlade/ExtendedCompilerEngine.php(58): Illuminate/View/Engines/CompilerEngine->handleViewException(Object(Illuminate/View/ViewException), 5)
#1 C:/Users/Mugahed/Desktop/MyMetier/vendor/livewire/livewire/src/Mechanisms/ExtendBlade/ExtendedCompilerEngine.php(40): Livewire/Mechanisms/ExtendBlade/ExtendedCompilerEngine->handleViewException(Object(Illuminate/View/ViewException), 5)
#2 C:/Users/Mugahed/Desktop/MyMetier/vendor/laravel/framework/src/Illuminate/View/Engines/CompilerEngine.php(76): Livewire/Mechanisms/ExtendBlade/ExtendedCompilerEngine->evaluatePath('C://Users//Mugahe...', Array)
#3 C:/Users/Mugahed/Desktop/MyMetier/vendor/livewire/livewire/src/Mechanisms/ExtendBlade/ExtendedCompilerEngine.php(16): Illuminate/View/Engines/CompilerEngine->get('C://Users//Mugahe...', Array)
#4 C:/Users/Mugahed/Desktop/MyMetier/vendor/laravel/framework/src/Illuminate/View/View.php(208): Livewire/Mechanisms/ExtendBlade/ExtendedCompilerEngine->get('C://Users//Mugahe...', Array)
#5 C:/Users/Mugahed/Desktop/MyMetier/vendor/laravel/framework/src/Illuminate/View/View.php(191): Illuminate/View/View->getContents()
#6 C:/Users/Mugahed/Desktop/MyMetier/vendor/laravel/framework/src/Illuminate/View/View.php(160): Illuminate/View/View->renderContents()
#7 C:/Users/Mugahed/Desktop/MyMetier/vendor/filament/support/src/Components/ViewComponent.php(125): Illuminate/View/View->render()
#8 C:/Users/Mugahed/Desktop/MyMetier/vendor/filament/schemas/src/Components/Component.php(219): Filament/Support/Components/ViewComponent->toHtml()
#9 C:/Users/Mugahed/Desktop/MyMetier/vendor/filament/schemas/src/Schema.php(205): Filament/Schemas/Components/Component->toSchemaHtml(true)
#10 C:/Users/Mugahed/Desktop/MyMetier/vendor/filament/support/src/Components/ViewComponent.php(122): Filament/Schemas/Schema->toEmbeddedHtml()
#11 C:/Users/Mugahed/Desktop/MyMetier/vendor/laravel/framework/src/Illuminate/Support/helpers.php(131): Filament/Support/Components/ViewComponent->toHtml()
#12 C:/Users/Mugahed/Desktop/MyMetier/storage/framework/views/b30fc42f55b3966a4634d799d18b4b9a.php(13): e(Object(Filament/Schemas/Schema))
#13 C:/Users/Mugahed/Desktop/MyMetier/vendor/livewire/livewire/src/Mechanisms/ExtendBlade/ExtendedCompilerEngine.php(37): include('C://Users//Mugahe...')
#14 C:/Users/Mugahed/Desktop/MyMetier/vendor/livewire/livewire/src/Mechanisms/ExtendBlade/ExtendedCompilerEngine.php(38): App/Filament/Resources/UpgradeRequestResource/Pages/ListUpgradeRequests->{closure:Livewire/Mechanisms/ExtendBlade/ExtendedCompilerEngine::evaluatePath():35}()
#15 C:/Users/Mugahed/Desktop/MyMetier/vendor/laravel/framework/src/Illuminate/View/Engines/CompilerEngine.php(76): Livewire/Mechanisms/ExtendBlade/ExtendedCompilerEngine->evaluatePath('C://Users//Mugahe...', Array)
#16 C:/Users/Mugahed/Desktop/MyMetier/vendor/livewire/livewire/src/Mechanisms/ExtendBlade/ExtendedCompilerEngine.php(16): Illuminate/View/Engines/CompilerEngine->get('C://Users//Mugahe...', Array)
#17 C:/Users/Mugahed/Desktop/MyMetier/vendor/laravel/framework/src/Illuminate/View/View.php(208): Livewire/Mechanisms/ExtendBlade/ExtendedCompilerEngine->get('C://Users//Mugahe...', Array)
#18 C:/Users/Mugahed/Desktop/MyMetier/vendor/laravel/framework/src/Illuminate/View/View.php(191): Illuminate/View/View->getContents()
#19 C:/Users/Mugahed/Desktop/MyMetier/vendor/laravel/framework/src/Illuminate/View/View.php(160): Illuminate/View/View->renderContents()
#20 C:/Users/Mugahed/Desktop/MyMetier/vendor/livewire/livewire/src/Mechanisms/HandleComponents/HandleComponents.php(409): Illuminate/View/View->render(Object(Closure))
#21 C:/Users/Mugahed/Desktop/MyMetier/vendor/livewire/livewire/src/Mechanisms/HandleComponents/HandleComponents.php(460): Livewire/Mechanisms/HandleComponents/HandleComponents->{closure:Livewire/Mechanisms/HandleComponents/HandleComponents::render():401}()
#22 C:/Users/Mugahed/Desktop/MyMetier/vendor/livewire/livewire/src/Mechanisms/HandleComponents/HandleComponents.php(401): Livewire/Mechanisms/HandleComponents/HandleComponents->trackInRenderStack(Object(App/Filament/Resources/UpgradeRequestResource/Pages/ListUpgradeRequests), Object(Closure))
#23 C:/Users/Mugahed/Desktop/MyMetier/vendor/livewire/livewire/src/Mechanisms/HandleComponents/HandleComponents.php(80): Livewire/Mechanisms/HandleComponents/HandleComponents->render(Object(App/Filament/Resources/UpgradeRequestResource/Pages/ListUpgradeRequests), '<div></div>')
#24 C:/Users/Mugahed/Desktop/MyMetier/vendor/livewire/livewire/src/LivewireManager.php(102): Livewire/Mechanisms/HandleComponents/HandleComponents->mount('App//Filament//Re...', Array, NULL, Array)
#25 C:/Users/Mugahed/Desktop/MyMetier/vendor/livewire/livewire/src/Features/SupportPageComponents/HandlesPageComponents.php(19): Livewire/LivewireManager->mount('App//Filament//Re...', Array)
#26 C:/Users/Mugahed/Desktop/MyMetier/vendor/livewire/livewire/src/Features/SupportPageComponents/SupportPageComponents.php(118): Livewire/Component->{closure:Livewire/Features/SupportPageComponents/HandlesPageComponents::__invoke():14}()
#27 C:/Users/Mugahed/Desktop/MyMetier/vendor/livewire/livewire/src/Features/SupportPageComponents/HandlesPageComponents.php(14): Livewire/Features/SupportPageComponents/SupportPageComponents::interceptTheRenderOfTheComponentAndRetreiveTheLayoutConfiguration(Object(Closure))
#28 C:/Users/Mugahed/Desktop/MyMetier/vendor/laravel/framework/src/Illuminate/Routing/ControllerDispatcher.php(46): Livewire/Component->__invoke()
#29 C:/Users/Mugahed/Desktop/MyMetier/vendor/laravel/framework/src/Illuminate/Routing/Route.php(269): Illuminate/Routing/ControllerDispatcher->dispatch(Object(Illuminate/Routing/Route), Object(App/Filament/Resources/UpgradeRequestResource/Pages/ListUpgradeRequests), '__invoke')
#30 C:/Users/Mugahed/Desktop/MyMetier/vendor/laravel/framework/src/Illuminate/Routing/Route.php(215): Illuminate/Routing/Route->runController()
#31 C:/Users/Mugahed/Desktop/MyMetier/vendor/laravel/framework/src/Illuminate/Routing/Router.php(822): Illuminate/Routing/Route->run()
#32 C:/Users/Mugahed/Desktop/MyMetier/vendor/laravel/framework/src/Illuminate/Pipeline/Pipeline.php(180): Illuminate/Routing/Router->{closure:Illuminate/Routing/Router::runRouteWithinStack():821}(Object(Illuminate/Http/Request))
#33 C:/Users/Mugahed/Desktop/MyMetier/vendor/filament/filament/src/Http/Middleware/DispatchServingFilamentEvent.php(15): Illuminate/Pipeline/Pipeline->{closure:Illuminate/Pipeline/Pipeline::prepareDestination():178}(Object(Illuminate/Http/Request))
#34 C:/Users/Mugahed/Desktop/MyMetier/vendor/laravel/framework/src/Illuminate/Pipeline/Pipeline.php(219): Filament/Http/Middleware/DispatchServingFilamentEvent->handle(Object(Illuminate/Http/Request), Object(Closure))
#35 C:/Users/Mugahed/Desktop/MyMetier/vendor/filament/filament/src/Http/Middleware/DisableBladeIconComponents.php(14): Illuminate/Pipeline/Pipeline->{closure:{closure:Illuminate/Pipeline/Pipeline::carry():194}:195}(Object(Illuminate/Http/Request))
#36 C:/Users/Mugahed/Desktop/MyMetier/vendor/laravel/framework/src/Illuminate/Pipeline/Pipeline.php(219): Filament/Http/Middleware/DisableBladeIconComponents->handle(Object(Illuminate/Http/Request), Object(Closure))
#37 C:/Users/Mugahed/Desktop/MyMetier/vendor/laravel/framework/src/Illuminate/Routing/Middleware/SubstituteBindings.php(52): Illuminate/Pipeline/Pipeline->{closure:{closure:Illuminate/Pipeline/Pipeline::carry():194}:195}(Object(Illuminate/Http/Request))
#38 C:/Users/Mugahed/Desktop/MyMetier/vendor/laravel/framework/src/Illuminate/Pipeline/Pipeline.php(219): Illuminate/Routing/Middleware/SubstituteBindings->handle(Object(Illuminate/Http/Request), Object(Closure))
#39 C:/Users/Mugahed/Desktop/MyMetier/vendor/laravel/framework/src/Illuminate/Foundation/Http/Middleware/PreventRequestForgery.php(104): Illuminate/Pipeline/Pipeline->{closure:{closure:Illuminate/Pipeline/Pipeline::carry():194}:195}(Object(Illuminate/Http/Request))
#40 C:/Users/Mugahed/Desktop/MyMetier/vendor/laravel/framework/src/Illuminate/Pipeline/Pipeline.php(219): Illuminate/Foundation/Http/Middleware/PreventRequestForgery->handle(Object(Illuminate/Http/Request), Object(Closure))
#41 C:/Users/Mugahed/Desktop/MyMetier/vendor/laravel/framework/src/Illuminate/Session/Middleware/AuthenticateSession.php(70): Illuminate/Pipeline/Pipeline->{closure:{closure:Illuminate/Pipeline/Pipeline::carry():194}:195}(Object(Illuminate/Http/Request))
#42 C:/Users/Mugahed/Desktop/MyMetier/vendor/laravel/framework/src/Illuminate/Pipeline/Pipeline.php(219): Illuminate/Session/Middleware/AuthenticateSession->handle(Object(Illuminate/Http/Request), Object(Closure))
#43 C:/Users/Mugahed/Desktop/MyMetier/vendor/laravel/framework/src/Illuminate/Auth/Middleware/Authenticate.php(63): Illuminate/Pipeline/Pipeline->{closure:{closure:Illuminate/Pipeline/Pipeline::carry():194}:195}(Object(Illuminate/Http/Request))
#44 C:/Users/Mugahed/Desktop/MyMetier/vendor/laravel/framework/src/Illuminate/Pipeline/Pipeline.php(219): Illuminate/Auth/Middleware/Authenticate->handle(Object(Illuminate/Http/Request), Object(Closure))
#45 C:/Users/Mugahed/Desktop/MyMetier/vendor/laravel/framework/src/Illuminate/View/Middleware/ShareErrorsFromSession.php(48): Illuminate/Pipeline/Pipeline->{closure:{closure:Illuminate/Pipeline/Pipeline::carry():194}:195}(Object(Illuminate/Http/Request))
#46 C:/Users/Mugahed/Desktop/MyMetier/vendor/laravel/framework/src/Illuminate/Pipeline/Pipeline.php(219): Illuminate/View/Middleware/ShareErrorsFromSession->handle(Object(Illuminate/Http/Request), Object(Closure))
#47 C:/Users/Mugahed/Desktop/MyMetier/vendor/laravel/framework/src/Illuminate/Session/Middleware/StartSession.php(120): Illuminate/Pipeline/Pipeline->{closure:{closure:Illuminate/Pipeline/Pipeline::carry():194}:195}(Object(Illuminate/Http/Request))
#48 C:/Users/Mugahed/Desktop/MyMetier/vendor/laravel/framework/src/Illuminate/Session/Middleware/StartSession.php(63): Illuminate/Session/Middleware/StartSession->handleStatefulRequest(Object(Illuminate/Http/Request), Object(Illuminate/Session/Store), Object(Closure))
#49 C:/Users/Mugahed/Desktop/MyMetier/vendor/laravel/framework/src/Illuminate/Pipeline/Pipeline.php(219): Illuminate/Session/Middleware/StartSession->handle(Object(Illuminate/Http/Request), Object(Closure))
#50 C:/Users/Mugahed/Desktop/MyMetier/vendor/laravel/framework/src/Illuminate/Cookie/Middleware/AddQueuedCookiesToResponse.php(36): Illuminate/Pipeline/Pipeline->{closure:{closure:Illuminate/Pipeline/Pipeline::carry():194}:195}(Object(Illuminate/Http/Request))
#51 C:/Users/Mugahed/Desktop/MyMetier/vendor/laravel/framework/src/Illuminate/Pipeline/Pipeline.php(219): Illuminate/Cookie/Middleware/AddQueuedCookiesToResponse->handle(Object(Illuminate/Http/Request), Object(Closure))
#52 C:/Users/Mugahed/Desktop/MyMetier/vendor/laravel/framework/src/Illuminate/Cookie/Middleware/EncryptCookies.php(74): Illuminate/Pipeline/Pipeline->{closure:{closure:Illuminate/Pipeline/Pipeline::carry():194}:195}(Object(Illuminate/Http/Request))
#53 C:/Users/Mugahed/Desktop/MyMetier/vendor/laravel/framework/src/Illuminate/Pipeline/Pipeline.php(219): Illuminate/Cookie/Middleware/EncryptCookies->handle(Object(Illuminate/Http/Request), Object(Closure))
#54 C:/Users/Mugahed/Desktop/MyMetier/vendor/filament/filament/src/Http/Middleware/SetUpPanel.php(19): Illuminate/Pipeline/Pipeline->{closure:{closure:Illuminate/Pipeline/Pipeline::carry():194}:195}(Object(Illuminate/Http/Request))
#55 C:/Users/Mugahed/Desktop/MyMetier/vendor/laravel/framework/src/Illuminate/Pipeline/Pipeline.php(219): Filament/Http/Middleware/SetUpPanel->handle(Object(Illuminate/Http/Request), Object(Closure), Object(Filament/Panel))
#56 C:/Users/Mugahed/Desktop/MyMetier/vendor/laravel/framework/src/Illuminate/Pipeline/Pipeline.php(137): Illuminate/Pipeline/Pipeline->{closure:{closure:Illuminate/Pipeline/Pipeline::carry():194}:195}(Object(Illuminate/Http/Request))
#57 C:/Users/Mugahed/Desktop/MyMetier/vendor/laravel/framework/src/Illuminate/Routing/Router.php(821): Illuminate/Pipeline/Pipeline->then(Object(Closure))
#58 C:/Users/Mugahed/Desktop/MyMetier/vendor/laravel/framework/src/Illuminate/Routing/Router.php(800): Illuminate/Routing/Router->runRouteWithinStack(Object(Illuminate/Routing/Route), Object(Illuminate/Http/Request))
#59 C:/Users/Mugahed/Desktop/MyMetier/vendor/laravel/framework/src/Illuminate/Routing/Router.php(764): Illuminate/Routing/Router->runRoute(Object(Illuminate/Http/Request), Object(Illuminate/Routing/Route))
#60 C:/Users/Mugahed/Desktop/MyMetier/vendor/laravel/framework/src/Illuminate/Routing/Router.php(753): Illuminate/Routing/Router->dispatchToRoute(Object(Illuminate/Http/Request))
#61 C:/Users/Mugahed/Desktop/MyMetier/vendor/laravel/framework/src/Illuminate/Foundation/Http/Kernel.php(200): Illuminate/Routing/Router->dispatch(Object(Illuminate/Http/Request))
#62 C:/Users/Mugahed/Desktop/MyMetier/vendor/laravel/framework/src/Illuminate/Pipeline/Pipeline.php(180): Illuminate/Foundation/Http/Kernel->{closure:Illuminate/Foundation/Http/Kernel::dispatchToRouter():197}(Object(Illuminate/Http/Request))
#63 C:/Users/Mugahed/Desktop/MyMetier/vendor/livewire/livewire/src/Features/SupportDisablingBackButtonCache/DisableBackButtonCacheMiddleware.php(19): Illuminate/Pipeline/Pipeline->{closure:Illuminate/Pipeline/Pipeline::prepareDestination():178}(Object(Illuminate/Http/Request))
#64 C:/Users/Mugahed/Desktop/MyMetier/vendor/laravel/framework/src/Illuminate/Pipeline/Pipeline.php(219): Livewire/Features/SupportDisablingBackButtonCache/DisableBackButtonCacheMiddleware->handle(Object(Illuminate/Http/Request), Object(Closure))
#65 C:/Users/Mugahed/Desktop/MyMetier/vendor/laravel/framework/src/Illuminate/Foundation/Http/Middleware/TransformsRequest.php(21): Illuminate/Pipeline/Pipeline->{closure:{closure:Illuminate/Pipeline/Pipeline::carry():194}:195}(Object(Illuminate/Http/Request))
#66 C:/Users/Mugahed/Desktop/MyMetier/vendor/laravel/framework/src/Illuminate/Foundation/Http/Middleware/ConvertEmptyStringsToNull.php(31): Illuminate/Foundation/Http/Middleware/TransformsRequest->handle(Object(Illuminate/Http/Request), Object(Closure))
#67 C:/Users/Mugahed/Desktop/MyMetier/vendor/laravel/framework/src/Illuminate/Pipeline/Pipeline.php(219): Illuminate/Foundation/Http/Middleware/ConvertEmptyStringsToNull->handle(Object(Illuminate/Http/Request), Object(Closure))
#68 C:/Users/Mugahed/Desktop/MyMetier/vendor/laravel/framework/src/Illuminate/Foundation/Http/Middleware/TransformsRequest.php(21): Illuminate/Pipeline/Pipeline->{closure:{closure:Illuminate/Pipeline/Pipeline::carry():194}:195}(Object(Illuminate/Http/Request))
#69 C:/Users/Mugahed/Desktop/MyMetier/vendor/laravel/framework/src/Illuminate/Foundation/Http/Middleware/TrimStrings.php(51): Illuminate/Foundation/Http/Middleware/TransformsRequest->handle(Object(Illuminate/Http/Request), Object(Closure))
#70 C:/Users/Mugahed/Desktop/MyMetier/vendor/laravel/framework/src/Illuminate/Pipeline/Pipeline.php(219): Illuminate/Foundation/Http/Middleware/TrimStrings->handle(Object(Illuminate/Http/Request), Object(Closure))
#71 C:/Users/Mugahed/Desktop/MyMetier/vendor/laravel/framework/src/Illuminate/Http/Middleware/ValidatePostSize.php(27): Illuminate/Pipeline/Pipeline->{closure:{closure:Illuminate/Pipeline/Pipeline::carry():194}:195}(Object(Illuminate/Http/Request))
#72 C:/Users/Mugahed/Desktop/MyMetier/vendor/laravel/framework/src/Illuminate/Pipeline/Pipeline.php(219): Illuminate/Http/Middleware/ValidatePostSize->handle(Object(Illuminate/Http/Request), Object(Closure))
#73 C:/Users/Mugahed/Desktop/MyMetier/vendor/laravel/framework/src/Illuminate/Foundation/Http/Middleware/PreventRequestsDuringMaintenance.php(109): Illuminate/Pipeline/Pipeline->{closure:{closure:Illuminate/Pipeline/Pipeline::carry():194}:195}(Object(Illuminate/Http/Request))
#74 C:/Users/Mugahed/Desktop/MyMetier/vendor/laravel/framework/src/Illuminate/Pipeline/Pipeline.php(219): Illuminate/Foundation/Http/Middleware/PreventRequestsDuringMaintenance->handle(Object(Illuminate/Http/Request), Object(Closure))
#75 C:/Users/Mugahed/Desktop/MyMetier/vendor/laravel/framework/src/Illuminate/Http/Middleware/HandleCors.php(61): Illuminate/Pipeline/Pipeline->{closure:{closure:Illuminate/Pipeline/Pipeline::carry():194}:195}(Object(Illuminate/Http/Request))
#76 C:/Users/Mugahed/Desktop/MyMetier/vendor/laravel/framework/src/Illuminate/Pipeline/Pipeline.php(219): Illuminate/Http/Middleware/HandleCors->handle(Object(Illuminate/Http/Request), Object(Closure))
#77 C:/Users/Mugahed/Desktop/MyMetier/vendor/laravel/framework/src/Illuminate/Http/Middleware/TrustProxies.php(58): Illuminate/Pipeline/Pipeline->{closure:{closure:Illuminate/Pipeline/Pipeline::carry():194}:195}(Object(Illuminate/Http/Request))
#78 C:/Users/Mugahed/Desktop/MyMetier/vendor/laravel/framework/src/Illuminate/Pipeline/Pipeline.php(219): Illuminate/Http/Middleware/TrustProxies->handle(Object(Illuminate/Http/Request), Object(Closure))
#79 C:/Users/Mugahed/Desktop/MyMetier/vendor/laravel/framework/src/Illuminate/Foundation/Http/Middleware/InvokeDeferredCallbacks.php(22): Illuminate/Pipeline/Pipeline->{closure:{closure:Illuminate/Pipeline/Pipeline::carry():194}:195}(Object(Illuminate/Http/Request))
#80 C:/Users/Mugahed/Desktop/MyMetier/vendor/laravel/framework/src/Illuminate/Pipeline/Pipeline.php(219): Illuminate/Foundation/Http/Middleware/InvokeDeferredCallbacks->handle(Object(Illuminate/Http/Request), Object(Closure))
#81 C:/Users/Mugahed/Desktop/MyMetier/vendor/laravel/framework/src/Illuminate/Http/Middleware/ValidatePathEncoding.php(28): Illuminate/Pipeline/Pipeline->{closure:{closure:Illuminate/Pipeline/Pipeline::carry():194}:195}(Object(Illuminate/Http/Request))
#82 C:/Users/Mugahed/Desktop/MyMetier/vendor/laravel/framework/src/Illuminate/Pipeline/Pipeline.php(219): Illuminate/Http/Middleware/ValidatePathEncoding->handle(Object(Illuminate/Http/Request), Object(Closure))
#83 C:/Users/Mugahed/Desktop/MyMetier/vendor/laravel/framework/src/Illuminate/Pipeline/Pipeline.php(137): Illuminate/Pipeline/Pipeline->{closure:{closure:Illuminate/Pipeline/Pipeline::carry():194}:195}(Object(Illuminate/Http/Request))
#84 C:/Users/Mugahed/Desktop/MyMetier/vendor/laravel/framework/src/Illuminate/Foundation/Http/Kernel.php(175): Illuminate/Pipeline/Pipeline->then(Object(Closure))
#85 C:/Users/Mugahed/Desktop/MyMetier/vendor/laravel/framework/src/Illuminate/Foundation/Http/Kernel.php(144): Illuminate/Foundation/Http/Kernel->sendRequestThroughRouter(Object(Illuminate/Http/Request))
#86 C:/Users/Mugahed/Desktop/MyMetier/vendor/laravel/framework/src/Illuminate/Foundation/Application.php(1220): Illuminate/Foundation/Http/Kernel->handle(Object(Illuminate/Http/Request))
#87 C:/Users/Mugahed/Desktop/MyMetier/public/index.php(20): Illuminate/Foundation/Application->handleRequest(Object(Illuminate/Http/Request))
#88 C:/Program Files/Herd/resources/app.asar.unpacked/resources/valet/server.php(139): require('C://Users//Mugahe...')
#89 {main}

[previous exception] [object] (Illuminate\\View\\ViewException(code: 0): rename(C:\\Users\\Mugahed\\Desktop\\MyMetier\\storage\\framework\\views\\e6b6468.tmp,C:\\Users\\Mugahed\\Desktop\\MyMetier\\storage\\framework\\views/e6bbf84c1a66f7eb7db561a909ad557b.php): Access is denied (code: 5) (View: C:\\Users\\Mugahed\\Desktop\\MyMetier\\vendor\\filament\\support\\resources\\views\\components\\input\\index.blade.php) at C:/Users/Mugahed/Desktop/MyMetier/vendor/laravel/framework/src/Illuminate/Filesystem/Filesystem.php:233)
[stacktrace]
#0 C:/Users/Mugahed/Desktop/MyMetier/vendor/livewire/livewire/src/Mechanisms/ExtendBlade/ExtendedCompilerEngine.php(58): Illuminate/View/Engines/CompilerEngine->handleViewException(Object(ErrorException), 6)
#1 C:/Users/Mugahed/Desktop/MyMetier/vendor/livewire/livewire/src/Mechanisms/ExtendBlade/ExtendedCompilerEngine.php(40): Livewire/Mechanisms/ExtendBlade/ExtendedCompilerEngine->handleViewException(Object(ErrorException), 6)
#2 C:/Users/Mugahed/Desktop/MyMetier/vendor/laravel/framework/src/Illuminate/View/Engines/CompilerEngine.php(76): Livewire/Mechanisms/ExtendBlade/ExtendedCompilerEngine->evaluatePath('C://Users//Mugahe...', Array)
#3 C:/Users/Mugahed/Desktop/MyMetier/vendor/livewire/livewire/src/Mechanisms/ExtendBlade/ExtendedCompilerEngine.php(16): Illuminate/View/Engines/CompilerEngine->get('C://Users//Mugahe...', Array)
#4 C:/Users/Mugahed/Desktop/MyMetier/vendor/laravel/framework/src/Illuminate/View/View.php(208): Livewire/Mechanisms/ExtendBlade/ExtendedCompilerEngine->get('C://Users//Mugahe...', Array)
#5 C:/Users/Mugahed/Desktop/MyMetier/vendor/laravel/framework/src/Illuminate/View/View.php(191): Illuminate/View/View->getContents()
#6 C:/Users/Mugahed/Desktop/MyMetier/vendor/laravel/framework/src/Illuminate/View/View.php(160): Illuminate/View/View->renderContents()
#7 C:/Users/Mugahed/Desktop/MyMetier/vendor/laravel/framework/src/Illuminate/View/Concerns/ManagesComponents.php(103): Illuminate/View/View->render()
#8 C:/Users/Mugahed/Desktop/MyMetier/storage/framework/views/78ed2e5f924c1c055e9eb840a313a364.php(718): Illuminate/View/Factory->renderComponent()
#9 C:/Users/Mugahed/Desktop/MyMetier/vendor/livewire/livewire/src/Mechanisms/ExtendBlade/ExtendedCompilerEngine.php(37): include('C://Users//Mugahe...')
#10 C:/Users/Mugahed/Desktop/MyMetier/vendor/livewire/livewire/src/Mechanisms/ExtendBlade/ExtendedCompilerEngine.php(38): App/Filament/Resources/UpgradeRequestResource/Pages/ListUpgradeRequests->{closure:Livewire/Mechanisms/ExtendBlade/ExtendedCompilerEngine::evaluatePath():35}()
#11 C:/Users/Mugahed/Desktop/MyMetier/vendor/laravel/framework/src/Illuminate/View/Engines/CompilerEngine.php(76): Livewire/Mechanisms/ExtendBlade/ExtendedCompilerEngine->evaluatePath('C://Users//Mugahe...', Array)
#12 C:/Users/Mugahed/Desktop/MyMetier/vendor/livewire/livewire/src/Mechanisms/ExtendBlade/ExtendedCompilerEngine.php(16): Illuminate/View/Engines/CompilerEngine->get('C://Users//Mugahe...', Array)
#13 C:/Users/Mugahed/Desktop/MyMetier/vendor/laravel/framework/src/Illuminate/View/View.php(208): Livewire/Mechanisms/ExtendBlade/ExtendedCompilerEngine->get('C://Users//Mugahe...', Array)
#14 C:/Users/Mugahed/Desktop/MyMetier/vendor/laravel/framework/src/Illuminate/View/View.php(191): Illuminate/View/View->getContents()
#15 C:/Users/Mugahed/Desktop/MyMetier/vendor/laravel/framework/src/Illuminate/View/View.php(160): Illuminate/View/View->renderContents()
#16 C:/Users/Mugahed/Desktop/MyMetier/vendor/filament/support/src/Components/ViewComponent.php(125): Illuminate/View/View->render()
#17 C:/Users/Mugahed/Desktop/MyMetier/vendor/filament/schemas/src/Components/Component.php(219): Filament/Support/Components/ViewComponent->toHtml()
#18 C:/Users/Mugahed/Desktop/MyMetier/vendor/filament/schemas/src/Schema.php(205): Filament/Schemas/Components/Component->toSchemaHtml(true)
#19 C:/Users/Mugahed/Desktop/MyMetier/vendor/filament/support/src/Components/ViewComponent.php(122): Filament/Schemas/Schema->toEmbeddedHtml()
#20 C:/Users/Mugahed/Desktop/MyMetier/vendor/laravel/framework/src/Illuminate/Support/helpers.php(131): Filament/Support/Components/ViewComponent->toHtml()
#21 C:/Users/Mugahed/Desktop/MyMetier/storage/framework/views/b30fc42f55b3966a4634d799d18b4b9a.php(13): e(Object(Filament/Schemas/Schema))
#22 C:/Users/Mugahed/Desktop/MyMetier/vendor/livewire/livewire/src/Mechanisms/ExtendBlade/ExtendedCompilerEngine.php(37): include('C://Users//Mugahe...')
#23 C:/Users/Mugahed/Desktop/MyMetier/vendor/livewire/livewire/src/Mechanisms/ExtendBlade/ExtendedCompilerEngine.php(38): App/Filament/Resources/UpgradeRequestResource/Pages/ListUpgradeRequests->{closure:Livewire/Mechanisms/ExtendBlade/ExtendedCompilerEngine::evaluatePath():35}()
#24 C:/Users/Mugahed/Desktop/MyMetier/vendor/laravel/framework/src/Illuminate/View/Engines/CompilerEngine.php(76): Livewire/Mechanisms/ExtendBlade/ExtendedCompilerEngine->evaluatePath('C://Users//Mugahe...', Array)
#25 C:/Users/Mugahed/Desktop/MyMetier/vendor/livewire/livewire/src/Mechanisms/ExtendBlade/ExtendedCompilerEngine.php(16): Illuminate/View/Engines/CompilerEngine->get('C://Users//Mugahe...', Array)
#26 C:/Users/Mugahed/Desktop/MyMetier/vendor/laravel/framework/src/Illuminate/View/View.php(208): Livewire/Mechanisms/ExtendBlade/ExtendedCompilerEngine->get('C://Users//Mugahe...', Array)
#27 C:/Users/Mugahed/Desktop/MyMetier/vendor/laravel/framework/src/Illuminate/View/View.php(191): Illuminate/View/View->getContents()
#28 C:/Users/Mugahed/Desktop/MyMetier/vendor/laravel/framework/src/Illuminate/View/View.php(160): Illuminate/View/View->renderContents()
#29 C:/Users/Mugahed/Desktop/MyMetier/vendor/livewire/livewire/src/Mechanisms/HandleComponents/HandleComponents.php(409): Illuminate/View/View->render(Object(Closure))
#30 C:/Users/Mugahed/Desktop/MyMetier/vendor/livewire/livewire/src/Mechanisms/HandleComponents/HandleComponents.php(460): Livewire/Mechanisms/HandleComponents/HandleComponents->{closure:Livewire/Mechanisms/HandleComponents/HandleComponents::render():401}()
#31 C:/Users/Mugahed/Desktop/MyMetier/vendor/livewire/livewire/src/Mechanisms/HandleComponents/HandleComponents.php(401): Livewire/Mechanisms/HandleComponents/HandleComponents->trackInRenderStack(Object(App/Filament/Resources/UpgradeRequestResource/Pages/ListUpgradeRequests), Object(Closure))
#32 C:/Users/Mugahed/Desktop/MyMetier/vendor/livewire/livewire/src/Mechanisms/HandleComponents/HandleComponents.php(80): Livewire/Mechanisms/HandleComponents/HandleComponents->render(Object(App/Filament/Resources/UpgradeRequestResource/Pages/ListUpgradeRequests), '<div></div>')
#33 C:/Users/Mugahed/Desktop/MyMetier/vendor/livewire/livewire/src/LivewireManager.php(102): Livewire/Mechanisms/HandleComponents/HandleComponents->mount('App//Filament//Re...', Array, NULL, Array)
#34 C:/Users/Mugahed/Desktop/MyMetier/vendor/livewire/livewire/src/Features/SupportPageComponents/HandlesPageComponents.php(19): Livewire/LivewireManager->mount('App//Filament//Re...', Array)
#35 C:/Users/Mugahed/Desktop/MyMetier/vendor/livewire/livewire/src/Features/SupportPageComponents/SupportPageComponents.php(118): Livewire/Component->{closure:Livewire/Features/SupportPageComponents/HandlesPageComponents::__invoke():14}()
#36 C:/Users/Mugahed/Desktop/MyMetier/vendor/livewire/livewire/src/Features/SupportPageComponents/HandlesPageComponents.php(14): Livewire/Features/SupportPageComponents/SupportPageComponents::interceptTheRenderOfTheComponentAndRetreiveTheLayoutConfiguration(Object(Closure))
#37 C:/Users/Mugahed/Desktop/MyMetier/vendor/laravel/framework/src/Illuminate/Routing/ControllerDispatcher.php(46): Livewire/Component->__invoke()
#38 C:/Users/Mugahed/Desktop/MyMetier/vendor/laravel/framework/src/Illuminate/Routing/Route.php(269): Illuminate/Routing/ControllerDispatcher->dispatch(Object(Illuminate/Routing/Route), Object(App/Filament/Resources/UpgradeRequestResource/Pages/ListUpgradeRequests), '__invoke')
#39 C:/Users/Mugahed/Desktop/MyMetier/vendor/laravel/framework/src/Illuminate/Routing/Route.php(215): Illuminate/Routing/Route->runController()
#40 C:/Users/Mugahed/Desktop/MyMetier/vendor/laravel/framework/src/Illuminate/Routing/Router.php(822): Illuminate/Routing/Route->run()
#41 C:/Users/Mugahed/Desktop/MyMetier/vendor/laravel/framework/src/Illuminate/Pipeline/Pipeline.php(180): Illuminate/Routing/Router->{closure:Illuminate/Routing/Router::runRouteWithinStack():821}(Object(Illuminate/Http/Request))
#42 C:/Users/Mugahed/Desktop/MyMetier/vendor/filament/filament/src/Http/Middleware/DispatchServingFilamentEvent.php(15): Illuminate/Pipeline/Pipeline->{closure:Illuminate/Pipeline/Pipeline::prepareDestination():178}(Object(Illuminate/Http/Request))
#43 C:/Users/Mugahed/Desktop/MyMetier/vendor/laravel/framework/src/Illuminate/Pipeline/Pipeline.php(219): Filament/Http/Middleware/DispatchServingFilamentEvent->handle(Object(Illuminate/Http/Request), Object(Closure))
#44 C:/Users/Mugahed/Desktop/MyMetier/vendor/filament/filament/src/Http/Middleware/DisableBladeIconComponents.php(14): Illuminate/Pipeline/Pipeline->{closure:{closure:Illuminate/Pipeline/Pipeline::carry():194}:195}(Object(Illuminate/Http/Request))
#45 C:/Users/Mugahed/Desktop/MyMetier/vendor/laravel/framework/src/Illuminate/Pipeline/Pipeline.php(219): Filament/Http/Middleware/DisableBladeIconComponents->handle(Object(Illuminate/Http/Request), Object(Closure))
#46 C:/Users/Mugahed/Desktop/MyMetier/vendor/laravel/framework/src/Illuminate/Routing/Middleware/SubstituteBindings.php(52): Illuminate/Pipeline/Pipeline->{closure:{closure:Illuminate/Pipeline/Pipeline::carry():194}:195}(Object(Illuminate/Http/Request))
#47 C:/Users/Mugahed/Desktop/MyMetier/vendor/laravel/framework/src/Illuminate/Pipeline/Pipeline.php(219): Illuminate/Routing/Middleware/SubstituteBindings->handle(Object(Illuminate/Http/Request), Object(Closure))
#48 C:/Users/Mugahed/Desktop/MyMetier/vendor/laravel/framework/src/Illuminate/Foundation/Http/Middleware/PreventRequestForgery.php(104): Illuminate/Pipeline/Pipeline->{closure:{closure:Illuminate/Pipeline/Pipeline::carry():194}:195}(Object(Illuminate/Http/Request))
#49 C:/Users/Mugahed/Desktop/MyMetier/vendor/laravel/framework/src/Illuminate/Pipeline/Pipeline.php(219): Illuminate/Foundation/Http/Middleware/PreventRequestForgery->handle(Object(Illuminate/Http/Request), Object(Closure))
#50 C:/Users/Mugahed/Desktop/MyMetier/vendor/laravel/framework/src/Illuminate/Session/Middleware/AuthenticateSession.php(70): Illuminate/Pipeline/Pipeline->{closure:{closure:Illuminate/Pipeline/Pipeline::carry():194}:195}(Object(Illuminate/Http/Request))
#51 C:/Users/Mugahed/Desktop/MyMetier/vendor/laravel/framework/src/Illuminate/Pipeline/Pipeline.php(219): Illuminate/Session/Middleware/AuthenticateSession->handle(Object(Illuminate/Http/Request), Object(Closure))
#52 C:/Users/Mugahed/Desktop/MyMetier/vendor/laravel/framework/src/Illuminate/Auth/Middleware/Authenticate.php(63): Illuminate/Pipeline/Pipeline->{closure:{closure:Illuminate/Pipeline/Pipeline::carry():194}:195}(Object(Illuminate/Http/Request))
#53 C:/Users/Mugahed/Desktop/MyMetier/vendor/laravel/framework/src/Illuminate/Pipeline/Pipeline.php(219): Illuminate/Auth/Middleware/Authenticate->handle(Object(Illuminate/Http/Request), Object(Closure))
#54 C:/Users/Mugahed/Desktop/MyMetier/vendor/laravel/framework/src/Illuminate/View/Middleware/ShareErrorsFromSession.php(48): Illuminate/Pipeline/Pipeline->{closure:{closure:Illuminate/Pipeline/Pipeline::carry():194}:195}(Object(Illuminate/Http/Request))
#55 C:/Users/Mugahed/Desktop/MyMetier/vendor/laravel/framework/src/Illuminate/Pipeline/Pipeline.php(219): Illuminate/View/Middleware/ShareErrorsFromSession->handle(Object(Illuminate/Http/Request), Object(Closure))
#56 C:/Users/Mugahed/Desktop/MyMetier/vendor/laravel/framework/src/Illuminate/Session/Middleware/StartSession.php(120): Illuminate/Pipeline/Pipeline->{closure:{closure:Illuminate/Pipeline/Pipeline::carry():194}:195}(Object(Illuminate/Http/Request))
#57 C:/Users/Mugahed/Desktop/MyMetier/vendor/laravel/framework/src/Illuminate/Session/Middleware/StartSession.php(63): Illuminate/Session/Middleware/StartSession->handleStatefulRequest(Object(Illuminate/Http/Request), Object(Illuminate/Session/Store), Object(Closure))
#58 C:/Users/Mugahed/Desktop/MyMetier/vendor/laravel/framework/src/Illuminate/Pipeline/Pipeline.php(219): Illuminate/Session/Middleware/StartSession->handle(Object(Illuminate/Http/Request), Object(Closure))
#59 C:/Users/Mugahed/Desktop/MyMetier/vendor/laravel/framework/src/Illuminate/Cookie/Middleware/AddQueuedCookiesToResponse.php(36): Illuminate/Pipeline/Pipeline->{closure:{closure:Illuminate/Pipeline/Pipeline::carry():194}:195}(Object(Illuminate/Http/Request))
#60 C:/Users/Mugahed/Desktop/MyMetier/vendor/laravel/framework/src/Illuminate/Pipeline/Pipeline.php(219): Illuminate/Cookie/Middleware/AddQueuedCookiesToResponse->handle(Object(Illuminate/Http/Request), Object(Closure))
#61 C:/Users/Mugahed/Desktop/MyMetier/vendor/laravel/framework/src/Illuminate/Cookie/Middleware/EncryptCookies.php(74): Illuminate/Pipeline/Pipeline->{closure:{closure:Illuminate/Pipeline/Pipeline::carry():194}:195}(Object(Illuminate/Http/Request))
#62 C:/Users/Mugahed/Desktop/MyMetier/vendor/laravel/framework/src/Illuminate/Pipeline/Pipeline.php(219): Illuminate/Cookie/Middleware/EncryptCookies->handle(Object(Illuminate/Http/Request), Object(Closure))
#63 C:/Users/Mugahed/Desktop/MyMetier/vendor/filament/filament/src/Http/Middleware/SetUpPanel.php(19): Illuminate/Pipeline/Pipeline->{closure:{closure:Illuminate/Pipeline/Pipeline::carry():194}:195}(Object(Illuminate/Http/Request))
#64 C:/Users/Mugahed/Desktop/MyMetier/vendor/laravel/framework/src/Illuminate/Pipeline/Pipeline.php(219): Filament/Http/Middleware/SetUpPanel->handle(Object(Illuminate/Http/Request), Object(Closure), Object(Filament/Panel))
#65 C:/Users/Mugahed/Desktop/MyMetier/vendor/laravel/framework/src/Illuminate/Pipeline/Pipeline.php(137): Illuminate/Pipeline/Pipeline->{closure:{closure:Illuminate/Pipeline/Pipeline::carry():194}:195}(Object(Illuminate/Http/Request))
#66 C:/Users/Mugahed/Desktop/MyMetier/vendor/laravel/framework/src/Illuminate/Routing/Router.php(821): Illuminate/Pipeline/Pipeline->then(Object(Closure))
#67 C:/Users/Mugahed/Desktop/MyMetier/vendor/laravel/framework/src/Illuminate/Routing/Router.php(800): Illuminate/Routing/Router->runRouteWithinStack(Object(Illuminate/Routing/Route), Object(Illuminate/Http/Request))
#68 C:/Users/Mugahed/Desktop/MyMetier/vendor/laravel/framework/src/Illuminate/Routing/Router.php(764): Illuminate/Routing/Router->runRoute(Object(Illuminate/Http/Request), Object(Illuminate/Routing/Route))
#69 C:/Users/Mugahed/Desktop/MyMetier/vendor/laravel/framework/src/Illuminate/Routing/Router.php(753): Illuminate/Routing/Router->dispatchToRoute(Object(Illuminate/Http/Request))
#70 C:/Users/Mugahed/Desktop/MyMetier/vendor/laravel/framework/src/Illuminate/Foundation/Http/Kernel.php(200): Illuminate/Routing/Router->dispatch(Object(Illuminate/Http/Request))
#71 C:/Users/Mugahed/Desktop/MyMetier/vendor/laravel/framework/src/Illuminate/Pipeline/Pipeline.php(180): Illuminate/Foundation/Http/Kernel->{closure:Illuminate/Foundation/Http/Kernel::dispatchToRouter():197}(Object(Illuminate/Http/Request))
#72 C:/Users/Mugahed/Desktop/MyMetier/vendor/livewire/livewire/src/Features/SupportDisablingBackButtonCache/DisableBackButtonCacheMiddleware.php(19): Illuminate/Pipeline/Pipeline->{closure:Illuminate/Pipeline/Pipeline::prepareDestination():178}(Object(Illuminate/Http/Request))
#73 C:/Users/Mugahed/Desktop/MyMetier/vendor/laravel/framework/src/Illuminate/Pipeline/Pipeline.php(219): Livewire/Features/SupportDisablingBackButtonCache/DisableBackButtonCacheMiddleware->handle(Object(Illuminate/Http/Request), Object(Closure))
#74 C:/Users/Mugahed/Desktop/MyMetier/vendor/laravel/framework/src/Illuminate/Foundation/Http/Middleware/TransformsRequest.php(21): Illuminate/Pipeline/Pipeline->{closure:{closure:Illuminate/Pipeline/Pipeline::carry():194}:195}(Object(Illuminate/Http/Request))
#75 C:/Users/Mugahed/Desktop/MyMetier/vendor/laravel/framework/src/Illuminate/Foundation/Http/Middleware/ConvertEmptyStringsToNull.php(31): Illuminate/Foundation/Http/Middleware/TransformsRequest->handle(Object(Illuminate/Http/Request), Object(Closure))
#76 C:/Users/Mugahed/Desktop/MyMetier/vendor/laravel/framework/src/Illuminate/Pipeline/Pipeline.php(219): Illuminate/Foundation/Http/Middleware/ConvertEmptyStringsToNull->handle(Object(Illuminate/Http/Request), Object(Closure))
#77 C:/Users/Mugahed/Desktop/MyMetier/vendor/laravel/framework/src/Illuminate/Foundation/Http/Middleware/TransformsRequest.php(21): Illuminate/Pipeline/Pipeline->{closure:{closure:Illuminate/Pipeline/Pipeline::carry():194}:195}(Object(Illuminate/Http/Request))
#78 C:/Users/Mugahed/Desktop/MyMetier/vendor/laravel/framework/src/Illuminate/Foundation/Http/Middleware/TrimStrings.php(51): Illuminate/Foundation/Http/Middleware/TransformsRequest->handle(Object(Illuminate/Http/Request), Object(Closure))
#79 C:/Users/Mugahed/Desktop/MyMetier/vendor/laravel/framework/src/Illuminate/Pipeline/Pipeline.php(219): Illuminate/Foundation/Http/Middleware/TrimStrings->handle(Object(Illuminate/Http/Request), Object(Closure))
#80 C:/Users/Mugahed/Desktop/MyMetier/vendor/laravel/framework/src/Illuminate/Http/Middleware/ValidatePostSize.php(27): Illuminate/Pipeline/Pipeline->{closure:{closure:Illuminate/Pipeline/Pipeline::carry():194}:195}(Object(Illuminate/Http/Request))
#81 C:/Users/Mugahed/Desktop/MyMetier/vendor/laravel/framework/src/Illuminate/Pipeline/Pipeline.php(219): Illuminate/Http/Middleware/ValidatePostSize->handle(Object(Illuminate/Http/Request), Object(Closure))
#82 C:/Users/Mugahed/Desktop/MyMetier/vendor/laravel/framework/src/Illuminate/Foundation/Http/Middleware/PreventRequestsDuringMaintenance.php(109): Illuminate/Pipeline/Pipeline->{closure:{closure:Illuminate/Pipeline/Pipeline::carry():194}:195}(Object(Illuminate/Http/Request))
#83 C:/Users/Mugahed/Desktop/MyMetier/vendor/laravel/framework/src/Illuminate/Pipeline/Pipeline.php(219): Illuminate/Foundation/Http/Middleware/PreventRequestsDuringMaintenance->handle(Object(Illuminate/Http/Request), Object(Closure))
#84 C:/Users/Mugahed/Desktop/MyMetier/vendor/laravel/framework/src/Illuminate/Http/Middleware/HandleCors.php(61): Illuminate/Pipeline/Pipeline->{closure:{closure:Illuminate/Pipeline/Pipeline::carry():194}:195}(Object(Illuminate/Http/Request))
#85 C:/Users/Mugahed/Desktop/MyMetier/vendor/laravel/framework/src/Illuminate/Pipeline/Pipeline.php(219): Illuminate/Http/Middleware/HandleCors->handle(Object(Illuminate/Http/Request), Object(Closure))
#86 C:/Users/Mugahed/Desktop/MyMetier/vendor/laravel/framework/src/Illuminate/Http/Middleware/TrustProxies.php(58): Illuminate/Pipeline/Pipeline->{closure:{closure:Illuminate/Pipeline/Pipeline::carry():194}:195}(Object(Illuminate/Http/Request))
#87 C:/Users/Mugahed/Desktop/MyMetier/vendor/laravel/framework/src/Illuminate/Pipeline/Pipeline.php(219): Illuminate/Http/Middleware/TrustProxies->handle(Object(Illuminate/Http/Request), Object(Closure))
#88 C:/Users/Mugahed/Desktop/MyMetier/vendor/laravel/framework/src/Illuminate/Foundation/Http/Middleware/InvokeDeferredCallbacks.php(22): Illuminate/Pipeline/Pipeline->{closure:{closure:Illuminate/Pipeline/Pipeline::carry():194}:195}(Object(Illuminate/Http/Request))
#89 C:/Users/Mugahed/Desktop/MyMetier/vendor/laravel/framework/src/Illuminate/Pipeline/Pipeline.php(219): Illuminate/Foundation/Http/Middleware/InvokeDeferredCallbacks->handle(Object(Illuminate/Http/Request), Object(Closure))
#90 C:/Users/Mugahed/Desktop/MyMetier/vendor/laravel/framework/src/Illuminate/Http/Middleware/ValidatePathEncoding.php(28): Illuminate/Pipeline/Pipeline->{closure:{closure:Illuminate/Pipeline/Pipeline::carry():194}:195}(Object(Illuminate/Http/Request))
#91 C:/Users/Mugahed/Desktop/MyMetier/vendor/laravel/framework/src/Illuminate/Pipeline/Pipeline.php(219): Illuminate/Http/Middleware/ValidatePathEncoding->handle(Object(Illuminate/Http/Request), Object(Closure))
#92 C:/Users/Mugahed/Desktop/MyMetier/vendor/laravel/framework/src/Illuminate/Pipeline/Pipeline.php(137): Illuminate/Pipeline/Pipeline->{closure:{closure:Illuminate/Pipeline/Pipeline::carry():194}:195}(Object(Illuminate/Http/Request))
#93 C:/Users/Mugahed/Desktop/MyMetier/vendor/laravel/framework/src/Illuminate/Foundation/Http/Kernel.php(175): Illuminate/Pipeline/Pipeline->then(Object(Closure))
#94 C:/Users/Mugahed/Desktop/MyMetier/vendor/laravel/framework/src/Illuminate/Foundation/Http/Kernel.php(144): Illuminate/Foundation/Http/Kernel->sendRequestThroughRouter(Object(Illuminate/Http/Request))
#95 C:/Users/Mugahed/Desktop/MyMetier/vendor/laravel/framework/src/Illuminate/Foundation/Application.php(1220): Illuminate/Foundation/Http/Kernel->handle(Object(Illuminate/Http/Request))
#96 C:/Users/Mugahed/Desktop/MyMetier/public/index.php(20): Illuminate/Foundation/Application->handleRequest(Object(Illuminate/Http/Request))
#97 C:/Program Files/Herd/resources/app.asar.unpacked/resources/valet/server.php(139): require('C://Users//Mugahe...')
#98 {main}

[previous exception] [object] (ErrorException(code: 0): rename(C:\\Users\\Mugahed\\Desktop\\MyMetier\\storage\\framework\\views\\e6b6468.tmp,C:\\Users\\Mugahed\\Desktop\\MyMetier\\storage\\framework\\views/e6bbf84c1a66f7eb7db561a909ad557b.php): Access is denied (code: 5) at C:/Users/Mugahed/Desktop/MyMetier/vendor/laravel/framework/src/Illuminate/Filesystem/Filesystem.php:233)
[stacktrace]
#0 C:/Users/Mugahed/Desktop/MyMetier/vendor/laravel/framework/src/Illuminate/Foundation/Bootstrap/HandleExceptions.php(258): Illuminate/Foundation/Bootstrap/HandleExceptions->handleError(2, 'rename(C://Users...', 'C://Users//Mugahe...', 233)
#1 [internal function]: Illuminate/Foundation/Bootstrap/HandleExceptions->{closure:Illuminate/Foundation/Bootstrap/HandleExceptions::forwardsTo():257}(2, 'rename(C://Users...', 'C://Users//Mugahe...', 233)
#2 C:/Users/Mugahed/Desktop/MyMetier/vendor/laravel/framework/src/Illuminate/Filesystem/Filesystem.php(233): rename('C://Users//Mugahe...', 'C://Users//Mugahe...')
#3 C:/Users/Mugahed/Desktop/MyMetier/vendor/laravel/framework/src/Illuminate/View/Compilers/BladeCompiler.php(199): Illuminate/Filesystem/Filesystem->replace('C://Users//Mugahe...', '<?php $attribut...')
#4 C:/Users/Mugahed/Desktop/MyMetier/vendor/laravel/framework/src/Illuminate/View/Engines/CompilerEngine.php(68): Illuminate/View/Compilers/BladeCompiler->compile('C://Users//Mugahe...')
#5 C:/Users/Mugahed/Desktop/MyMetier/vendor/livewire/livewire/src/Mechanisms/ExtendBlade/ExtendedCompilerEngine.php(16): Illuminate/View/Engines/CompilerEngine->get('C://Users//Mugahe...', Array)
#6 C:/Users/Mugahed/Desktop/MyMetier/vendor/laravel/framework/src/Illuminate/View/View.php(208): Livewire/Mechanisms/ExtendBlade/ExtendedCompilerEngine->get('C://Users//Mugahe...', Array)
#7 C:/Users/Mugahed/Desktop/MyMetier/vendor/laravel/framework/src/Illuminate/View/View.php(191): Illuminate/View/View->getContents()
#8 C:/Users/Mugahed/Desktop/MyMetier/vendor/laravel/framework/src/Illuminate/View/View.php(160): Illuminate/View/View->renderContents()
#9 C:/Users/Mugahed/Desktop/MyMetier/vendor/laravel/framework/src/Illuminate/View/Concerns/ManagesComponents.php(103): Illuminate/View/View->render()
#10 C:/Users/Mugahed/Desktop/MyMetier/storage/framework/views/2b64b44ee506fd0bfdfe2e643dc5603b.php(107): Illuminate/View/Factory->renderComponent()
#11 C:/Users/Mugahed/Desktop/MyMetier/vendor/livewire/livewire/src/Mechanisms/ExtendBlade/ExtendedCompilerEngine.php(37): include('C://Users//Mugahe...')
#12 C:/Users/Mugahed/Desktop/MyMetier/vendor/livewire/livewire/src/Mechanisms/ExtendBlade/ExtendedCompilerEngine.php(38): App/Filament/Resources/UpgradeRequestResource/Pages/ListUpgradeRequests->{closure:Livewire/Mechanisms/ExtendBlade/ExtendedCompilerEngine::evaluatePath():35}()
#13 C:/Users/Mugahed/Desktop/MyMetier/vendor/laravel/framework/src/Illuminate/View/Engines/CompilerEngine.php(76): Livewire/Mechanisms/ExtendBlade/ExtendedCompilerEngine->evaluatePath('C://Users//Mugahe...', Array)
#14 C:/Users/Mugahed/Desktop/MyMetier/vendor/livewire/livewire/src/Mechanisms/ExtendBlade/ExtendedCompilerEngine.php(16): Illuminate/View/Engines/CompilerEngine->get('C://Users//Mugahe...', Array)
#15 C:/Users/Mugahed/Desktop/MyMetier/vendor/laravel/framework/src/Illuminate/View/View.php(208): Livewire/Mechanisms/ExtendBlade/ExtendedCompilerEngine->get('C://Users//Mugahe...', Array)
#16 C:/Users/Mugahed/Desktop/MyMetier/vendor/laravel/framework/src/Illuminate/View/View.php(191): Illuminate/View/View->getContents()
#17 C:/Users/Mugahed/Desktop/MyMetier/vendor/laravel/framework/src/Illuminate/View/View.php(160): Illuminate/View/View->renderContents()
#18 C:/Users/Mugahed/Desktop/MyMetier/vendor/laravel/framework/src/Illuminate/View/Concerns/ManagesComponents.php(103): Illuminate/View/View->render()
#19 C:/Users/Mugahed/Desktop/MyMetier/storage/framework/views/78ed2e5f924c1c055e9eb840a313a364.php(718): Illuminate/View/Factory->renderComponent()
#20 C:/Users/Mugahed/Desktop/MyMetier/vendor/livewire/livewire/src/Mechanisms/ExtendBlade/ExtendedCompilerEngine.php(37): include('C://Users//Mugahe...')
#21 C:/Users/Mugahed/Desktop/MyMetier/vendor/livewire/livewire/src/Mechanisms/ExtendBlade/ExtendedCompilerEngine.php(38): App/Filament/Resources/UpgradeRequestResource/Pages/ListUpgradeRequests->{closure:Livewire/Mechanisms/ExtendBlade/ExtendedCompilerEngine::evaluatePath():35}()
#22 C:/Users/Mugahed/Desktop/MyMetier/vendor/laravel/framework/src/Illuminate/View/Engines/CompilerEngine.php(76): Livewire/Mechanisms/ExtendBlade/ExtendedCompilerEngine->evaluatePath('C://Users//Mugahe...', Array)
#23 C:/Users/Mugahed/Desktop/MyMetier/vendor/livewire/livewire/src/Mechanisms/ExtendBlade/ExtendedCompilerEngine.php(16): Illuminate/View/Engines/CompilerEngine->get('C://Users//Mugahe...', Array)
#24 C:/Users/Mugahed/Desktop/MyMetier/vendor/laravel/framework/src/Illuminate/View/View.php(208): Livewire/Mechanisms/ExtendBlade/ExtendedCompilerEngine->get('C://Users//Mugahe...', Array)
#25 C:/Users/Mugahed/Desktop/MyMetier/vendor/laravel/framework/src/Illuminate/View/View.php(191): Illuminate/View/View->getContents()
#26 C:/Users/Mugahed/Desktop/MyMetier/vendor/laravel/framework/src/Illuminate/View/View.php(160): Illuminate/View/View->renderContents()
#27 C:/Users/Mugahed/Desktop/MyMetier/vendor/filament/support/src/Components/ViewComponent.php(125): Illuminate/View/View->render()
#28 C:/Users/Mugahed/Desktop/MyMetier/vendor/filament/schemas/src/Components/Component.php(219): Filament/Support/Components/ViewComponent->toHtml()
#29 C:/Users/Mugahed/Desktop/MyMetier/vendor/filament/schemas/src/Schema.php(205): Filament/Schemas/Components/Component->toSchemaHtml(true)
#30 C:/Users/Mugahed/Desktop/MyMetier/vendor/filament/support/src/Components/ViewComponent.php(122): Filament/Schemas/Schema->toEmbeddedHtml()
#31 C:/Users/Mugahed/Desktop/MyMetier/vendor/laravel/framework/src/Illuminate/Support/helpers.php(131): Filament/Support/Components/ViewComponent->toHtml()
#32 C:/Users/Mugahed/Desktop/MyMetier/storage/framework/views/b30fc42f55b3966a4634d799d18b4b9a.php(13): e(Object(Filament/Schemas/Schema))
#33 C:/Users/Mugahed/Desktop/MyMetier/vendor/livewire/livewire/src/Mechanisms/ExtendBlade/ExtendedCompilerEngine.php(37): include('C://Users//Mugahe...')
#34 C:/Users/Mugahed/Desktop/MyMetier/vendor/livewire/livewire/src/Mechanisms/ExtendBlade/ExtendedCompilerEngine.php(38): App/Filament/Resources/UpgradeRequestResource/Pages/ListUpgradeRequests->{closure:Livewire/Mechanisms/ExtendBlade/ExtendedCompilerEngine::evaluatePath():35}()
#35 C:/Users/Mugahed/Desktop/MyMetier/vendor/laravel/framework/src/Illuminate/View/Engines/CompilerEngine.php(76): Livewire/Mechanisms/ExtendBlade/ExtendedCompilerEngine->evaluatePath('C://Users//Mugahe...', Array)
#36 C:/Users/Mugahed/Desktop/MyMetier/vendor/livewire/livewire/src/Mechanisms/ExtendBlade/ExtendedCompilerEngine.php(16): Illuminate/View/Engines/CompilerEngine->get('C://Users//Mugahe...', Array)
#37 C:/Users/Mugahed/Desktop/MyMetier/vendor/laravel/framework/src/Illuminate/View/View.php(208): Livewire/Mechanisms/ExtendBlade/ExtendedCompilerEngine->get('C://Users//Mugahe...', Array)
#38 C:/Users/Mugahed/Desktop/MyMetier/vendor/laravel/framework/src/Illuminate/View/View.php(191): Illuminate/View/View->getContents()
#39 C:/Users/Mugahed/Desktop/MyMetier/vendor/laravel/framework/src/Illuminate/View/View.php(160): Illuminate/View/View->renderContents()
#40 C:/Users/Mugahed/Desktop/MyMetier/vendor/livewire/livewire/src/Mechanisms/HandleComponents/HandleComponents.php(409): Illuminate/View/View->render(Object(Closure))
#41 C:/Users/Mugahed/Desktop/MyMetier/vendor/livewire/livewire/src/Mechanisms/HandleComponents/HandleComponents.php(460): Livewire/Mechanisms/HandleComponents/HandleComponents->{closure:Livewire/Mechanisms/HandleComponents/HandleComponents::render():401}()
#42 C:/Users/Mugahed/Desktop/MyMetier/vendor/livewire/livewire/src/Mechanisms/HandleComponents/HandleComponents.php(401): Livewire/Mechanisms/HandleComponents/HandleComponents->trackInRenderStack(Object(App/Filament/Resources/UpgradeRequestResource/Pages/ListUpgradeRequests), Object(Closure))
#43 C:/Users/Mugahed/Desktop/MyMetier/vendor/livewire/livewire/src/Mechanisms/HandleComponents/HandleComponents.php(80): Livewire/Mechanisms/HandleComponents/HandleComponents->render(Object(App/Filament/Resources/UpgradeRequestResource/Pages/ListUpgradeRequests), '<div></div>')
#44 C:/Users/Mugahed/Desktop/MyMetier/vendor/livewire/livewire/src/LivewireManager.php(102): Livewire/Mechanisms/HandleComponents/HandleComponents->mount('App//Filament//Re...', Array, NULL, Array)
#45 C:/Users/Mugahed/Desktop/MyMetier/vendor/livewire/livewire/src/Features/SupportPageComponents/HandlesPageComponents.php(19): Livewire/LivewireManager->mount('App//Filament//Re...', Array)
#46 C:/Users/Mugahed/Desktop/MyMetier/vendor/livewire/livewire/src/Features/SupportPageComponents/SupportPageComponents.php(118): Livewire/Component->{closure:Livewire/Features/SupportPageComponents/HandlesPageComponents::__invoke():14}()
#47 C:/Users/Mugahed/Desktop/MyMetier/vendor/livewire/livewire/src/Features/SupportPageComponents/HandlesPageComponents.php(14): Livewire/Features/SupportPageComponents/SupportPageComponents::interceptTheRenderOfTheComponentAndRetreiveTheLayoutConfiguration(Object(Closure))
#48 C:/Users/Mugahed/Desktop/MyMetier/vendor/laravel/framework/src/Illuminate/Routing/ControllerDispatcher.php(46): Livewire/Component->__invoke()
#49 C:/Users/Mugahed/Desktop/MyMetier/vendor/laravel/framework/src/Illuminate/Routing/Route.php(269): Illuminate/Routing/ControllerDispatcher->dispatch(Object(Illuminate/Routing/Route), Object(App/Filament/Resources/UpgradeRequestResource/Pages/ListUpgradeRequests), '__invoke')
#50 C:/Users/Mugahed/Desktop/MyMetier/vendor/laravel/framework/src/Illuminate/Routing/Route.php(215): Illuminate/Routing/Route->runController()
#51 C:/Users/Mugahed/Desktop/MyMetier/vendor/laravel/framework/src/Illuminate/Routing/Router.php(822): Illuminate/Routing/Route->run()
#52 C:/Users/Mugahed/Desktop/MyMetier/vendor/laravel/framework/src/Illuminate/Pipeline/Pipeline.php(180): Illuminate/Routing/Router->{closure:Illuminate/Routing/Router::runRouteWithinStack():821}(Object(Illuminate/Http/Request))
#53 C:/Users/Mugahed/Desktop/MyMetier/vendor/filament/filament/src/Http/Middleware/DispatchServingFilamentEvent.php(15): Illuminate/Pipeline/Pipeline->{closure:Illuminate/Pipeline/Pipeline::prepareDestination():178}(Object(Illuminate/Http/Request))
#54 C:/Users/Mugahed/Desktop/MyMetier/vendor/laravel/framework/src/Illuminate/Pipeline/Pipeline.php(219): Filament/Http/Middleware/DispatchServingFilamentEvent->handle(Object(Illuminate/Http/Request), Object(Closure))
#55 C:/Users/Mugahed/Desktop/MyMetier/vendor/filament/filament/src/Http/Middleware/DisableBladeIconComponents.php(14): Illuminate/Pipeline/Pipeline->{closure:{closure:Illuminate/Pipeline/Pipeline::carry():194}:195}(Object(Illuminate/Http/Request))
#56 C:/Users/Mugahed/Desktop/MyMetier/vendor/laravel/framework/src/Illuminate/Pipeline/Pipeline.php(219): Filament/Http/Middleware/DisableBladeIconComponents->handle(Object(Illuminate/Http/Request), Object(Closure))
#57 C:/Users/Mugahed/Desktop/MyMetier/vendor/laravel/framework/src/Illuminate/Routing/Middleware/SubstituteBindings.php(52): Illuminate/Pipeline/Pipeline->{closure:{closure:Illuminate/Pipeline/Pipeline::carry():194}:195}(Object(Illuminate/Http/Request))
#58 C:/Users/Mugahed/Desktop/MyMetier/vendor/laravel/framework/src/Illuminate/Pipeline/Pipeline.php(219): Illuminate/Routing/Middleware/SubstituteBindings->handle(Object(Illuminate/Http/Request), Object(Closure))
#59 C:/Users/Mugahed/Desktop/MyMetier/vendor/laravel/framework/src/Illuminate/Foundation/Http/Middleware/PreventRequestForgery.php(104): Illuminate/Pipeline/Pipeline->{closure:{closure:Illuminate/Pipeline/Pipeline::carry():194}:195}(Object(Illuminate/Http/Request))
#60 C:/Users/Mugahed/Desktop/MyMetier/vendor/laravel/framework/src/Illuminate/Pipeline/Pipeline.php(219): Illuminate/Foundation/Http/Middleware/PreventRequestForgery->handle(Object(Illuminate/Http/Request), Object(Closure))
#61 C:/Users/Mugahed/Desktop/MyMetier/vendor/laravel/framework/src/Illuminate/Session/Middleware/AuthenticateSession.php(70): Illuminate/Pipeline/Pipeline->{closure:{closure:Illuminate/Pipeline/Pipeline::carry():194}:195}(Object(Illuminate/Http/Request))
#62 C:/Users/Mugahed/Desktop/MyMetier/vendor/laravel/framework/src/Illuminate/Pipeline/Pipeline.php(219): Illuminate/Session/Middleware/AuthenticateSession->handle(Object(Illuminate/Http/Request), Object(Closure))
#63 C:/Users/Mugahed/Desktop/MyMetier/vendor/laravel/framework/src/Illuminate/Auth/Middleware/Authenticate.php(63): Illuminate/Pipeline/Pipeline->{closure:{closure:Illuminate/Pipeline/Pipeline::carry():194}:195}(Object(Illuminate/Http/Request))
#64 C:/Users/Mugahed/Desktop/MyMetier/vendor/laravel/framework/src/Illuminate/Pipeline/Pipeline.php(219): Illuminate/Auth/Middleware/Authenticate->handle(Object(Illuminate/Http/Request), Object(Closure))
#65 C:/Users/Mugahed/Desktop/MyMetier/vendor/laravel/framework/src/Illuminate/View/Middleware/ShareErrorsFromSession.php(48): Illuminate/Pipeline/Pipeline->{closure:{closure:Illuminate/Pipeline/Pipeline::carry():194}:195}(Object(Illuminate/Http/Request))
#66 C:/Users/Mugahed/Desktop/MyMetier/vendor/laravel/framework/src/Illuminate/Pipeline/Pipeline.php(219): Illuminate/View/Middleware/ShareErrorsFromSession->handle(Object(Illuminate/Http/Request), Object(Closure))
#67 C:/Users/Mugahed/Desktop/MyMetier/vendor/laravel/framework/src/Illuminate/Session/Middleware/StartSession.php(120): Illuminate/Pipeline/Pipeline->{closure:{closure:Illuminate/Pipeline/Pipeline::carry():194}:195}(Object(Illuminate/Http/Request))
#68 C:/Users/Mugahed/Desktop/MyMetier/vendor/laravel/framework/src/Illuminate/Session/Middleware/StartSession.php(63): Illuminate/Session/Middleware/StartSession->handleStatefulRequest(Object(Illuminate/Http/Request), Object(Illuminate/Session/Store), Object(Closure))
#69 C:/Users/Mugahed/Desktop/MyMetier/vendor/laravel/framework/src/Illuminate/Pipeline/Pipeline.php(219): Illuminate/Session/Middleware/StartSession->handle(Object(Illuminate/Http/Request), Object(Closure))
#70 C:/Users/Mugahed/Desktop/MyMetier/vendor/laravel/framework/src/Illuminate/Cookie/Middleware/AddQueuedCookiesToResponse.php(36): Illuminate/Pipeline/Pipeline->{closure:{closure:Illuminate/Pipeline/Pipeline::carry():194}:195}(Object(Illuminate/Http/Request))
#71 C:/Users/Mugahed/Desktop/MyMetier/vendor/laravel/framework/src/Illuminate/Pipeline/Pipeline.php(219): Illuminate/Cookie/Middleware/AddQueuedCookiesToResponse->handle(Object(Illuminate/Http/Request), Object(Closure))
#72 C:/Users/Mugahed/Desktop/MyMetier/vendor/laravel/framework/src/Illuminate/Cookie/Middleware/EncryptCookies.php(74): Illuminate/Pipeline/Pipeline->{closure:{closure:Illuminate/Pipeline/Pipeline::carry():194}:195}(Object(Illuminate/Http/Request))
#73 C:/Users/Mugahed/Desktop/MyMetier/vendor/laravel/framework/src/Illuminate/Pipeline/Pipeline.php(219): Illuminate/Cookie/Middleware/EncryptCookies->handle(Object(Illuminate/Http/Request), Object(Closure))
#74 C:/Users/Mugahed/Desktop/MyMetier/vendor/filament/filament/src/Http/Middleware/SetUpPanel.php(19): Illuminate/Pipeline/Pipeline->{closure:{closure:Illuminate/Pipeline/Pipeline::carry():194}:195}(Object(Illuminate/Http/Request))
#75 C:/Users/Mugahed/Desktop/MyMetier/vendor/laravel/framework/src/Illuminate/Pipeline/Pipeline.php(219): Filament/Http/Middleware/SetUpPanel->handle(Object(Illuminate/Http/Request), Object(Closure), Object(Filament/Panel))
#76 C:/Users/Mugahed/Desktop/MyMetier/vendor/laravel/framework/src/Illuminate/Pipeline/Pipeline.php(137): Illuminate/Pipeline/Pipeline->{closure:{closure:Illuminate/Pipeline/Pipeline::carry():194}:195}(Object(Illuminate/Http/Request))
#77 C:/Users/Mugahed/Desktop/MyMetier/vendor/laravel/framework/src/Illuminate/Routing/Router.php(821): Illuminate/Pipeline/Pipeline->then(Object(Closure))
#78 C:/Users/Mugahed/Desktop/MyMetier/vendor/laravel/framework/src/Illuminate/Routing/Router.php(800): Illuminate/Routing/Router->runRouteWithinStack(Object(Illuminate/Routing/Route), Object(Illuminate/Http/Request))
#79 C:/Users/Mugahed/Desktop/MyMetier/vendor/laravel/framework/src/Illuminate/Routing/Router.php(764): Illuminate/Routing/Router->runRoute(Object(Illuminate/Http/Request), Object(Illuminate/Routing/Route))
#80 C:/Users/Mugahed/Desktop/MyMetier/vendor/laravel/framework/src/Illuminate/Routing/Router.php(753): Illuminate/Routing/Router->dispatchToRoute(Object(Illuminate/Http/Request))
#81 C:/Users/Mugahed/Desktop/MyMetier/vendor/laravel/framework/src/Illuminate/Foundation/Http/Kernel.php(200): Illuminate/Routing/Router->dispatch(Object(Illuminate/Http/Request))
#82 C:/Users/Mugahed/Desktop/MyMetier/vendor/laravel/framework/src/Illuminate/Pipeline/Pipeline.php(180): Illuminate/Foundation/Http/Kernel->{closure:Illuminate/Foundation/Http/Kernel::dispatchToRouter():197}(Object(Illuminate/Http/Request))
#83 C:/Users/Mugahed/Desktop/MyMetier/vendor/livewire/livewire/src/Features/SupportDisablingBackButtonCache/DisableBackButtonCacheMiddleware.php(19): Illuminate/Pipeline/Pipeline->{closure:Illuminate/Pipeline/Pipeline::prepareDestination():178}(Object(Illuminate/Http/Request))
#84 C:/Users/Mugahed/Desktop/MyMetier/vendor/laravel/framework/src/Illuminate/Pipeline/Pipeline.php(219): Livewire/Features/SupportDisablingBackButtonCache/DisableBackButtonCacheMiddleware->handle(Object(Illuminate/Http/Request), Object(Closure))
#85 C:/Users/Mugahed/Desktop/MyMetier/vendor/laravel/framework/src/Illuminate/Foundation/Http/Middleware/TransformsRequest.php(21): Illuminate/Pipeline/Pipeline->{closure:{closure:Illuminate/Pipeline/Pipeline::carry():194}:195}(Object(Illuminate/Http/Request))
#86 C:/Users/Mugahed/Desktop/MyMetier/vendor/laravel/framework/src/Illuminate/Foundation/Http/Middleware/ConvertEmptyStringsToNull.php(31): Illuminate/Foundation/Http/Middleware/TransformsRequest->handle(Object(Illuminate/Http/Request), Object(Closure))
#87 C:/Users/Mugahed/Desktop/MyMetier/vendor/laravel/framework/src/Illuminate/Pipeline/Pipeline.php(219): Illuminate/Foundation/Http/Middleware/ConvertEmptyStringsToNull->handle(Object(Illuminate/Http/Request), Object(Closure))
#88 C:/Users/Mugahed/Desktop/MyMetier/vendor/laravel/framework/src/Illuminate/Foundation/Http/Middleware/TransformsRequest.php(21): Illuminate/Pipeline/Pipeline->{closure:{closure:Illuminate/Pipeline/Pipeline::carry():194}:195}(Object(Illuminate/Http/Request))
#89 C:/Users/Mugahed/Desktop/MyMetier/vendor/laravel/framework/src/Illuminate/Foundation/Http/Middleware/TrimStrings.php(51): Illuminate/Foundation/Http/Middleware/TransformsRequest->handle(Object(Illuminate/Http/Request), Object(Closure))
#90 C:/Users/Mugahed/Desktop/MyMetier/vendor/laravel/framework/src/Illuminate/Pipeline/Pipeline.php(219): Illuminate/Foundation/Http/Middleware/TrimStrings->handle(Object(Illuminate/Http/Request), Object(Closure))
#91 C:/Users/Mugahed/Desktop/MyMetier/vendor/laravel/framework/src/Illuminate/Http/Middleware/ValidatePostSize.php(27): Illuminate/Pipeline/Pipeline->{closure:{closure:Illuminate/Pipeline/Pipeline::carry():194}:195}(Object(Illuminate/Http/Request))
#92 C:/Users/Mugahed/Desktop/MyMetier/vendor/laravel/framework/src/Illuminate/Pipeline/Pipeline.php(219): Illuminate/Http/Middleware/ValidatePostSize->handle(Object(Illuminate/Http/Request), Object(Closure))
#93 C:/Users/Mugahed/Desktop/MyMetier/vendor/laravel/framework/src/Illuminate/Foundation/Http/Middleware/PreventRequestsDuringMaintenance.php(109): Illuminate/Pipeline/Pipeline->{closure:{closure:Illuminate/Pipeline/Pipeline::carry():194}:195}(Object(Illuminate/Http/Request))
#94 C:/Users/Mugahed/Desktop/MyMetier/vendor/laravel/framework/src/Illuminate/Pipeline/Pipeline.php(219): Illuminate/Foundation/Http/Middleware/PreventRequestsDuringMaintenance->handle(Object(Illuminate/Http/Request), Object(Closure))
#95 C:/Users/Mugahed/Desktop/MyMetier/vendor/laravel/framework/src/Illuminate/Http/Middleware/HandleCors.php(61): Illuminate/Pipeline/Pipeline->{closure:{closure:Illuminate/Pipeline/Pipeline::carry():194}:195}(Object(Illuminate/Http/Request))
#96 C:/Users/Mugahed/Desktop/MyMetier/vendor/laravel/framework/src/Illuminate/Pipeline/Pipeline.php(219): Illuminate/Http/Middleware/HandleCors->handle(Object(Illuminate/Http/Request), Object(Closure))
#97 C:/Users/Mugahed/Desktop/MyMetier/vendor/laravel/framework/src/Illuminate/Http/Middleware/TrustProxies.php(58): Illuminate/Pipeline/Pipeline->{closure:{closure:Illuminate/Pipeline/Pipeline::carry():194}:195}(Object(Illuminate/Http/Request))
#98 C:/Users/Mugahed/Desktop/MyMetier/vendor/laravel/framework/src/Illuminate/Pipeline/Pipeline.php(219): Illuminate/Http/Middleware/TrustProxies->handle(Object(Illuminate/Http/Request), Object(Closure))
#99 C:/Users/Mugahed/Desktop/MyMetier/vendor/laravel/framework/src/Illuminate/Foundation/Http/Middleware/InvokeDeferredCallbacks.php(22): Illuminate/Pipeline/Pipeline->{closure:{closure:Illuminate/Pipeline/Pipeline::carry():194}:195}(Object(Illuminate/Http/Request))
#100 C:/Users/Mugahed/Desktop/MyMetier/vendor/laravel/framework/src/Illuminate/Pipeline/Pipeline.php(219): Illuminate/Foundation/Http/Middleware/InvokeDeferredCallbacks->handle(Object(Illuminate/Http/Request), Object(Closure))
#101 C:/Users/Mugahed/Desktop/MyMetier/vendor/laravel/framework/src/Illuminate/Http/Middleware/ValidatePathEncoding.php(28): Illuminate/Pipeline/Pipeline->{closure:{closure:Illuminate/Pipeline/Pipeline::carry():194}:195}(Object(Illuminate/Http/Request))
#102 C:/Users/Mugahed/Desktop/MyMetier/vendor/laravel/framework/src/Illuminate/Pipeline/Pipeline.php(219): Illuminate/Http/Middleware/ValidatePathEncoding->handle(Object(Illuminate/Http/Request), Object(Closure))
#103 C:/Users/Mugahed/Desktop/MyMetier/vendor/laravel/framework/src/Illuminate/Pipeline/Pipeline.php(137): Illuminate/Pipeline/Pipeline->{closure:{closure:Illuminate/Pipeline/Pipeline::carry():194}:195}(Object(Illuminate/Http/Request))
#104 C:/Users/Mugahed/Desktop/MyMetier/vendor/laravel/framework/src/Illuminate/Foundation/Http/Kernel.php(175): Illuminate/Pipeline/Pipeline->then(Object(Closure))
#105 C:/Users/Mugahed/Desktop/MyMetier/vendor/laravel/framework/src/Illuminate/Foundation/Http/Kernel.php(144): Illuminate/Foundation/Http/Kernel->sendRequestThroughRouter(Object(Illuminate/Http/Request))
#106 C:/Users/Mugahed/Desktop/MyMetier/vendor/laravel/framework/src/Illuminate/Foundation/Application.php(1220): Illuminate/Foundation/Http/Kernel->handle(Object(Illuminate/Http/Request))
#107 C:/Users/Mugahed/Desktop/MyMetier/public/index.php(20): Illuminate/Foundation/Application->handleRequest(Object(Illuminate/Http/Request))
#108 C:/Program Files/Herd/resources/app.asar.unpacked/resources/valet/server.php(139): require('C://Users//Mugahe...')
#109 {main}
"} 
[2026-04-01 04:47:40] local.ERROR: Maximum execution time of 30 seconds exceeded {"user_id":1,"url":"http://mymetier.test/admin/upgrade-requests","userId":1,"exception":"[object] (Symfony\\Component\\ErrorHandler\\Error\\FatalError(code: 0): Maximum execution time of 30 seconds exceeded at C:/Users/Mugahed/Desktop/MyMetier/storage/framework/views/add8fbb6e0cba3600a5eccce2d42ce94.php:1)
[stacktrace]
#0 {main}
"} 
[2026-04-01 05:45:35] local.DEBUG: REQUEST TIME {"url":"http://mymetier.test","time_ms":6349.55,"memory_mb":12.0} 
[2026-04-01 05:45:35] local.WARNING: SLOW REQUEST ALERT {"url":"http://mymetier.test","time_ms":6349.55,"memory_mb":12.0} 
[2026-04-01 05:47:07] local.DEBUG: REQUEST TIME {"url":"http://mymetier.test/livewire-f00c2fb8/update","time_ms":317.58,"memory_mb":10.0} 
[2026-04-01 05:47:11] local.DEBUG: REQUEST TIME {"url":"http://mymetier.test/search","time_ms":3297.31,"memory_mb":10.0} 
[2026-04-01 05:47:11] local.WARNING: SLOW REQUEST ALERT {"url":"http://mymetier.test/search","time_ms":3297.31,"memory_mb":10.0} 
[2026-04-01 05:47:29] local.DEBUG: REQUEST TIME {"url":"http://mymetier.test/livewire-f00c2fb8/update","time_ms":181.73,"memory_mb":10.0} 
[2026-04-01 05:47:38] local.DEBUG: REQUEST TIME {"url":"http://mymetier.test/livewire-f00c2fb8/update","time_ms":74.75,"memory_mb":10.0} 
[2026-04-01 05:47:43] local.DEBUG: REQUEST TIME {"url":"http://mymetier.test/professionals/2","time_ms":1763.72,"memory_mb":10.0} 
[2026-04-01 05:47:43] local.WARNING: SLOW REQUEST ALERT {"url":"http://mymetier.test/professionals/2","time_ms":1763.72,"memory_mb":10.0} 
[2026-04-01 05:48:24] local.DEBUG: REQUEST TIME {"url":"http://mymetier.test/search","time_ms":42.42,"memory_mb":10.0} 
[2026-04-01 05:49:02] local.DEBUG: REQUEST TIME {"url":"http://mymetier.test/dashboard","time_ms":1609.21,"memory_mb":10.0} 
[2026-04-01 05:49:02] local.WARNING: SLOW REQUEST ALERT {"url":"http://mymetier.test/dashboard","time_ms":1609.21,"memory_mb":10.0} 
[2026-04-01 05:49:03] local.DEBUG: REQUEST TIME {"url":"http://mymetier.test/search","time_ms":34.9,"memory_mb":10.0} 
[2026-04-01 05:49:05] local.DEBUG: REQUEST TIME {"url":"http://mymetier.test/dashboard","time_ms":41.08,"memory_mb":10.0} 
[2026-04-01 05:49:35] local.DEBUG: REQUEST TIME {"url":"http://mymetier.test/search","time_ms":71.06,"memory_mb":10.0} 
[2026-04-01 05:49:41] local.ERROR: Maximum execution time of 30 seconds exceeded {"user_id":1,"url":"http://mymetier.test/admin","userId":1,"exception":"[object] (Symfony\\Component\\ErrorHandler\\Error\\FatalError(code: 0): Maximum execution time of 30 seconds exceeded at C:/Users/Mugahed/Desktop/MyMetier/storage/framework/views/9e0b10ba7cd17e079211a7a6fcf46dbc.php:1)
[stacktrace]
#0 {main}
"} 
[2026-04-01 05:49:55] local.DEBUG: REQUEST TIME {"url":"http://mymetier.test/dashboard","time_ms":16.4,"memory_mb":10.0} 
[2026-04-01 05:50:07] local.DEBUG: REQUEST TIME {"url":"http://mymetier.test/search","time_ms":49.6,"memory_mb":10.0} 
[2026-04-01 05:50:13] local.DEBUG: REQUEST TIME {"url":"http://mymetier.test/professionals/4","time_ms":64.47,"memory_mb":10.0} 
[2026-04-01 05:51:07] local.DEBUG: REQUEST TIME {"url":"http://mymetier.test/logout","time_ms":165.18,"memory_mb":8.0} 
[2026-04-01 05:51:07] local.DEBUG: REQUEST TIME {"url":"http://mymetier.test","time_ms":13.02,"memory_mb":10.0} 
[2026-04-01 05:51:10] local.DEBUG: REQUEST TIME {"url":"http://mymetier.test/register","time_ms":193.18,"memory_mb":8.0} 
[2026-04-01 05:52:29] local.DEBUG: REQUEST TIME {"url":"http://mymetier.test/livewire-f00c2fb8/update","time_ms":1057.88,"memory_mb":10.0} 
[2026-04-01 05:52:29] local.WARNING: SLOW REQUEST ALERT {"url":"http://mymetier.test/livewire-f00c2fb8/update","time_ms":1057.88,"memory_mb":10.0} 
[2026-04-01 05:52:29] local.DEBUG: REQUEST TIME {"url":"http://mymetier.test","time_ms":17.05,"memory_mb":10.0} 
[2026-04-01 05:52:57] local.DEBUG: REQUEST TIME {"url":"http://mymetier.test/search","time_ms":37.81,"memory_mb":10.0} 
[2026-04-01 05:53:04] local.DEBUG: REQUEST TIME {"url":"http://mymetier.test/livewire-f00c2fb8/update","time_ms":48.05,"memory_mb":10.0} 
[2026-04-01 05:53:14] local.DEBUG: REQUEST TIME {"url":"http://mymetier.test/dashboard","time_ms":121.22,"memory_mb":10.0} 
[2026-04-01 05:53:24] local.DEBUG: REQUEST TIME {"url":"http://mymetier.test/upgrade","time_ms":1573.39,"memory_mb":10.0} 
[2026-04-01 05:53:24] local.WARNING: SLOW REQUEST ALERT {"url":"http://mymetier.test/upgrade","time_ms":1573.39,"memory_mb":10.0} 
[2026-04-01 05:54:20] local.DEBUG: REQUEST TIME {"url":"http://mymetier.test/livewire-f00c2fb8/update","time_ms":14.16,"memory_mb":10.0} 
[2026-04-01 05:54:24] local.DEBUG: REQUEST TIME {"url":"http://mymetier.test/livewire-f00c2fb8/update","time_ms":16.91,"memory_mb":10.0} 
[2026-04-01 05:55:04] local.DEBUG: REQUEST TIME {"url":"http://mymetier.test/livewire-f00c2fb8/update","time_ms":228.59,"memory_mb":10.0} 
[2026-04-01 05:55:06] local.DEBUG: REQUEST TIME {"url":"http://mymetier.test/livewire-f00c2fb8/upload-file","time_ms":1788.8,"memory_mb":20.0} 
[2026-04-01 05:55:06] local.WARNING: SLOW REQUEST ALERT {"url":"http://mymetier.test/livewire-f00c2fb8/upload-file","time_ms":1788.8,"memory_mb":20.0} 
[2026-04-01 05:55:06] local.DEBUG: REQUEST TIME {"url":"http://mymetier.test/livewire-f00c2fb8/update","time_ms":131.17,"memory_mb":10.0} 
[2026-04-01 05:55:19] local.DEBUG: REQUEST TIME {"url":"http://mymetier.test/livewire-f00c2fb8/update","time_ms":305.55,"memory_mb":18.0} 
[2026-04-01 05:56:23] local.DEBUG: REQUEST TIME {"url":"http://mymetier.test/livewire-f00c2fb8/update","time_ms":51.85,"memory_mb":18.0} 
[2026-04-01 05:56:26] local.DEBUG: REQUEST TIME {"url":"http://mymetier.test/pro-dashboard","time_ms":2940.51,"memory_mb":10.0} 
[2026-04-01 05:56:26] local.WARNING: SLOW REQUEST ALERT {"url":"http://mymetier.test/pro-dashboard","time_ms":2940.51,"memory_mb":10.0} 
[2026-04-01 05:57:09] local.DEBUG: REQUEST TIME {"url":"http://mymetier.test/livewire-f00c2fb8/update","time_ms":64.83,"memory_mb":10.0} 
[2026-04-01 05:57:17] local.DEBUG: REQUEST TIME {"url":"http://mymetier.test/livewire-f00c2fb8/update","time_ms":27.02,"memory_mb":10.0} 
[2026-04-01 05:57:46] local.DEBUG: REQUEST TIME {"url":"http://mymetier.test/pro-dashboard","time_ms":19.46,"memory_mb":10.0} 
[2026-04-01 05:57:59] local.DEBUG: REQUEST TIME {"url":"http://mymetier.test/livewire-f00c2fb8/update","time_ms":38.33,"memory_mb":10.0} 
[2026-04-01 05:58:04] local.DEBUG: REQUEST TIME {"url":"http://mymetier.test/livewire-f00c2fb8/update","time_ms":29.67,"memory_mb":10.0} 
[2026-04-01 05:58:31] local.DEBUG: REQUEST TIME {"url":"http://mymetier.test/logout","time_ms":17.87,"memory_mb":8.0} 
[2026-04-01 05:58:31] local.DEBUG: REQUEST TIME {"url":"http://mymetier.test","time_ms":80.35,"memory_mb":10.0} 
[2026-04-01 05:58:34] local.DEBUG: REQUEST TIME {"url":"http://mymetier.test/login","time_ms":138.11,"memory_mb":10.0} 
[2026-04-01 05:58:45] local.DEBUG: REQUEST TIME {"url":"http://mymetier.test/livewire-f00c2fb8/update","time_ms":353.73,"memory_mb":10.0} 
[2026-04-01 05:58:59] local.DEBUG: REQUEST TIME {"url":"http://mymetier.test/livewire-f00c2fb8/update","time_ms":338.07,"memory_mb":8.0} 
[2026-04-01 05:58:59] local.DEBUG: REQUEST TIME {"url":"http://mymetier.test","time_ms":12.82,"memory_mb":10.0} 
[2026-04-01 05:59:21] local.DEBUG: REQUEST TIME {"url":"http://mymetier.test/dashboard","time_ms":16.97,"memory_mb":10.0} 
[2026-04-01 05:59:46] local.DEBUG: REQUEST TIME {"url":"http://mymetier.test/dashboard","time_ms":29.93,"memory_mb":10.0} 
[2026-04-01 06:00:40] local.DEBUG: REQUEST TIME {"url":"http://mymetier.test/admin/identity-document","time_ms":13.32,"memory_mb":16.0} 
[2026-04-01 06:01:31] local.DEBUG: REQUEST TIME {"url":"http://mymetier.test/search","time_ms":42.3,"memory_mb":12.0} 
[2026-04-01 06:04:03] local.DEBUG: REQUEST TIME {"url":"http://mymetier.test","time_ms":19.88,"memory_mb":10.0} 
[2026-04-01 06:04:11] local.DEBUG: REQUEST TIME {"url":"http://mymetier.test/livewire-f00c2fb8/update","time_ms":11.62,"memory_mb":8.0} 
[2026-04-01 06:04:11] local.DEBUG: REQUEST TIME {"url":"http://mymetier.test/search","time_ms":46.36,"memory_mb":10.0} 
[2026-04-01 06:04:19] local.DEBUG: REQUEST TIME {"url":"http://mymetier.test/professionals/1","time_ms":67.93,"memory_mb":12.0} 
[2026-04-01 06:04:26] local.DEBUG: REQUEST TIME {"url":"http://mymetier.test/search","time_ms":39.01,"memory_mb":10.0} 
[2026-04-01 06:04:31] local.DEBUG: REQUEST TIME {"url":"http://mymetier.test/professionals/4","time_ms":47.49,"memory_mb":10.0} 
[2026-04-01 06:04:51] local.DEBUG: REQUEST TIME {"url":"http://mymetier.test/search","time_ms":42.31,"memory_mb":10.0} 
[2026-04-01 06:04:54] local.DEBUG: REQUEST TIME {"url":"http://mymetier.test/professionals/2","time_ms":81.41,"memory_mb":10.0} 
[2026-04-01 06:05:16] local.DEBUG: REQUEST TIME {"url":"http://mymetier.test/logout","time_ms":12.95,"memory_mb":10.0} 
[2026-04-01 06:05:16] local.DEBUG: REQUEST TIME {"url":"http://mymetier.test/logout","time_ms":1.12,"memory_mb":8.0} 
[2026-04-01 06:05:17] local.DEBUG: REQUEST TIME {"url":"http://mymetier.test","time_ms":16.57,"memory_mb":10.0} 
[2026-04-01 06:05:22] local.DEBUG: REQUEST TIME {"url":"http://mymetier.test/login","time_ms":8.42,"memory_mb":10.0} 
[2026-04-01 06:05:29] local.DEBUG: REQUEST TIME {"url":"http://mymetier.test/register","time_ms":8.59,"memory_mb":8.0} 
[2026-04-01 06:06:11] local.DEBUG: REQUEST TIME {"url":"http://mymetier.test/livewire-f00c2fb8/update","time_ms":334.08,"memory_mb":8.0} 
[2026-04-01 06:06:11] local.DEBUG: REQUEST TIME {"url":"http://mymetier.test","time_ms":9.84,"memory_mb":10.0} 
[2026-04-01 06:06:17] local.DEBUG: REQUEST TIME {"url":"http://mymetier.test/livewire-f00c2fb8/update","time_ms":9.2,"memory_mb":8.0} 
[2026-04-01 06:06:17] local.DEBUG: REQUEST TIME {"url":"http://mymetier.test/search","time_ms":35.77,"memory_mb":10.0} 
[2026-04-01 06:06:33] local.DEBUG: REQUEST TIME {"url":"http://mymetier.test/livewire-f00c2fb8/update","time_ms":57.07,"memory_mb":10.0} 
[2026-04-01 06:07:01] local.DEBUG: REQUEST TIME {"url":"http://mymetier.test/professionals/4","time_ms":51.18,"memory_mb":10.0} 
[2026-04-01 06:07:07] local.DEBUG: REQUEST TIME {"url":"http://mymetier.test/livewire-f00c2fb8/update","time_ms":36.54,"memory_mb":8.0} 
[2026-04-01 06:07:16] local.DEBUG: REQUEST TIME {"url":"http://mymetier.test/professionals/4","time_ms":49.05,"memory_mb":10.0} 
[2026-04-01 06:07:22] local.DEBUG: REQUEST TIME {"url":"http://mymetier.test/dashboard","time_ms":22.75,"memory_mb":10.0} 
[2026-04-01 06:07:30] local.DEBUG: REQUEST TIME {"url":"http://mymetier.test/search","time_ms":56.45,"memory_mb":10.0} 
[2026-04-01 06:07:32] local.DEBUG: REQUEST TIME {"url":"http://mymetier.test/livewire-f00c2fb8/update","time_ms":54.68,"memory_mb":10.0} 
[2026-04-01 06:07:35] local.DEBUG: REQUEST TIME {"url":"http://mymetier.test/dashboard","time_ms":31.02,"memory_mb":10.0} 
[2026-04-01 06:07:45] local.DEBUG: REQUEST TIME {"url":"http://mymetier.test/upgrade","time_ms":19.5,"memory_mb":10.0} 
[2026-04-01 06:08:18] local.DEBUG: REQUEST TIME {"url":"http://mymetier.test/livewire-f00c2fb8/update","time_ms":13.77,"memory_mb":10.0} 
[2026-04-01 06:08:22] local.DEBUG: REQUEST TIME {"url":"http://mymetier.test/livewire-f00c2fb8/update","time_ms":15.26,"memory_mb":10.0} 
[2026-04-01 06:08:43] local.DEBUG: REQUEST TIME {"url":"http://mymetier.test/livewire-f00c2fb8/update","time_ms":19.4,"memory_mb":10.0} 
[2026-04-01 06:08:43] local.DEBUG: REQUEST TIME {"url":"http://mymetier.test/livewire-f00c2fb8/upload-file","time_ms":18.93,"memory_mb":18.0} 
[2026-04-01 06:08:43] local.DEBUG: REQUEST TIME {"url":"http://mymetier.test/livewire-f00c2fb8/update","time_ms":11.43,"memory_mb":10.0} 
[2026-04-01 06:08:57] local.DEBUG: REQUEST TIME {"url":"http://mymetier.test/livewire-f00c2fb8/update","time_ms":31.79,"memory_mb":10.0} 
[2026-04-01 06:09:24] local.DEBUG: REQUEST TIME {"url":"http://mymetier.test/livewire-f00c2fb8/update","time_ms":21.13,"memory_mb":10.0} 
[2026-04-01 06:09:27] local.DEBUG: REQUEST TIME {"url":"http://mymetier.test/livewire-f00c2fb8/update","time_ms":31.05,"memory_mb":18.0} 
[2026-04-01 06:09:40] local.DEBUG: REQUEST TIME {"url":"http://mymetier.test/livewire-f00c2fb8/update","time_ms":50.88,"memory_mb":18.0} 
[2026-04-01 06:09:50] local.DEBUG: REQUEST TIME {"url":"http://mymetier.test/livewire-f00c2fb8/update","time_ms":70.05,"memory_mb":18.0} 
[2026-04-01 06:09:50] local.DEBUG: REQUEST TIME {"url":"http://mymetier.test/pro-dashboard","time_ms":20.99,"memory_mb":10.0} 
[2026-04-01 06:10:01] local.DEBUG: REQUEST TIME {"url":"http://mymetier.test/livewire-f00c2fb8/update","time_ms":31.09,"memory_mb":10.0} 
[2026-04-01 06:10:10] local.DEBUG: REQUEST TIME {"url":"http://mymetier.test/livewire-f00c2fb8/update","time_ms":32.94,"memory_mb":10.0} 
[2026-04-01 06:10:22] local.DEBUG: REQUEST TIME {"url":"http://mymetier.test/settings","time_ms":23926.42,"memory_mb":12.0} 
[2026-04-01 06:10:22] local.WARNING: SLOW REQUEST ALERT {"url":"http://mymetier.test/settings","time_ms":23926.42,"memory_mb":12.0} 
[2026-04-01 06:10:26] local.DEBUG: REQUEST TIME {"url":"http://mymetier.test/logout","time_ms":12.2,"memory_mb":8.0} 
[2026-04-01 06:10:26] local.DEBUG: REQUEST TIME {"url":"http://mymetier.test","time_ms":81.14,"memory_mb":10.0} 
[2026-04-01 06:10:28] local.DEBUG: REQUEST TIME {"url":"http://mymetier.test/login","time_ms":6.38,"memory_mb":10.0} 
[2026-04-01 06:10:39] local.DEBUG: REQUEST TIME {"url":"http://mymetier.test/livewire-f00c2fb8/update","time_ms":320.06,"memory_mb":10.0} 
[2026-04-01 06:10:40] local.DEBUG: REQUEST TIME {"url":"http://mymetier.test","time_ms":15.2,"memory_mb":10.0} 
[2026-04-01 06:10:59] local.DEBUG: REQUEST TIME {"url":"http://mymetier.test/admin/identity-document","time_ms":4.07,"memory_mb":16.0} 
[2026-04-01 06:11:31] local.DEBUG: REQUEST TIME {"url":"http://mymetier.test/livewire-f00c2fb8/update","time_ms":1874.61,"memory_mb":10.0} 
[2026-04-01 06:11:31] local.WARNING: SLOW REQUEST ALERT {"url":"http://mymetier.test/livewire-f00c2fb8/update","time_ms":1874.61,"memory_mb":10.0} 
[2026-04-01 06:11:40] local.DEBUG: REQUEST TIME {"url":"http://mymetier.test/livewire-f00c2fb8/update","time_ms":4052.52,"memory_mb":10.0} 
[2026-04-01 06:11:40] local.WARNING: SLOW REQUEST ALERT {"url":"http://mymetier.test/livewire-f00c2fb8/update","time_ms":4052.52,"memory_mb":10.0} 
[2026-04-01 06:11:48] local.DEBUG: REQUEST TIME {"url":"http://mymetier.test/livewire-f00c2fb8/update","time_ms":12.0,"memory_mb":8.0} 
[2026-04-01 06:14:40] local.DEBUG: REQUEST TIME {"url":"http://mymetier.test/logout","time_ms":17.56,"memory_mb":10.0} 
[2026-04-01 06:14:40] local.DEBUG: REQUEST TIME {"url":"http://mymetier.test","time_ms":14.74,"memory_mb":12.0} 
[2026-04-01 06:14:43] local.DEBUG: REQUEST TIME {"url":"http://mymetier.test/login","time_ms":6.43,"memory_mb":10.0} 
[2026-04-01 06:14:59] local.DEBUG: REQUEST TIME {"url":"http://mymetier.test/livewire-f00c2fb8/update","time_ms":323.08,"memory_mb":12.0} 
[2026-04-01 06:15:00] local.DEBUG: REQUEST TIME {"url":"http://mymetier.test","time_ms":20.23,"memory_mb":10.0} 
[2026-04-01 06:16:25] local.DEBUG: REQUEST TIME {"url":"http://mymetier.test/livewire-f00c2fb8/update","time_ms":15.41,"memory_mb":10.0} 
[2026-04-01 06:16:40] local.DEBUG: REQUEST TIME {"url":"http://mymetier.test/pro-dashboard","time_ms":33.49,"memory_mb":10.0} 
[2026-04-01 06:16:43] local.DEBUG: REQUEST TIME {"url":"http://mymetier.test/professionals/7","time_ms":43.02,"memory_mb":10.0} 
[2026-04-01 06:17:04] local.DEBUG: REQUEST TIME {"url":"http://mymetier.test/professionals/7","time_ms":49.2,"memory_mb":10.0} 
[2026-04-01 06:18:45] local.DEBUG: REQUEST TIME {"url":"http://mymetier.test","time_ms":23.47,"memory_mb":10.0} 
[2026-04-01 06:18:49] local.DEBUG: REQUEST TIME {"url":"http://mymetier.test/pro-dashboard","time_ms":19.27,"memory_mb":10.0} 
[2026-04-01 06:18:54] local.DEBUG: REQUEST TIME {"url":"http://mymetier.test/professionals/7","time_ms":46.0,"memory_mb":10.0} 
[2026-04-01 06:19:29] local.DEBUG: REQUEST TIME {"url":"http://mymetier.test/professionals/7","time_ms":47.92,"memory_mb":10.0} 
[2026-04-01 06:19:31] local.DEBUG: REQUEST TIME {"url":"http://mymetier.test/pro-dashboard","time_ms":22.24,"memory_mb":10.0} 
[2026-04-01 06:19:34] local.DEBUG: REQUEST TIME {"url":"http://mymetier.test/requests","time_ms":712.96,"memory_mb":10.0} 
[2026-04-01 06:19:34] local.WARNING: SLOW REQUEST ALERT {"url":"http://mymetier.test/requests","time_ms":712.96,"memory_mb":10.0} 
[2026-04-01 06:19:37] local.DEBUG: REQUEST TIME {"url":"http://mymetier.test","time_ms":26.12,"memory_mb":10.0} 
[2026-04-01 06:19:56] local.DEBUG: REQUEST TIME {"url":"http://mymetier.test/search","time_ms":44.09,"memory_mb":10.0} 
[2026-04-01 06:20:37] local.DEBUG: REQUEST TIME {"url":"http://mymetier.test","time_ms":132.19,"memory_mb":10.0} 
[2026-04-01 06:21:25] local.DEBUG: REQUEST TIME {"url":"http://mymetier.test/pro-dashboard","time_ms":17.26,"memory_mb":10.0} 
[2026-04-01 06:21:34] local.DEBUG: REQUEST TIME {"url":"http://mymetier.test/livewire-f00c2fb8/update","time_ms":19.47,"memory_mb":10.0} 
[2026-04-01 06:21:36] local.DEBUG: REQUEST TIME {"url":"http://mymetier.test/livewire-f00c2fb8/update","time_ms":20.17,"memory_mb":10.0} 
[2026-04-01 06:21:56] local.DEBUG: REQUEST TIME {"url":"http://mymetier.test/search","time_ms":61.83,"memory_mb":10.0} 
[2026-04-01 06:22:04] local.DEBUG: REQUEST TIME {"url":"http://mymetier.test/professionals/2","time_ms":75.49,"memory_mb":10.0} 
[2026-04-01 06:22:22] local.DEBUG: REQUEST TIME {"url":"http://mymetier.test/search","time_ms":57.22,"memory_mb":10.0} 
[2026-04-01 06:22:25] local.DEBUG: REQUEST TIME {"url":"http://mymetier.test/professionals/4","time_ms":89.86,"memory_mb":10.0} 
[2026-04-01 06:23:29] local.DEBUG: REQUEST TIME {"url":"http://mymetier.test/professionals/7","time_ms":53.37,"memory_mb":10.0} 
[2026-04-01 06:23:37] local.DEBUG: REQUEST TIME {"url":"http://mymetier.test/search","time_ms":46.0,"memory_mb":10.0} 
[2026-04-01 06:23:41] local.DEBUG: REQUEST TIME {"url":"http://mymetier.test/logout","time_ms":20.55,"memory_mb":10.0} 
[2026-04-01 06:23:41] local.DEBUG: REQUEST TIME {"url":"http://mymetier.test","time_ms":17.08,"memory_mb":10.0} 
[2026-04-01 06:23:43] local.DEBUG: REQUEST TIME {"url":"http://mymetier.test/register","time_ms":8.01,"memory_mb":10.0} 
[2026-04-01 06:23:52] local.DEBUG: REQUEST TIME {"url":"http://mymetier.test/login","time_ms":9.59,"memory_mb":10.0} 
[2026-04-01 06:23:54] local.DEBUG: REQUEST TIME {"url":"http://mymetier.test/login","time_ms":5.59,"memory_mb":8.0} 
[2026-04-01 23:31:29] local.WARNING: SLOW QUERY {"sql":"select * from \"sessions\" where \"id\" = ? limit 1","time":163.11} 
[2026-04-01 23:31:35] local.DEBUG: REQUEST TIME {"url":"http://mymetier.test","time_ms":5270.3,"memory_mb":12.0} 
[2026-04-01 23:31:35] local.WARNING: SLOW REQUEST ALERT {"url":"http://mymetier.test","time_ms":5270.3,"memory_mb":12.0} 
[2026-04-01 23:36:46] local.DEBUG: REQUEST TIME {"url":"http://mymetier.test/livewire-f00c2fb8/update","time_ms":575.04,"memory_mb":10.0} 
[2026-04-01 23:36:46] local.WARNING: SLOW REQUEST ALERT {"url":"http://mymetier.test/livewire-f00c2fb8/update","time_ms":575.04,"memory_mb":10.0} 
[2026-04-01 23:36:52] local.DEBUG: REQUEST TIME {"url":"http://mymetier.test/livewire-f00c2fb8/update","time_ms":14.0,"memory_mb":8.0} 
[2026-04-01 23:36:54] local.DEBUG: REQUEST TIME {"url":"http://mymetier.test/livewire-f00c2fb8/update","time_ms":33.48,"memory_mb":8.0} 
[2026-04-01 23:36:56] local.DEBUG: REQUEST TIME {"url":"http://mymetier.test/livewire-f00c2fb8/update","time_ms":15.01,"memory_mb":8.0} 
[2026-04-01 23:36:57] local.DEBUG: REQUEST TIME {"url":"http://mymetier.test/search","time_ms":443.18,"memory_mb":10.0} 
[2026-04-01 23:36:57] local.DEBUG: REQUEST TIME {"url":"http://mymetier.test/search","time_ms":2537.16,"memory_mb":10.0} 
[2026-04-01 23:36:57] local.WARNING: SLOW REQUEST ALERT {"url":"http://mymetier.test/search","time_ms":2537.16,"memory_mb":10.0} 
[2026-04-01 23:37:07] local.DEBUG: REQUEST TIME {"url":"http://mymetier.test/professionals/2","time_ms":1500.56,"memory_mb":10.0} 
[2026-04-01 23:37:07] local.WARNING: SLOW REQUEST ALERT {"url":"http://mymetier.test/professionals/2","time_ms":1500.56,"memory_mb":10.0} 
[2026-04-01 23:37:25] local.DEBUG: REQUEST TIME {"url":"http://mymetier.test/login","time_ms":115.62,"memory_mb":8.0} 
[2026-04-01 23:37:38] local.DEBUG: REQUEST TIME {"url":"http://mymetier.test/livewire-f00c2fb8/update","time_ms":906.5,"memory_mb":10.0} 
[2026-04-01 23:37:38] local.WARNING: SLOW REQUEST ALERT {"url":"http://mymetier.test/livewire-f00c2fb8/update","time_ms":906.5,"memory_mb":10.0} 
[2026-04-01 23:37:39] local.DEBUG: REQUEST TIME {"url":"http://mymetier.test","time_ms":107.77,"memory_mb":10.0} 
[2026-04-01 23:37:42] local.DEBUG: REQUEST TIME {"url":"http://mymetier.test/livewire-f00c2fb8/update","time_ms":12.47,"memory_mb":8.0} 
[2026-04-01 23:37:42] local.DEBUG: REQUEST TIME {"url":"http://mymetier.test/search","time_ms":54.25,"memory_mb":10.0} 
[2026-04-01 23:37:44] local.DEBUG: REQUEST TIME {"url":"http://mymetier.test/professionals/1","time_ms":66.06,"memory_mb":10.0} 
[2026-04-01 23:37:51] local.DEBUG: REQUEST TIME {"url":"http://mymetier.test/search","time_ms":34.81,"memory_mb":10.0} 
[2026-04-01 23:37:53] local.DEBUG: REQUEST TIME {"url":"http://mymetier.test/professionals/2","time_ms":51.45,"memory_mb":10.0} 
[2026-04-01 23:37:56] local.DEBUG: REQUEST TIME {"url":"http://mymetier.test/livewire-f00c2fb8/update","time_ms":93.84,"memory_mb":8.0} 
[2026-04-01 23:38:10] local.DEBUG: REQUEST TIME {"url":"http://mymetier.test/professionals/2","time_ms":84.63,"memory_mb":10.0} 
[2026-04-01 23:38:14] local.DEBUG: REQUEST TIME {"url":"http://mymetier.test/search","time_ms":31.93,"memory_mb":10.0} 
[2026-04-01 23:38:17] local.DEBUG: REQUEST TIME {"url":"http://mymetier.test/professionals/4","time_ms":40.9,"memory_mb":10.0} 
[2026-04-01 23:38:40] local.DEBUG: REQUEST TIME {"url":"http://mymetier.test/pro-dashboard","time_ms":2256.28,"memory_mb":10.0} 
[2026-04-01 23:38:40] local.WARNING: SLOW REQUEST ALERT {"url":"http://mymetier.test/pro-dashboard","time_ms":2256.28,"memory_mb":10.0} 
[2026-04-01 23:38:50] local.DEBUG: REQUEST TIME {"url":"http://mymetier.test/livewire-f00c2fb8/update","time_ms":25.57,"memory_mb":10.0} 
[2026-04-01 23:39:03] local.DEBUG: REQUEST TIME {"url":"http://mymetier.test/livewire-f00c2fb8/update","time_ms":28.02,"memory_mb":10.0} 
[2026-04-01 23:39:05] local.DEBUG: REQUEST TIME {"url":"http://mymetier.test/livewire-f00c2fb8/update","time_ms":16.83,"memory_mb":10.0} 
[2026-04-01 23:39:10] local.DEBUG: REQUEST TIME {"url":"http://mymetier.test/livewire-f00c2fb8/update","time_ms":32.28,"memory_mb":10.0} 
[2026-04-01 23:39:24] local.DEBUG: REQUEST TIME {"url":"http://mymetier.test/professionals/2","time_ms":66.29,"memory_mb":10.0} 
[2026-04-01 23:39:27] local.DEBUG: REQUEST TIME {"url":"http://mymetier.test/search","time_ms":34.49,"memory_mb":10.0} 
[2026-04-01 23:39:32] local.DEBUG: REQUEST TIME {"url":"http://mymetier.test/livewire-f00c2fb8/update","time_ms":87.55,"memory_mb":10.0} 
[2026-04-01 23:39:39] local.DEBUG: REQUEST TIME {"url":"http://mymetier.test/livewire-f00c2fb8/update","time_ms":47.99,"memory_mb":10.0} 
[2026-04-01 23:39:43] local.DEBUG: REQUEST TIME {"url":"http://mymetier.test/livewire-f00c2fb8/update","time_ms":29.97,"memory_mb":10.0} 
[2026-04-01 23:39:51] local.DEBUG: REQUEST TIME {"url":"http://mymetier.test/livewire-f00c2fb8/update","time_ms":35.38,"memory_mb":10.0} 
[2026-04-01 23:39:55] local.DEBUG: REQUEST TIME {"url":"http://mymetier.test/livewire-f00c2fb8/update","time_ms":36.96,"memory_mb":10.0} 
[2026-04-01 23:39:59] local.DEBUG: REQUEST TIME {"url":"http://mymetier.test/livewire-f00c2fb8/update","time_ms":34.17,"memory_mb":10.0} 
[2026-04-01 23:40:02] local.DEBUG: REQUEST TIME {"url":"http://mymetier.test/livewire-f00c2fb8/update","time_ms":67.52,"memory_mb":10.0} 
[2026-04-01 23:40:07] local.DEBUG: REQUEST TIME {"url":"http://mymetier.test/livewire-f00c2fb8/update","time_ms":37.09,"memory_mb":10.0} 
[2026-04-01 23:40:18] local.DEBUG: REQUEST TIME {"url":"http://mymetier.test/livewire-f00c2fb8/update","time_ms":35.03,"memory_mb":10.0} 
[2026-04-01 23:40:22] local.DEBUG: REQUEST TIME {"url":"http://mymetier.test/professionals/4","time_ms":61.43,"memory_mb":10.0} 
[2026-04-01 23:40:24] local.DEBUG: REQUEST TIME {"url":"http://mymetier.test/livewire-f00c2fb8/update","time_ms":54.0,"memory_mb":10.0} 
[2026-04-01 23:40:41] local.DEBUG: REQUEST TIME {"url":"http://mymetier.test","time_ms":27.51,"memory_mb":10.0} 
[2026-04-01 23:40:45] local.DEBUG: REQUEST TIME {"url":"http://mymetier.test/search","time_ms":33.22,"memory_mb":10.0} 
[2026-04-01 23:41:01] local.DEBUG: REQUEST TIME {"url":"http://mymetier.test/requests","time_ms":425.86,"memory_mb":10.0} 
[2026-04-01 23:41:21] local.DEBUG: REQUEST TIME {"url":"http://mymetier.test/search","time_ms":49.88,"memory_mb":10.0} 
[2026-04-01 23:41:24] local.DEBUG: REQUEST TIME {"url":"http://mymetier.test/requests","time_ms":28.23,"memory_mb":10.0} 
[2026-04-01 23:41:26] local.DEBUG: REQUEST TIME {"url":"http://mymetier.test/professionals/2","time_ms":33.12,"memory_mb":10.0} 
[2026-04-01 23:41:35] local.DEBUG: REQUEST TIME {"url":"http://mymetier.test/search","time_ms":35.05,"memory_mb":10.0} 
[2026-04-01 23:41:40] local.DEBUG: REQUEST TIME {"url":"http://mymetier.test/professionals/3","time_ms":56.28,"memory_mb":10.0} 
[2026-04-01 23:42:05] local.DEBUG: REQUEST TIME {"url":"http://mymetier.test/pro-dashboard","time_ms":22.71,"memory_mb":10.0} 
[2026-04-01 23:42:09] local.DEBUG: REQUEST TIME {"url":"http://mymetier.test/professionals/2","time_ms":56.02,"memory_mb":10.0} 
[2026-04-01 23:42:12] local.DEBUG: REQUEST TIME {"url":"http://mymetier.test/logout","time_ms":156.14,"memory_mb":8.0} 
[2026-04-01 23:42:12] local.DEBUG: REQUEST TIME {"url":"http://mymetier.test","time_ms":52.65,"memory_mb":10.0} 
[2026-04-01 23:42:15] local.DEBUG: REQUEST TIME {"url":"http://mymetier.test/register","time_ms":149.21,"memory_mb":10.0} 
[2026-04-01 23:42:50] local.DEBUG: REQUEST TIME {"url":"http://mymetier.test/livewire-f00c2fb8/update","time_ms":546.73,"memory_mb":10.0} 
[2026-04-01 23:42:50] local.WARNING: SLOW REQUEST ALERT {"url":"http://mymetier.test/livewire-f00c2fb8/update","time_ms":546.73,"memory_mb":10.0} 
[2026-04-01 23:42:50] local.DEBUG: REQUEST TIME {"url":"http://mymetier.test","time_ms":15.62,"memory_mb":10.0} 
[2026-04-01 23:42:53] local.DEBUG: REQUEST TIME {"url":"http://mymetier.test/search","time_ms":49.36,"memory_mb":10.0} 
[2026-04-01 23:42:57] local.DEBUG: REQUEST TIME {"url":"http://mymetier.test/professionals/7","time_ms":46.98,"memory_mb":10.0} 
[2026-04-01 23:43:04] local.DEBUG: REQUEST TIME {"url":"http://mymetier.test/dashboard","time_ms":1393.47,"memory_mb":10.0} 
[2026-04-01 23:43:04] local.WARNING: SLOW REQUEST ALERT {"url":"http://mymetier.test/dashboard","time_ms":1393.47,"memory_mb":10.0} 
[2026-04-01 23:43:21] local.DEBUG: REQUEST TIME {"url":"http://mymetier.test/livewire-f00c2fb8/update","time_ms":14.01,"memory_mb":10.0} 
[2026-04-01 23:43:37] local.DEBUG: REQUEST TIME {"url":"http://mymetier.test/upgrade","time_ms":1356.9,"memory_mb":10.0} 
[2026-04-01 23:43:37] local.WARNING: SLOW REQUEST ALERT {"url":"http://mymetier.test/upgrade","time_ms":1356.9,"memory_mb":10.0} 
[2026-04-01 23:45:25] local.DEBUG: REQUEST TIME {"url":"http://mymetier.test/livewire-f00c2fb8/update","time_ms":17.84,"memory_mb":10.0} 
[2026-04-01 23:45:36] local.DEBUG: REQUEST TIME {"url":"http://mymetier.test/livewire-f00c2fb8/update","time_ms":29.56,"memory_mb":10.0} 
[2026-04-01 23:46:14] local.DEBUG: REQUEST TIME {"url":"http://mymetier.test/livewire-f00c2fb8/update","time_ms":157.09,"memory_mb":10.0} 
[2026-04-01 23:46:16] local.DEBUG: REQUEST TIME {"url":"http://mymetier.test/livewire-f00c2fb8/upload-file","time_ms":1405.56,"memory_mb":20.0} 
[2026-04-01 23:46:16] local.WARNING: SLOW REQUEST ALERT {"url":"http://mymetier.test/livewire-f00c2fb8/upload-file","time_ms":1405.56,"memory_mb":20.0} 
[2026-04-01 23:46:17] local.DEBUG: REQUEST TIME {"url":"http://mymetier.test/livewire-f00c2fb8/update","time_ms":203.4,"memory_mb":10.0} 
[2026-04-01 23:46:41] local.DEBUG: REQUEST TIME {"url":"http://mymetier.test/livewire-f00c2fb8/update","time_ms":232.88,"memory_mb":18.0} 
[2026-04-01 23:46:41] local.DEBUG: REQUEST TIME {"url":"http://mymetier.test/pro-dashboard","time_ms":17.19,"memory_mb":10.0} 
[2026-04-01 23:46:49] local.DEBUG: REQUEST TIME {"url":"http://mymetier.test/livewire-f00c2fb8/update","time_ms":33.55,"memory_mb":10.0} 
[2026-04-01 23:46:58] local.DEBUG: REQUEST TIME {"url":"http://mymetier.test/livewire-f00c2fb8/update","time_ms":31.61,"memory_mb":10.0} 
[2026-04-01 23:47:03] local.DEBUG: REQUEST TIME {"url":"http://mymetier.test/logout","time_ms":16.03,"memory_mb":10.0} 
[2026-04-01 23:47:03] local.DEBUG: REQUEST TIME {"url":"http://mymetier.test","time_ms":16.34,"memory_mb":10.0} 
[2026-04-01 23:47:05] local.DEBUG: REQUEST TIME {"url":"http://mymetier.test/login","time_ms":6.85,"memory_mb":10.0} 
[2026-04-01 23:57:36] local.DEBUG: REQUEST TIME {"url":"http://mymetier.test/livewire-f00c2fb8/update","time_ms":317.02,"memory_mb":10.0} 
[2026-04-01 23:57:36] local.DEBUG: REQUEST TIME {"url":"http://mymetier.test","time_ms":57.4,"memory_mb":10.0} 
[2026-04-02 00:09:35] local.DEBUG: REQUEST TIME {"url":"http://mymetier.test/upgrade","time_ms":49.91,"memory_mb":10.0} 
[2026-04-02 00:09:35] local.DEBUG: REQUEST TIME {"url":"http://mymetier.test","time_ms":52.42,"memory_mb":10.0} 
[2026-04-02 00:09:39] local.DEBUG: REQUEST TIME {"url":"http://mymetier.test/upgrade","time_ms":4.92,"memory_mb":8.0} 
[2026-04-02 00:09:39] local.DEBUG: REQUEST TIME {"url":"http://mymetier.test","time_ms":13.84,"memory_mb":10.0} 
[2026-04-02 00:09:54] local.DEBUG: REQUEST TIME {"url":"http://mymetier.test/dashboard","time_ms":28.17,"memory_mb":10.0} 
[2026-04-02 00:13:31] local.DEBUG: REQUEST TIME {"url":"http://mymetier.test/admin/identity-document","time_ms":68.78,"memory_mb":16.0} 
[2026-04-02 00:13:47] local.DEBUG: REQUEST TIME {"url":"http://mymetier.test/livewire-f00c2fb8/update","time_ms":1690.45,"memory_mb":10.0} 
[2026-04-02 00:13:47] local.WARNING: SLOW REQUEST ALERT {"url":"http://mymetier.test/livewire-f00c2fb8/update","time_ms":1690.45,"memory_mb":10.0} 
[2026-04-02 00:13:51] local.DEBUG: REQUEST TIME {"url":"http://mymetier.test/livewire-f00c2fb8/update","time_ms":2999.68,"memory_mb":10.0} 
[2026-04-02 00:13:51] local.WARNING: SLOW REQUEST ALERT {"url":"http://mymetier.test/livewire-f00c2fb8/update","time_ms":2999.68,"memory_mb":10.0} 
[2026-04-02 00:13:59] local.DEBUG: REQUEST TIME {"url":"http://mymetier.test/livewire-f00c2fb8/update","time_ms":18.55,"memory_mb":8.0} 
[2026-04-02 00:14:17] local.DEBUG: REQUEST TIME {"url":"http://mymetier.test/admin/identity-document","time_ms":4.53,"memory_mb":18.0} 
[2026-04-02 00:14:18] local.DEBUG: REQUEST TIME {"url":"http://mymetier.test/livewire-f00c2fb8/update","time_ms":43.3,"memory_mb":10.0} 
[2026-04-02 00:14:20] local.DEBUG: REQUEST TIME {"url":"http://mymetier.test/livewire-f00c2fb8/update","time_ms":25.03,"memory_mb":10.0} 
[2026-04-02 00:14:23] local.DEBUG: REQUEST TIME {"url":"http://mymetier.test/admin/identity-document","time_ms":11.72,"memory_mb":18.0} 
[2026-04-02 00:14:24] local.DEBUG: REQUEST TIME {"url":"http://mymetier.test/livewire-f00c2fb8/update","time_ms":14.77,"memory_mb":10.0} 
[2026-04-02 00:14:26] local.DEBUG: REQUEST TIME {"url":"http://mymetier.test/livewire-f00c2fb8/update","time_ms":61.66,"memory_mb":12.0} 
[2026-04-02 00:14:34] local.DEBUG: REQUEST TIME {"url":"http://mymetier.test/livewire-f00c2fb8/update","time_ms":11.85,"memory_mb":8.0} 
